artist_name,song_title,wks,t10,pk,pk_streams,total_streams,chart_category,source_url
Lady Gaga,Die With A Smile,103,41,1,1784161,58308025,Spotify MY Weekly Chart,https://kworb.net/spotify/country/my_weekly_totals.html
Billie Eilish,BIRDS OF A FEATHER,116,55,1,964520,57511803,Spotify MY Weekly Chart,https://kworb.net/spotify/country/my_weekly_totals.html
The Weeknd,One Of The Girls,163,45,1,715443,55081965,Spotify MY Weekly Chart,https://kworb.net/spotify/country/my_weekly_totals.html
SZA,Kill Bill,161,51,1,1111449,53952284,Spotify MY Weekly Chart,https://kworb.net/spotify/country/my_weekly_totals.html
One Direction,Night Changes,382,9,4,568034,53807560,Spotify MY Weekly Chart,https://kworb.net/spotify/country/my_weekly_totals.html
Dhruv,double take,239,27,3,419441,53689400,Spotify MY Weekly Chart,https://kworb.net/spotify/country/my_weekly_totals.html
James Arthur,Say You Won't Let Go,470,26,1,259261,53652579,Spotify MY Weekly Chart,https://kworb.net/spotify/country/my_weekly_totals.html
Ruth B.,Dandelions,271,33,5,277123,53009735,Spotify MY Weekly Chart,https://kworb.net/spotify/country/my_weekly_totals.html
Fabio Asher,Rumah Singgah,217,35,3,460927,52650281,Spotify MY Weekly Chart,https://kworb.net/spotify/country/my_weekly_totals.html
Justin Bieber,Ghost,247,37,1,487902,51998084,Spotify MY Weekly Chart,https://kworb.net/spotify/country/my_weekly_totals.html
Nadhif Basalamah,penjaga hati,147,33,1,745284,50965931,Spotify MY Weekly Chart,https://kworb.net/spotify/country/my_weekly_totals.html
Ed Sheeran,Perfect,479,22,1,424709,49164692,Spotify MY Weekly Chart,https://kworb.net/spotify/country/my_weekly_totals.html
Anggi Marito,Tak Segampang Itu,151,40,1,813019,48567920,Spotify MY Weekly Chart,https://kworb.net/spotify/country/my_weekly_totals.html
Jung Kook,Seven,151,31,1,1455564,48406460,Spotify MY Weekly Chart,https://kworb.net/spotify/country/my_weekly_totals.html
Conan Gray,Heather,293,29,2,369139,47914983,Spotify MY Weekly Chart,https://kworb.net/spotify/country/my_weekly_totals.html
The Weeknd,Die For You,261,4,8,377183,47820289,Spotify MY Weekly Chart,https://kworb.net/spotify/country/my_weekly_totals.html
Arctic Monkeys,I Wanna Be Yours,213,5,9,381378,47214393,Spotify MY Weekly Chart,https://kworb.net/spotify/country/my_weekly_totals.html
Lewis Capaldi,Someone You Loved,316,47,1,398339,46740245,Spotify MY Weekly Chart,https://kworb.net/spotify/country/my_weekly_totals.html
Bruno Mars,Just the Way You Are,526,0,18,291766,45282329,Spotify MY Weekly Chart,https://kworb.net/spotify/country/my_weekly_totals.html
d4vd,Here With Me,188,26,2,533866,44592660,Spotify MY Weekly Chart,https://kworb.net/spotify/country/my_weekly_totals.html
Ariana Grande,we can't be friends (wait for your love),126,32,1,1098795,44236292,Spotify MY Weekly Chart,https://kworb.net/spotify/country/my_weekly_totals.html
Billie Eilish,WILDFLOWER,116,37,4,837229,44028311,Spotify MY Weekly Chart,https://kworb.net/spotify/country/my_weekly_totals.html
Henry Moodie,drunk text,152,35,1,977565,43760892,Spotify MY Weekly Chart,https://kworb.net/spotify/country/my_weekly_totals.html
Ed Sheeran,Photograph,565,20,1,172233,43380925,Spotify MY Weekly Chart,https://kworb.net/spotify/country/my_weekly_totals.html
Joji,Glimpse of Us,174,30,1,1864998,39849000,Spotify MY Weekly Chart,https://kworb.net/spotify/country/my_weekly_totals.html
The Kid LAROI,Stay,198,41,1,748982,39384077,Spotify MY Weekly Chart,https://kworb.net/spotify/country/my_weekly_totals.html
The Weeknd,Starboy,277,21,2,294545,39088501,Spotify MY Weekly Chart,https://kworb.net/spotify/country/my_weekly_totals.html
Mahalini,Sial,138,34,1,757084,39024304,Spotify MY Weekly Chart,https://kworb.net/spotify/country/my_weekly_totals.html
Coldplay,Yellow,481,1,7,423930,39008191,Spotify MY Weekly Chart,https://kworb.net/spotify/country/my_weekly_totals.html
Insomniacks,Sempurna,205,2,5,370587,38509384,Spotify MY Weekly Chart,https://kworb.net/spotify/country/my_weekly_totals.html
Charlie Puth,We Don't Talk Anymore,346,17,4,267871,37836830,Spotify MY Weekly Chart,https://kworb.net/spotify/country/my_weekly_totals.html
SZA,Snooze,184,5,7,424166,37743824,Spotify MY Weekly Chart,https://kworb.net/spotify/country/my_weekly_totals.html
New West,Those Eyes,202,0,12,323276,37479265,Spotify MY Weekly Chart,https://kworb.net/spotify/country/my_weekly_totals.html
The Walters,I Love You So,228,7,9,275543,37262071,Spotify MY Weekly Chart,https://kworb.net/spotify/country/my_weekly_totals.html
James Arthur,Car's Outside,171,12,6,449153,37115652,Spotify MY Weekly Chart,https://kworb.net/spotify/country/my_weekly_totals.html
Bruno Mars,Talking to the Moon,280,1,10,410943,36897307,Spotify MY Weekly Chart,https://kworb.net/spotify/country/my_weekly_totals.html
Olivia Rodrigo,traitor,262,0,12,240755,36850601,Spotify MY Weekly Chart,https://kworb.net/spotify/country/my_weekly_totals.html
SZA,Nobody Gets Me,180,7,9,431335,35964944,Spotify MY Weekly Chart,https://kworb.net/spotify/country/my_weekly_totals.html
The Chainsmokers,Closer,384,31,1,429599,35618917,Spotify MY Weekly Chart,https://kworb.net/spotify/country/my_weekly_totals.html
Billie Eilish,lovely,361,6,7,193945,34953106,Spotify MY Weekly Chart,https://kworb.net/spotify/country/my_weekly_totals.html
Bruno Mars,When I Was Your Man,418,0,16,328918,34928411,Spotify MY Weekly Chart,https://kworb.net/spotify/country/my_weekly_totals.html
ROSÉ,APT.,86,18,1,2944396,34711763,Spotify MY Weekly Chart,https://kworb.net/spotify/country/my_weekly_totals.html
Feby Putri,Runtuh,233,0,37,258514,34677429,Spotify MY Weekly Chart,https://kworb.net/spotify/country/my_weekly_totals.html
Taylor Swift,Cruel Summer,150,32,6,559156,34157757,Spotify MY Weekly Chart,https://kworb.net/spotify/country/my_weekly_totals.html
LAUV,I Like Me Better,377,0,16,255538,33652567,Spotify MY Weekly Chart,https://kworb.net/spotify/country/my_weekly_totals.html
Djo,End of Beginning,118,23,2,752227,33484882,Spotify MY Weekly Chart,https://kworb.net/spotify/country/my_weekly_totals.html
Mitski,My Love Mine All Mine,121,26,2,685579,33376519,Spotify MY Weekly Chart,https://kworb.net/spotify/country/my_weekly_totals.html
Olivia Rodrigo,happier,211,16,2,430041,33358328,Spotify MY Weekly Chart,https://kworb.net/spotify/country/my_weekly_totals.html
Nadhif Basalamah,bergema sampai selamanya,75,48,3,572029,32708141,Spotify MY Weekly Chart,https://kworb.net/spotify/country/my_weekly_totals.html
Maroon 5,Payphone,293,0,48,240427,31689517,Spotify MY Weekly Chart,https://kworb.net/spotify/country/my_weekly_totals.html
D’MASIV,Cinta Ini Membunuhku,220,0,35,249795,31483703,Spotify MY Weekly Chart,https://kworb.net/spotify/country/my_weekly_totals.html
Hyper Act,Hanya Aku,141,0,13,353715,31421419,Spotify MY Weekly Chart,https://kworb.net/spotify/country/my_weekly_totals.html
Tenxi,Garam & Madu (Sakit Dadaku),83,22,1,1125377,31241963,Spotify MY Weekly Chart,https://kworb.net/spotify/country/my_weekly_totals.html
Shawn Mendes,Treat You Better,327,18,4,376845,31054358,Spotify MY Weekly Chart,https://kworb.net/spotify/country/my_weekly_totals.html
Cigarettes After Sex,Apocalypse,230,0,46,225965,30548440,Spotify MY Weekly Chart,https://kworb.net/spotify/country/my_weekly_totals.html
Ernie Zakri,Masing Masing,97,23,2,850319,30544986,Spotify MY Weekly Chart,https://kworb.net/spotify/country/my_weekly_totals.html
The Chainsmokers,Something Just Like This,319,24,1,488853,30122360,Spotify MY Weekly Chart,https://kworb.net/spotify/country/my_weekly_totals.html
sombr,back to friends,72,41,4,638862,29853702,Spotify MY Weekly Chart,https://kworb.net/spotify/country/my_weekly_totals.html
Madison Beer,Reckless,183,26,1,497423,29846757,Spotify MY Weekly Chart,https://kworb.net/spotify/country/my_weekly_totals.html
Sabrina Carpenter,Espresso,97,25,1,906632,29834031,Spotify MY Weekly Chart,https://kworb.net/spotify/country/my_weekly_totals.html
Jin,Don’t Say You Love Me,49,39,1,1079205,29414867,Spotify MY Weekly Chart,https://kworb.net/spotify/country/my_weekly_totals.html
JVKE,golden hour,104,32,1,613525,29186367,Spotify MY Weekly Chart,https://kworb.net/spotify/country/my_weekly_totals.html
Mahalini,Sisa Rasa,179,0,18,313866,29165940,Spotify MY Weekly Chart,https://kworb.net/spotify/country/my_weekly_totals.html
Troye Sivan,Angel Baby,138,37,1,557990,29041376,Spotify MY Weekly Chart,https://kworb.net/spotify/country/my_weekly_totals.html
Insomniacks,Pulang,247,0,15,251763,29001857,Spotify MY Weekly Chart,https://kworb.net/spotify/country/my_weekly_totals.html
GIVĒON,Heartbreak Anniversary,200,18,1,484569,28888093,Spotify MY Weekly Chart,https://kworb.net/spotify/country/my_weekly_totals.html
Insomniacks,Reminisensi,120,11,3,649930,28848530,Spotify MY Weekly Chart,https://kworb.net/spotify/country/my_weekly_totals.html
Harry Styles,As It Was,124,23,1,525234,28741510,Spotify MY Weekly Chart,https://kworb.net/spotify/country/my_weekly_totals.html
Bruno Mars,That's What I Like,226,13,3,315750,28463978,Spotify MY Weekly Chart,https://kworb.net/spotify/country/my_weekly_totals.html
Keisya Levronka,Tak Ingin Usai,153,21,2,479107,28352515,Spotify MY Weekly Chart,https://kworb.net/spotify/country/my_weekly_totals.html
The Neighbourhood,Sweater Weather,321,0,18,187219,28298920,Spotify MY Weekly Chart,https://kworb.net/spotify/country/my_weekly_totals.html
Justin Bieber,Love Yourself,343,27,1,456760,28198849,Spotify MY Weekly Chart,https://kworb.net/spotify/country/my_weekly_totals.html
yung kai,blue,72,29,2,1092995,27912275,Spotify MY Weekly Chart,https://kworb.net/spotify/country/my_weekly_totals.html
Sabrina Carpenter,Nonsense,119,2,8,434597,27692356,Spotify MY Weekly Chart,https://kworb.net/spotify/country/my_weekly_totals.html
Post Malone,Sunflower - Spider-Man: Into the Spider-Verse,244,25,1,381791,27596092,Spotify MY Weekly Chart,https://kworb.net/spotify/country/my_weekly_totals.html
Lewis Capaldi,Before You Go,226,19,4,264179,27275972,Spotify MY Weekly Chart,https://kworb.net/spotify/country/my_weekly_totals.html
Raim Laode,Komang,159,0,12,367629,27142119,Spotify MY Weekly Chart,https://kworb.net/spotify/country/my_weekly_totals.html
SAMSONS,Kenangan Terindah,253,0,50,204621,27059410,Spotify MY Weekly Chart,https://kworb.net/spotify/country/my_weekly_totals.html
Fourtwnty,Mangu,68,20,1,1078880,27029605,Spotify MY Weekly Chart,https://kworb.net/spotify/country/my_weekly_totals.html
Jamie Miller,Here's Your Perfect,160,27,2,448026,26313263,Spotify MY Weekly Chart,https://kworb.net/spotify/country/my_weekly_totals.html
Lyodra,Pesan Terakhir,143,0,20,330785,26095708,Spotify MY Weekly Chart,https://kworb.net/spotify/country/my_weekly_totals.html
HUNTR/X,Golden,55,27,1,1098895,25485807,Spotify MY Weekly Chart,https://kworb.net/spotify/country/my_weekly_totals.html
Fabio Asher,Bertahan Terluka,158,6,6,304965,25446375,Spotify MY Weekly Chart,https://kworb.net/spotify/country/my_weekly_totals.html
Keane,Somewhere Only We Know,241,0,59,164337,25439395,Spotify MY Weekly Chart,https://kworb.net/spotify/country/my_weekly_totals.html
Cigarettes After Sex,Cry,179,0,29,259490,25302821,Spotify MY Weekly Chart,https://kworb.net/spotify/country/my_weekly_totals.html
Sam Smith,Too Good At Goodbyes,313,10,1,403119,25260227,Spotify MY Weekly Chart,https://kworb.net/spotify/country/my_weekly_totals.html
Ariana Grande,One Last Time,265,5,7,189956,25183700,Spotify MY Weekly Chart,https://kworb.net/spotify/country/my_weekly_totals.html
Maroon 5,Memories,179,24,1,621023,25171414,Spotify MY Weekly Chart,https://kworb.net/spotify/country/my_weekly_totals.html
H.E.R.,Best Part,302,0,50,187070,25140147,Spotify MY Weekly Chart,https://kworb.net/spotify/country/my_weekly_totals.html
Awdella,Tertawan Hati,110,17,6,442486,24872557,Spotify MY Weekly Chart,https://kworb.net/spotify/country/my_weekly_totals.html
Charlie Puth,Attention,185,21,2,336597,24396756,Spotify MY Weekly Chart,https://kworb.net/spotify/country/my_weekly_totals.html
Sufian Suhaimi,Di Matamu,215,4,2,243708,24249558,Spotify MY Weekly Chart,https://kworb.net/spotify/country/my_weekly_totals.html
Olivia Rodrigo,drivers license,151,22,1,518836,24012554,Spotify MY Weekly Chart,https://kworb.net/spotify/country/my_weekly_totals.html
JENNIE,like JENNIE,70,14,1,910391,23778890,Spotify MY Weekly Chart,https://kworb.net/spotify/country/my_weekly_totals.html
Miley Cyrus,Angels Like You,101,21,4,579812,23754347,Spotify MY Weekly Chart,https://kworb.net/spotify/country/my_weekly_totals.html
James Arthur,Rewrite The Stars,183,0,13,255432,23681675,Spotify MY Weekly Chart,https://kworb.net/spotify/country/my_weekly_totals.html
Halsey,Without Me,243,25,2,328305,23577667,Spotify MY Weekly Chart,https://kworb.net/spotify/country/my_weekly_totals.html
Bruno Mars,It Will Rain,159,0,16,346076,23551373,Spotify MY Weekly Chart,https://kworb.net/spotify/country/my_weekly_totals.html
Ara Johari,Menjaga Jodoh Orang Lain,82,9,6,691291,23537937,Spotify MY Weekly Chart,https://kworb.net/spotify/country/my_weekly_totals.html
The Lantis,Bunga Maaf,86,15,4,799881,23472607,Spotify MY Weekly Chart,https://kworb.net/spotify/country/my_weekly_totals.html
Ali Gatie,It's You,184,28,1,441473,23330506,Spotify MY Weekly Chart,https://kworb.net/spotify/country/my_weekly_totals.html
Shawn Mendes,Señorita,147,26,1,990287,23172270,Spotify MY Weekly Chart,https://kworb.net/spotify/country/my_weekly_totals.html
Noh Salleh,Rahsia Tuhan,88,8,5,665249,22944949,Spotify MY Weekly Chart,https://kworb.net/spotify/country/my_weekly_totals.html
Ghea Indrawari,Jiwa Yang Bersedih,87,25,2,701860,22666531,Spotify MY Weekly Chart,https://kworb.net/spotify/country/my_weekly_totals.html
Joji,SLOW DANCING IN THE DARK,275,0,20,194489,22446791,Spotify MY Weekly Chart,https://kworb.net/spotify/country/my_weekly_totals.html
Tate McRae,greedy,79,28,1,590761,22392765,Spotify MY Weekly Chart,https://kworb.net/spotify/country/my_weekly_totals.html
Ariana Grande,Stuck with U,163,21,1,501059,22320903,Spotify MY Weekly Chart,https://kworb.net/spotify/country/my_weekly_totals.html
Pink Sweat$,At My Worst,136,26,1,370372,22247763,Spotify MY Weekly Chart,https://kworb.net/spotify/country/my_weekly_totals.html
d4vd,Romantic Homicide,136,0,14,299131,21944323,Spotify MY Weekly Chart,https://kworb.net/spotify/country/my_weekly_totals.html
Anne-Marie,2002,268,10,5,214828,21811950,Spotify MY Weekly Chart,https://kworb.net/spotify/country/my_weekly_totals.html
Alec Benjamin,Let Me Down Slowly,252,0,15,175474,21770727,Spotify MY Weekly Chart,https://kworb.net/spotify/country/my_weekly_totals.html
Taylor Swift,Blank Space,210,0,29,227790,21745039,Spotify MY Weekly Chart,https://kworb.net/spotify/country/my_weekly_totals.html
Adele,Easy On Me,123,23,1,791397,21544593,Spotify MY Weekly Chart,https://kworb.net/spotify/country/my_weekly_totals.html
NewJeans,OMG,82,20,2,646902,21478835,Spotify MY Weekly Chart,https://kworb.net/spotify/country/my_weekly_totals.html
Dean Lewis,Be Alright,228,22,2,234715,21394845,Spotify MY Weekly Chart,https://kworb.net/spotify/country/my_weekly_totals.html
Tenxi,mejikuhibiniu,57,25,2,722656,21346425,Spotify MY Weekly Chart,https://kworb.net/spotify/country/my_weekly_totals.html
Gracie Abrams,That’s So True,87,9,5,616626,21267171,Spotify MY Weekly Chart,https://kworb.net/spotify/country/my_weekly_totals.html
Kendrick Lamar,luther,73,12,2,860705,21211455,Spotify MY Weekly Chart,https://kworb.net/spotify/country/my_weekly_totals.html
Silet Open Up,TABOLA BALE,55,25,1,832850,21148497,Spotify MY Weekly Chart,https://kworb.net/spotify/country/my_weekly_totals.html
BTS,Boy With Luv,162,18,1,791943,21145926,Spotify MY Weekly Chart,https://kworb.net/spotify/country/my_weekly_totals.html
Stephen Sanchez,Until I Found You,105,28,3,466566,20876349,Spotify MY Weekly Chart,https://kworb.net/spotify/country/my_weekly_totals.html
The Weeknd,Blinding Lights,190,22,5,283902,20776656,Spotify MY Weekly Chart,https://kworb.net/spotify/country/my_weekly_totals.html
Luqman Faiz,Kepuraanmu,190,0,29,225735,20765127,Spotify MY Weekly Chart,https://kworb.net/spotify/country/my_weekly_totals.html
Lord Huron,The Night We Met,123,0,24,279974,20730992,Spotify MY Weekly Chart,https://kworb.net/spotify/country/my_weekly_totals.html
Christina Perri,A Thousand Years,395,0,74,138756,20708211,Spotify MY Weekly Chart,https://kworb.net/spotify/country/my_weekly_totals.html
Aizat Amdan,Hanya Kau Yang Mampu,162,0,42,200300,20620661,Spotify MY Weekly Chart,https://kworb.net/spotify/country/my_weekly_totals.html
Tate McRae,you broke me first,161,25,4,273722,20560906,Spotify MY Weekly Chart,https://kworb.net/spotify/country/my_weekly_totals.html
Drama Band,Biarkanlah,159,0,59,192579,20282258,Spotify MY Weekly Chart,https://kworb.net/spotify/country/my_weekly_totals.html
Olivia Rodrigo,deja vu,156,12,3,418488,20031850,Spotify MY Weekly Chart,https://kworb.net/spotify/country/my_weekly_totals.html
Judika,Bagaimana Kalau Aku Tidak Baik Baik Saja,157,0,30,250980,20001700,Spotify MY Weekly Chart,https://kworb.net/spotify/country/my_weekly_totals.html
IamNeeta,Sakit,227,0,85,170500,20001006,Spotify MY Weekly Chart,https://kworb.net/spotify/country/my_weekly_totals.html
Mahalini,Bohongi Hati,128,0,25,256890,19971479,Spotify MY Weekly Chart,https://kworb.net/spotify/country/my_weekly_totals.html
Naim Daniel,Sumpah,188,5,9,236516,19914630,Spotify MY Weekly Chart,https://kworb.net/spotify/country/my_weekly_totals.html
SZA,Saturn,84,7,7,577520,19798885,Spotify MY Weekly Chart,https://kworb.net/spotify/country/my_weekly_totals.html
Batas Senja,Nanti Kita Seperti Ini,126,0,26,251412,19704513,Spotify MY Weekly Chart,https://kworb.net/spotify/country/my_weekly_totals.html
KATSEYE,Gabriela,59,20,6,534958,19444297,Spotify MY Weekly Chart,https://kworb.net/spotify/country/my_weekly_totals.html
Charlie Puth,Left and Right (Feat. Jung Kook of BTS),94,13,2,535624,19398667,Spotify MY Weekly Chart,https://kworb.net/spotify/country/my_weekly_totals.html
Andmesh,Anugerah Terindah,85,5,5,715319,19396240,Spotify MY Weekly Chart,https://kworb.net/spotify/country/my_weekly_totals.html
Hindia,Rumah Ke Rumah,130,0,50,195410,19260697,Spotify MY Weekly Chart,https://kworb.net/spotify/country/my_weekly_totals.html
Sufian Suhaimi,Terasa Ada,139,0,30,254951,19149948,Spotify MY Weekly Chart,https://kworb.net/spotify/country/my_weekly_totals.html
NewJeans,Ditto,80,17,2,675375,19132560,Spotify MY Weekly Chart,https://kworb.net/spotify/country/my_weekly_totals.html
Benson Boone,In The Stars,145,0,41,195926,19033311,Spotify MY Weekly Chart,https://kworb.net/spotify/country/my_weekly_totals.html
Why Don't We,8 Letters,207,4,6,177181,18850018,Spotify MY Weekly Chart,https://kworb.net/spotify/country/my_weekly_totals.html
ILLIT,Magnetic,64,13,1,942542,18720500,Spotify MY Weekly Chart,https://kworb.net/spotify/country/my_weekly_totals.html
Aziz Hedra,Somebody's Pleasure,90,1,10,366795,18570445,Spotify MY Weekly Chart,https://kworb.net/spotify/country/my_weekly_totals.html
Taylor Swift,Enchanted,124,0,13,237085,18547880,Spotify MY Weekly Chart,https://kworb.net/spotify/country/my_weekly_totals.html
Ed Sheeran,Shape of You,161,27,1,521647,18438615,Spotify MY Weekly Chart,https://kworb.net/spotify/country/my_weekly_totals.html
The Marías,No One Noticed,93,0,27,278025,18423900,Spotify MY Weekly Chart,https://kworb.net/spotify/country/my_weekly_totals.html
Post Malone,Circles,143,24,2,396705,18416027,Spotify MY Weekly Chart,https://kworb.net/spotify/country/my_weekly_totals.html
Gigi Perez,Sailor Song,98,0,33,240012,18066411,Spotify MY Weekly Chart,https://kworb.net/spotify/country/my_weekly_totals.html
Glass Animals,Heat Waves,110,26,2,327058,17977773,Spotify MY Weekly Chart,https://kworb.net/spotify/country/my_weekly_totals.html
Taylor Swift,The Fate of Ophelia,44,23,1,645137,17897995,Spotify MY Weekly Chart,https://kworb.net/spotify/country/my_weekly_totals.html
Taylor Swift,Lover,170,4,2,417306,17774247,Spotify MY Weekly Chart,https://kworb.net/spotify/country/my_weekly_totals.html
FIFTY FIFTY,Cupid - Twin Ver.,50,16,1,810389,17756661,Spotify MY Weekly Chart,https://kworb.net/spotify/country/my_weekly_totals.html
Calum Scott,You Are The Reason,213,13,7,173056,17716135,Spotify MY Weekly Chart,https://kworb.net/spotify/country/my_weekly_totals.html
LEEHI,ONLY,118,18,1,559818,17671719,Spotify MY Weekly Chart,https://kworb.net/spotify/country/my_weekly_totals.html
Bruno Mars,Locked out of Heaven,139,0,29,269087,17647948,Spotify MY Weekly Chart,https://kworb.net/spotify/country/my_weekly_totals.html
Alpha,P Ramlee Saloma,48,14,1,817072,17521869,Spotify MY Weekly Chart,https://kworb.net/spotify/country/my_weekly_totals.html
Naykilla,Kasih Aba Aba,53,10,7,520222,17467110,Spotify MY Weekly Chart,https://kworb.net/spotify/country/my_weekly_totals.html
Bruno Mars,Risk It All,23,23,1,1327172,17455138,Spotify MY Weekly Chart,https://kworb.net/spotify/country/my_weekly_totals.html
Daniel Caesar,Always,136,0,62,198390,17439477,Spotify MY Weekly Chart,https://kworb.net/spotify/country/my_weekly_totals.html
Projector Band,Sudah Ku Tahu,175,5,7,176322,17438194,Spotify MY Weekly Chart,https://kworb.net/spotify/country/my_weekly_totals.html
Nadeera,Bukan Lagi Kita,50,16,2,804337,17420175,Spotify MY Weekly Chart,https://kworb.net/spotify/country/my_weekly_totals.html
Kendrick Lamar,All The Stars,122,9,1,448579,17384760,Spotify MY Weekly Chart,https://kworb.net/spotify/country/my_weekly_totals.html
Nadhif Basalamah,kota ini tak sama tanpamu,34,28,1,761748,17366984,Spotify MY Weekly Chart,https://kworb.net/spotify/country/my_weekly_totals.html
BTS,Dynamite,109,25,1,738637,17312752,Spotify MY Weekly Chart,https://kworb.net/spotify/country/my_weekly_totals.html
BLACKPINK,How You Like That,110,19,1,1054700,16258930,Spotify MY Weekly Chart,https://kworb.net/spotify/country/my_weekly_totals.html
Dalia Farhana,Langit Yang Sama,87,4,7,417746,16152127,Spotify MY Weekly Chart,https://kworb.net/spotify/country/my_weekly_totals.html
Projector Band,Sinar Pelangi,70,5,6,514358,16129585,Spotify MY Weekly Chart,https://kworb.net/spotify/country/my_weekly_totals.html
NewJeans,Super Shy,61,15,2,800766,16055763,Spotify MY Weekly Chart,https://kworb.net/spotify/country/my_weekly_totals.html
Ariana Grande,"thank u, next",159,17,1,610974,15932558,Spotify MY Weekly Chart,https://kworb.net/spotify/country/my_weekly_totals.html
For Revenge,Serana,109,0,54,202463,15882654,Spotify MY Weekly Chart,https://kworb.net/spotify/country/my_weekly_totals.html
Luqman Podolski,Mungkin Aku Tak Penting?,83,0,19,284003,15844578,Spotify MY Weekly Chart,https://kworb.net/spotify/country/my_weekly_totals.html
Metro Boomin,Creepin',70,13,3,451167,15747975,Spotify MY Weekly Chart,https://kworb.net/spotify/country/my_weekly_totals.html
Bazzi,I.F.L.Y.,127,17,2,427071,15714545,Spotify MY Weekly Chart,https://kworb.net/spotify/country/my_weekly_totals.html
ZAYN,Dusk Till Dawn,180,17,1,392989,15644911,Spotify MY Weekly Chart,https://kworb.net/spotify/country/my_weekly_totals.html
ROSÉ,number one girl,64,6,3,856097,15573117,Spotify MY Weekly Chart,https://kworb.net/spotify/country/my_weekly_totals.html
DJ Snake,Let Me Love You,126,22,2,286100,15552783,Spotify MY Weekly Chart,https://kworb.net/spotify/country/my_weekly_totals.html
Amir Jahari,Hasrat (OST Imaginur),76,8,4,582142,15520099,Spotify MY Weekly Chart,https://kworb.net/spotify/country/my_weekly_totals.html
NewJeans,Hype Boy,83,0,12,328967,15478571,Spotify MY Weekly Chart,https://kworb.net/spotify/country/my_weekly_totals.html
Andra & The Backbone,Sempurna,130,0,68,170372,15419099,Spotify MY Weekly Chart,https://kworb.net/spotify/country/my_weekly_totals.html
Alan Walker,Faded,218,33,1,192091,15311114,Spotify MY Weekly Chart,https://kworb.net/spotify/country/my_weekly_totals.html
Sabrina Carpenter,Please Please Please,49,17,2,728873,15297646,Spotify MY Weekly Chart,https://kworb.net/spotify/country/my_weekly_totals.html
Mahalini,Bawa Dia Kembali,99,0,20,283981,15280560,Spotify MY Weekly Chart,https://kworb.net/spotify/country/my_weekly_totals.html
Ariana Grande,7 rings,150,13,1,523979,15199515,Spotify MY Weekly Chart,https://kworb.net/spotify/country/my_weekly_totals.html
Hyper Act,Harapan,103,0,65,197540,15166238,Spotify MY Weekly Chart,https://kworb.net/spotify/country/my_weekly_totals.html
Justin Bieber,Beauty And A Beat,61,17,1,999360,15139347,Spotify MY Weekly Chart,https://kworb.net/spotify/country/my_weekly_totals.html
Jimin,Who,53,16,4,505415,15075515,Spotify MY Weekly Chart,https://kworb.net/spotify/country/my_weekly_totals.html
Taylor Swift,cardigan,120,3,3,335702,15044796,Spotify MY Weekly Chart,https://kworb.net/spotify/country/my_weekly_totals.html
Ravyn Lenae,Love Me Not,67,0,16,321151,15001380,Spotify MY Weekly Chart,https://kworb.net/spotify/country/my_weekly_totals.html
Cakra Khan,Kekasih Bayangan,96,0,21,297569,14773917,Spotify MY Weekly Chart,https://kworb.net/spotify/country/my_weekly_totals.html
BLACKPINK,Kill This Love,126,13,1,995330,14767972,Spotify MY Weekly Chart,https://kworb.net/spotify/country/my_weekly_totals.html
OneRepublic,I Ain't Worried,80,12,8,342460,14717981,Spotify MY Weekly Chart,https://kworb.net/spotify/country/my_weekly_totals.html
Tones And I,Dance Monkey,84,21,1,526329,14659013,Spotify MY Weekly Chart,https://kworb.net/spotify/country/my_weekly_totals.html
Judika,Aku Yang Tersakiti,115,0,59,174574,14651109,Spotify MY Weekly Chart,https://kworb.net/spotify/country/my_weekly_totals.html
Hyper Act,Takkan Pergi,135,0,54,227958,14645329,Spotify MY Weekly Chart,https://kworb.net/spotify/country/my_weekly_totals.html
Bruno Mars,Leave The Door Open,94,16,1,493668,14535416,Spotify MY Weekly Chart,https://kworb.net/spotify/country/my_weekly_totals.html
BLACKPINK,Pink Venom,61,10,1,958134,14477822,Spotify MY Weekly Chart,https://kworb.net/spotify/country/my_weekly_totals.html
SZA,Open Arms,105,0,53,204621,14419721,Spotify MY Weekly Chart,https://kworb.net/spotify/country/my_weekly_totals.html
ROSÉ,toxic till the end,54,5,3,845823,14400081,Spotify MY Weekly Chart,https://kworb.net/spotify/country/my_weekly_totals.html
ALYPH,Ingat,58,2,10,378873,14387043,Spotify MY Weekly Chart,https://kworb.net/spotify/country/my_weekly_totals.html
Sufian Suhaimi,Terakhir,153,0,18,171153,14358304,Spotify MY Weekly Chart,https://kworb.net/spotify/country/my_weekly_totals.html
Jung Kook,3D,80,6,3,515488,14314877,Spotify MY Weekly Chart,https://kworb.net/spotify/country/my_weekly_totals.html
Piche Kota,Bahagia Lagi,28,24,2,640447,14284175,Spotify MY Weekly Chart,https://kworb.net/spotify/country/my_weekly_totals.html
Taylor Swift,Anti-Hero,76,7,1,611892,14275581,Spotify MY Weekly Chart,https://kworb.net/spotify/country/my_weekly_totals.html
LISA,MONEY,91,17,1,532382,14176053,Spotify MY Weekly Chart,https://kworb.net/spotify/country/my_weekly_totals.html
The 1975,About You,104,0,85,180236,14029550,Spotify MY Weekly Chart,https://kworb.net/spotify/country/my_weekly_totals.html
Troye Sivan,Strawberries & Cigarettes,165,0,29,137976,14001667,Spotify MY Weekly Chart,https://kworb.net/spotify/country/my_weekly_totals.html
Idgitaf,Sedia Aku Sebelum Hujan,35,15,1,692439,13876700,Spotify MY Weekly Chart,https://kworb.net/spotify/country/my_weekly_totals.html
Noah,Separuh Aku,111,0,70,187439,13770423,Spotify MY Weekly Chart,https://kworb.net/spotify/country/my_weekly_totals.html
Bazzi,Beautiful,119,23,1,292512,13765912,Spotify MY Weekly Chart,https://kworb.net/spotify/country/my_weekly_totals.html
Chase Atlantic,Swim,105,0,19,387266,13725610,Spotify MY Weekly Chart,https://kworb.net/spotify/country/my_weekly_totals.html
Aizat Amdan,Lagu Kita,100,0,56,198222,13698081,Spotify MY Weekly Chart,https://kworb.net/spotify/country/my_weekly_totals.html
Raim Laode,Lesung Pipi,69,0,27,255311,13690835,Spotify MY Weekly Chart,https://kworb.net/spotify/country/my_weekly_totals.html
Billie Eilish,"What Was I Made For? [From The Motion Picture ""Barbie""]",70,8,4,530674,13628898,Spotify MY Weekly Chart,https://kworb.net/spotify/country/my_weekly_totals.html
yuji,Old Love,77,1,10,323743,13609706,Spotify MY Weekly Chart,https://kworb.net/spotify/country/my_weekly_totals.html
Hafiz Suip,Bahagiamu Deritaku,60,0,14,350832,13581050,Spotify MY Weekly Chart,https://kworb.net/spotify/country/my_weekly_totals.html
Mahalini,Mati-Matian,58,1,10,379359,13443813,Spotify MY Weekly Chart,https://kworb.net/spotify/country/my_weekly_totals.html
The Weeknd,Timeless,71,0,23,339833,13406406,Spotify MY Weekly Chart,https://kworb.net/spotify/country/my_weekly_totals.html
BLACKPINK,Shut Down,57,8,1,865331,13309046,Spotify MY Weekly Chart,https://kworb.net/spotify/country/my_weekly_totals.html
Ariana Grande,positions,113,16,1,408145,13254881,Spotify MY Weekly Chart,https://kworb.net/spotify/country/my_weekly_totals.html
Harry Styles,Watermelon Sugar,133,6,6,235266,13217652,Spotify MY Weekly Chart,https://kworb.net/spotify/country/my_weekly_totals.html
Rombongan Bodonk Koplo,Calon Mantu Idaman,44,8,5,574583,13199953,Spotify MY Weekly Chart,https://kworb.net/spotify/country/my_weekly_totals.html
Ariana Grande,intro (end of the world),51,4,6,578710,13169620,Spotify MY Weekly Chart,https://kworb.net/spotify/country/my_weekly_totals.html
wave to earth,seasons,97,0,34,215395,13144259,Spotify MY Weekly Chart,https://kworb.net/spotify/country/my_weekly_totals.html
Seventeen,Untuk Mencintaimu,107,0,55,198859,13084757,Spotify MY Weekly Chart,https://kworb.net/spotify/country/my_weekly_totals.html
keshi,LIMBO,70,0,15,336141,13037792,Spotify MY Weekly Chart,https://kworb.net/spotify/country/my_weekly_totals.html
Jeremy Zucker,comethru,170,0,27,156165,13016677,Spotify MY Weekly Chart,https://kworb.net/spotify/country/my_weekly_totals.html
Doja Cat,Kiss Me More,76,16,1,374265,12942703,Spotify MY Weekly Chart,https://kworb.net/spotify/country/my_weekly_totals.html
Justin Bieber,Peaches,83,11,2,466920,12859420,Spotify MY Weekly Chart,https://kworb.net/spotify/country/my_weekly_totals.html
KATSEYE,Touch,68,1,9,430888,12755687,Spotify MY Weekly Chart,https://kworb.net/spotify/country/my_weekly_totals.html
Olivia Rodrigo,vampire,52,9,6,463083,12528990,Spotify MY Weekly Chart,https://kworb.net/spotify/country/my_weekly_totals.html
MASDO,Pujaanku,61,2,10,335201,12514140,Spotify MY Weekly Chart,https://kworb.net/spotify/country/my_weekly_totals.html
Dua Lipa,Don't Start Now,106,19,5,295169,12396517,Spotify MY Weekly Chart,https://kworb.net/spotify/country/my_weekly_totals.html
SLANDER,Love Is Gone - Acoustic,107,4,7,213449,12367349,Spotify MY Weekly Chart,https://kworb.net/spotify/country/my_weekly_totals.html
Pamungkas,Monolog,57,0,24,287150,12357740,Spotify MY Weekly Chart,https://kworb.net/spotify/country/my_weekly_totals.html
Chris Brown,Under The Influence,72,5,8,348504,12318927,Spotify MY Weekly Chart,https://kworb.net/spotify/country/my_weekly_totals.html
The Weeknd,Save Your Tears,129,9,3,235100,12277014,Spotify MY Weekly Chart,https://kworb.net/spotify/country/my_weekly_totals.html
Camila Cabello,Havana,109,26,1,358084,12249267,Spotify MY Weekly Chart,https://kworb.net/spotify/country/my_weekly_totals.html
SIENNA SPIRO,Die On This Hill,34,12,2,656835,12183365,Spotify MY Weekly Chart,https://kworb.net/spotify/country/my_weekly_totals.html
BTS,Life Goes On,82,16,1,795758,12178745,Spotify MY Weekly Chart,https://kworb.net/spotify/country/my_weekly_totals.html
Lana Del Rey,Cinnamon Girl,78,0,52,211234,12172142,Spotify MY Weekly Chart,https://kworb.net/spotify/country/my_weekly_totals.html
The Script,The Man Who Can't Be Moved,135,0,29,273032,12146914,Spotify MY Weekly Chart,https://kworb.net/spotify/country/my_weekly_totals.html
Sheila On 7,Dan...,67,0,24,317288,12133724,Spotify MY Weekly Chart,https://kworb.net/spotify/country/my_weekly_totals.html
Katy Perry,The One That Got Away,39,15,2,642061,12080007,Spotify MY Weekly Chart,https://kworb.net/spotify/country/my_weekly_totals.html
Ed Sheeran,Beautiful People,97,14,3,406253,11844693,Spotify MY Weekly Chart,https://kworb.net/spotify/country/my_weekly_totals.html
Coldplay,The Scientist,271,0,38,214563,11821218,Spotify MY Weekly Chart,https://kworb.net/spotify/country/my_weekly_totals.html
Powfu,death bed,88,21,1,427122,11803344,Spotify MY Weekly Chart,https://kworb.net/spotify/country/my_weekly_totals.html
MikkyZia,Aku Dah Lupa,43,9,4,628366,11790937,Spotify MY Weekly Chart,https://kworb.net/spotify/country/my_weekly_totals.html
Dua Lipa,Levitating,101,1,9,224739,11769065,Spotify MY Weekly Chart,https://kworb.net/spotify/country/my_weekly_totals.html
Ed Sheeran,I Don't Care,88,13,1,479925,11744442,Spotify MY Weekly Chart,https://kworb.net/spotify/country/my_weekly_totals.html
The Weeknd,Is There Someone Else?,104,0,37,151368,11739028,Spotify MY Weekly Chart,https://kworb.net/spotify/country/my_weekly_totals.html
Billie Eilish,Happier Than Ever,80,3,7,313340,11619048,Spotify MY Weekly Chart,https://kworb.net/spotify/country/my_weekly_totals.html
Lady Gaga,Shallow,141,2,10,217245,11551759,Spotify MY Weekly Chart,https://kworb.net/spotify/country/my_weekly_totals.html
Taylor Swift,Style,86,0,34,210698,11537234,Spotify MY Weekly Chart,https://kworb.net/spotify/country/my_weekly_totals.html
"Tyler, The Creator",See You Again,92,0,72,162029,11521649,Spotify MY Weekly Chart,https://kworb.net/spotify/country/my_weekly_totals.html
JENNIE,Mantra,53,7,3,857463,11507412,Spotify MY Weekly Chart,https://kworb.net/spotify/country/my_weekly_totals.html
Olivia Rodrigo,good 4 u,73,10,2,458061,11470150,Spotify MY Weekly Chart,https://kworb.net/spotify/country/my_weekly_totals.html
Billie Eilish,bad guy,90,15,2,303303,11418204,Spotify MY Weekly Chart,https://kworb.net/spotify/country/my_weekly_totals.html
Sarah Suhairi,SAH,44,7,2,731479,11389627,Spotify MY Weekly Chart,https://kworb.net/spotify/country/my_weekly_totals.html
BTS,Butter,63,11,1,976166,11367921,Spotify MY Weekly Chart,https://kworb.net/spotify/country/my_weekly_totals.html
Fieya Julia,Perasaanku,118,0,59,155095,11330055,Spotify MY Weekly Chart,https://kworb.net/spotify/country/my_weekly_totals.html
K-Clique,Mimpi,80,19,6,324028,11316545,Spotify MY Weekly Chart,https://kworb.net/spotify/country/my_weekly_totals.html
Sam Smith,I'm Not The Only One,255,2,6,151499,11306596,Spotify MY Weekly Chart,https://kworb.net/spotify/country/my_weekly_totals.html
Arizona Zervas,ROXANNE,71,20,3,434982,11240917,Spotify MY Weekly Chart,https://kworb.net/spotify/country/my_weekly_totals.html
Olivia Dean,So Easy (To Fall In Love),42,0,11,376858,11223892,Spotify MY Weekly Chart,https://kworb.net/spotify/country/my_weekly_totals.html
BLACKPINK,Lovesick Girls,91,10,1,870813,11150145,Spotify MY Weekly Chart,https://kworb.net/spotify/country/my_weekly_totals.html
LAUV,i'm so tired...,112,12,3,278783,11119490,Spotify MY Weekly Chart,https://kworb.net/spotify/country/my_weekly_totals.html
Coldplay,Viva La Vida,139,0,13,338701,10994688,Spotify MY Weekly Chart,https://kworb.net/spotify/country/my_weekly_totals.html
Andmesh,Cinta Luar Biasa,95,0,11,234384,10986058,Spotify MY Weekly Chart,https://kworb.net/spotify/country/my_weekly_totals.html
Justin Bieber,Intentions,82,22,1,404791,10985334,Spotify MY Weekly Chart,https://kworb.net/spotify/country/my_weekly_totals.html
Bernadya,"Untungnya, Hidup Harus Tetap Berjalan",41,5,3,469118,10981282,Spotify MY Weekly Chart,https://kworb.net/spotify/country/my_weekly_totals.html
BABYMONSTER,SHEESH,45,7,5,632639,10965576,Spotify MY Weekly Chart,https://kworb.net/spotify/country/my_weekly_totals.html
Justin Bieber,Confident - Single Version,70,0,16,413925,10963110,Spotify MY Weekly Chart,https://kworb.net/spotify/country/my_weekly_totals.html
Trevor Daniel,Falling,74,20,2,389983,10959089,Spotify MY Weekly Chart,https://kworb.net/spotify/country/my_weekly_totals.html
Lil Nas X,INDUSTRY BABY,60,17,5,334816,10933927,Spotify MY Weekly Chart,https://kworb.net/spotify/country/my_weekly_totals.html
JENNIE,SOLO,107,17,2,374854,10922821,Spotify MY Weekly Chart,https://kworb.net/spotify/country/my_weekly_totals.html
BLACKPINK,JUMP,36,6,2,995237,10901924,Spotify MY Weekly Chart,https://kworb.net/spotify/country/my_weekly_totals.html
The Goo Goo Dolls,Iris,103,0,85,166925,10892062,Spotify MY Weekly Chart,https://kworb.net/spotify/country/my_weekly_totals.html
Saixse,Malampagi,40,11,3,612975,10823527,Spotify MY Weekly Chart,https://kworb.net/spotify/country/my_weekly_totals.html
JISOO,FLOWER,42,10,1,787744,10739188,Spotify MY Weekly Chart,https://kworb.net/spotify/country/my_weekly_totals.html
Sal Priadi,Ada titik-titik di ujung doa,25,19,5,582380,10725039,Spotify MY Weekly Chart,https://kworb.net/spotify/country/my_weekly_totals.html
Maroon 5,Girls Like You,97,16,1,338933,10707371,Spotify MY Weekly Chart,https://kworb.net/spotify/country/my_weekly_totals.html
Chappell Roan,"Good Luck, Babe!",52,0,16,328843,10697287,Spotify MY Weekly Chart,https://kworb.net/spotify/country/my_weekly_totals.html
V,Winter Ahead,58,0,19,329996,10642954,Spotify MY Weekly Chart,https://kworb.net/spotify/country/my_weekly_totals.html
BLACKPINK,As If It's Your Last,191,1,6,175621,10632779,Spotify MY Weekly Chart,https://kworb.net/spotify/country/my_weekly_totals.html
Mario G klau,Semata Karenamu,53,0,11,336245,10562276,Spotify MY Weekly Chart,https://kworb.net/spotify/country/my_weekly_totals.html
Dan + Shay,"10,000 Hours",123,3,8,285356,10498198,Spotify MY Weekly Chart,https://kworb.net/spotify/country/my_weekly_totals.html
Daniel Caesar,Who Knows,40,0,18,323276,10436703,Spotify MY Weekly Chart,https://kworb.net/spotify/country/my_weekly_totals.html
Coldplay,My Universe,71,8,5,492549,10399491,Spotify MY Weekly Chart,https://kworb.net/spotify/country/my_weekly_totals.html
Alan Walker,On My Way,74,17,1,364604,10346596,Spotify MY Weekly Chart,https://kworb.net/spotify/country/my_weekly_totals.html
Ed Sheeran,Thinking out Loud,248,31,1,75792,10340673,Spotify MY Weekly Chart,https://kworb.net/spotify/country/my_weekly_totals.html
Selena Gomez,Lose You To Love Me,111,9,2,478163,10263519,Spotify MY Weekly Chart,https://kworb.net/spotify/country/my_weekly_totals.html
The Weeknd,Call Out My Name,99,8,1,308447,10242294,Spotify MY Weekly Chart,https://kworb.net/spotify/country/my_weekly_totals.html
HYBS,Tip Toe,59,0,15,347379,10203839,Spotify MY Weekly Chart,https://kworb.net/spotify/country/my_weekly_totals.html
Red Velvet,Psycho,107,5,3,428585,10162303,Spotify MY Weekly Chart,https://kworb.net/spotify/country/my_weekly_totals.html
Madison Beer,bittersweet,37,10,7,465644,10149442,Spotify MY Weekly Chart,https://kworb.net/spotify/country/my_weekly_totals.html
Tenxi,Bintang 5,37,6,10,464523,10127279,Spotify MY Weekly Chart,https://kworb.net/spotify/country/my_weekly_totals.html
Jung Kook,Standing Next to You,54,3,7,445899,10045768,Spotify MY Weekly Chart,https://kworb.net/spotify/country/my_weekly_totals.html
Coldplay,Sparks,70,0,37,234266,10037555,Spotify MY Weekly Chart,https://kworb.net/spotify/country/my_weekly_totals.html
Black,Sofea Jane,74,0,75,176551,9989945,Spotify MY Weekly Chart,https://kworb.net/spotify/country/my_weekly_totals.html
Arctic Monkeys,No. 1 Party Anthem,60,0,31,287189,9989074,Spotify MY Weekly Chart,https://kworb.net/spotify/country/my_weekly_totals.html
Benson Boone,Beautiful Things,53,0,17,333720,9959229,Spotify MY Weekly Chart,https://kworb.net/spotify/country/my_weekly_totals.html
Harry Styles,Falling,151,0,35,133731,9833950,Spotify MY Weekly Chart,https://kworb.net/spotify/country/my_weekly_totals.html
Saja Boys,Soda Pop,28,9,6,631618,9807116,Spotify MY Weekly Chart,https://kworb.net/spotify/country/my_weekly_totals.html
Selena Gomez,Wolves,102,21,1,330923,9797278,Spotify MY Weekly Chart,https://kworb.net/spotify/country/my_weekly_totals.html
Miley Cyrus,Flowers,41,6,2,660575,9753352,Spotify MY Weekly Chart,https://kworb.net/spotify/country/my_weekly_totals.html
Dua Lipa,New Rules,91,22,3,274408,9718726,Spotify MY Weekly Chart,https://kworb.net/spotify/country/my_weekly_totals.html
Lukas Graham,Love Someone,106,13,6,204039,9689947,Spotify MY Weekly Chart,https://kworb.net/spotify/country/my_weekly_totals.html
Shawn Mendes,There's Nothing Holdin' Me Back,107,1,9,177455,9660297,Spotify MY Weekly Chart,https://kworb.net/spotify/country/my_weekly_totals.html
Sabrina Carpenter,Feather,61,0,24,250055,9638471,Spotify MY Weekly Chart,https://kworb.net/spotify/country/my_weekly_totals.html
The Weeknd,Save Your Tears (Remix),95,0,54,157655,9637312,Spotify MY Weekly Chart,https://kworb.net/spotify/country/my_weekly_totals.html
Charlie Puth,Light Switch,56,18,6,286992,9617172,Spotify MY Weekly Chart,https://kworb.net/spotify/country/my_weekly_totals.html
JP Saxe,If The World Was Ending,119,0,28,131503,9605025,Spotify MY Weekly Chart,https://kworb.net/spotify/country/my_weekly_totals.html
Luis Fonsi,Despacito - Remix,52,20,1,623849,9578131,Spotify MY Weekly Chart,https://kworb.net/spotify/country/my_weekly_totals.html
Jin,Running Wild,31,5,6,593798,9573195,Spotify MY Weekly Chart,https://kworb.net/spotify/country/my_weekly_totals.html
Justin Bieber,DAISIES,44,0,14,436370,9538850,Spotify MY Weekly Chart,https://kworb.net/spotify/country/my_weekly_totals.html
Marshmello,Happier,102,11,1,240003,9523426,Spotify MY Weekly Chart,https://kworb.net/spotify/country/my_weekly_totals.html
IVE,LOVE DIVE,67,6,4,329955,9522684,Spotify MY Weekly Chart,https://kworb.net/spotify/country/my_weekly_totals.html
SHAUN,Way Back Home,120,2,10,211171,9522225,Spotify MY Weekly Chart,https://kworb.net/spotify/country/my_weekly_totals.html
LE SSERAFIM,Perfect Night,40,3,9,389350,9463931,Spotify MY Weekly Chart,https://kworb.net/spotify/country/my_weekly_totals.html
Armada,Asal Kau Bahagia,120,2,9,199025,9437164,Spotify MY Weekly Chart,https://kworb.net/spotify/country/my_weekly_totals.html
Ed Sheeran,Happier,169,0,15,162235,9424476,Spotify MY Weekly Chart,https://kworb.net/spotify/country/my_weekly_totals.html
Naykilla,SO ASU,38,1,10,381505,9411606,Spotify MY Weekly Chart,https://kworb.net/spotify/country/my_weekly_totals.html
Gracie Abrams,"I Love You, I'm Sorry",63,0,50,226738,9393862,Spotify MY Weekly Chart,https://kworb.net/spotify/country/my_weekly_totals.html
Fujii Kaze,Shinunoga E-Wa,46,7,6,361434,9390680,Spotify MY Weekly Chart,https://kworb.net/spotify/country/my_weekly_totals.html
Billie Eilish,everything i wanted,76,13,6,321395,9369110,Spotify MY Weekly Chart,https://kworb.net/spotify/country/my_weekly_totals.html
LBI利比,跳楼机,37,3,6,584882,9366607,Spotify MY Weekly Chart,https://kworb.net/spotify/country/my_weekly_totals.html
Sam Smith,Unholy,42,9,4,396034,9360268,Spotify MY Weekly Chart,https://kworb.net/spotify/country/my_weekly_totals.html
Anuar & Ellina,Suasana Di Hari Raya,54,10,3,764777,9312267,Spotify MY Weekly Chart,https://kworb.net/spotify/country/my_weekly_totals.html
Zac Efron,Rewrite The Stars,148,8,1,264603,9309150,Spotify MY Weekly Chart,https://kworb.net/spotify/country/my_weekly_totals.html
Nuca,"Masa ini, Nanti, dan Masa Indah Lainnya",29,1,10,431776,9293194,Spotify MY Weekly Chart,https://kworb.net/spotify/country/my_weekly_totals.html
benny blanco,Eastside,94,12,2,222159,9290502,Spotify MY Weekly Chart,https://kworb.net/spotify/country/my_weekly_totals.html
Zynakal,Sakit,89,0,11,226806,9280785,Spotify MY Weekly Chart,https://kworb.net/spotify/country/my_weekly_totals.html
Saja Boys,Your Idol,27,8,3,672790,9275979,Spotify MY Weekly Chart,https://kworb.net/spotify/country/my_weekly_totals.html
NIKI,You'll Be in My Heart - Spotify Singles,29,8,5,482543,9221978,Spotify MY Weekly Chart,https://kworb.net/spotify/country/my_weekly_totals.html
Zizan Razak,Bawaku Pergi,69,0,96,171478,9216885,Spotify MY Weekly Chart,https://kworb.net/spotify/country/my_weekly_totals.html
Ava Max,Sweet but Psycho,105,8,8,232934,9189309,Spotify MY Weekly Chart,https://kworb.net/spotify/country/my_weekly_totals.html
Taylor Swift,august,77,0,19,199136,9143275,Spotify MY Weekly Chart,https://kworb.net/spotify/country/my_weekly_totals.html
Nicky Youre,Sunroof,62,0,13,228262,9030047,Spotify MY Weekly Chart,https://kworb.net/spotify/country/my_weekly_totals.html
Rex Orange County,THE SHADE,57,1,10,320068,9028525,Spotify MY Weekly Chart,https://kworb.net/spotify/country/my_weekly_totals.html
Marshmello,Be Kind,77,10,5,217326,9024685,Spotify MY Weekly Chart,https://kworb.net/spotify/country/my_weekly_totals.html
Justin Bieber,Lonely,80,15,2,352250,9022979,Spotify MY Weekly Chart,https://kworb.net/spotify/country/my_weekly_totals.html
Sam Smith,How Do You Sleep?,62,15,4,316841,9017515,Spotify MY Weekly Chart,https://kworb.net/spotify/country/my_weekly_totals.html
Nadin Amizah,Rayuan Perempuan Gila,52,0,15,324951,9002141,Spotify MY Weekly Chart,https://kworb.net/spotify/country/my_weekly_totals.html
Jason Mraz,I'm Yours,276,0,71,61676,9001610,Spotify MY Weekly Chart,https://kworb.net/spotify/country/my_weekly_totals.html
Afgan,Jodoh Pasti Bertemu,78,0,55,196334,8995283,Spotify MY Weekly Chart,https://kworb.net/spotify/country/my_weekly_totals.html
Andmesh,Hanya Rindu,81,0,14,233808,8981098,Spotify MY Weekly Chart,https://kworb.net/spotify/country/my_weekly_totals.html
Charlie Puth,Cheating on You,92,0,19,192013,8962176,Spotify MY Weekly Chart,https://kworb.net/spotify/country/my_weekly_totals.html
Batas Senja,Kita Usahakan Lagi,48,0,22,288828,8954082,Spotify MY Weekly Chart,https://kworb.net/spotify/country/my_weekly_totals.html
Meghan Trainor,Like I'm Gonna Lose You,228,7,9,89880,8933054,Spotify MY Weekly Chart,https://kworb.net/spotify/country/my_weekly_totals.html
Alan Walker,Not You,42,5,5,459393,8919994,Spotify MY Weekly Chart,https://kworb.net/spotify/country/my_weekly_totals.html
LE SSERAFIM,Smart,39,0,12,418101,8912557,Spotify MY Weekly Chart,https://kworb.net/spotify/country/my_weekly_totals.html
Bruno Mars,Versace on the Floor,113,0,24,172562,8908240,Spotify MY Weekly Chart,https://kworb.net/spotify/country/my_weekly_totals.html
Justin Bieber,Sorry,95,19,1,395713,8874283,Spotify MY Weekly Chart,https://kworb.net/spotify/country/my_weekly_totals.html
IVE,After LIKE,52,2,5,372684,8871732,Spotify MY Weekly Chart,https://kworb.net/spotify/country/my_weekly_totals.html
Duncan Laurence,Arcade,83,8,5,243587,8862923,Spotify MY Weekly Chart,https://kworb.net/spotify/country/my_weekly_totals.html
Danial Kifli,Pergilah Cinta,55,0,34,221192,8807864,Spotify MY Weekly Chart,https://kworb.net/spotify/country/my_weekly_totals.html
Naim Daniel,Seni Berdamai Dengan Takdir,30,5,3,593268,8793326,Spotify MY Weekly Chart,https://kworb.net/spotify/country/my_weekly_totals.html
Marshmello,Leave Before You Love Me,86,0,26,165359,8791554,Spotify MY Weekly Chart,https://kworb.net/spotify/country/my_weekly_totals.html
Seafret,Atlantis,77,0,34,178699,8726519,Spotify MY Weekly Chart,https://kworb.net/spotify/country/my_weekly_totals.html
Sabrina Carpenter,Taste,37,4,4,491461,8719567,Spotify MY Weekly Chart,https://kworb.net/spotify/country/my_weekly_totals.html
The Weeknd,Reminder,64,0,34,224288,8715481,Spotify MY Weekly Chart,https://kworb.net/spotify/country/my_weekly_totals.html
Rema,Calm Down,57,0,26,236036,8681291,Spotify MY Weekly Chart,https://kworb.net/spotify/country/my_weekly_totals.html
Ifan Seventeen,Jangan Paksa Rindu - Beda,23,13,5,503408,8615440,Spotify MY Weekly Chart,https://kworb.net/spotify/country/my_weekly_totals.html
IVE,I AM,48,4,6,470215,8597669,Spotify MY Weekly Chart,https://kworb.net/spotify/country/my_weekly_totals.html
Raim Laode,Iqro',17,13,2,659602,8559551,Spotify MY Weekly Chart,https://kworb.net/spotify/country/my_weekly_totals.html
aespa,Drama,50,0,20,279860,8555498,Spotify MY Weekly Chart,https://kworb.net/spotify/country/my_weekly_totals.html
V,Love Me Again,60,0,18,299101,8522510,Spotify MY Weekly Chart,https://kworb.net/spotify/country/my_weekly_totals.html
TREASURE,DARARI,47,16,1,396081,8515609,Spotify MY Weekly Chart,https://kworb.net/spotify/country/my_weekly_totals.html
Suara Kayu,Kembali Pulang,59,0,59,181167,8513814,Spotify MY Weekly Chart,https://kworb.net/spotify/country/my_weekly_totals.html
Khalid,Better,88,13,2,260304,8500167,Spotify MY Weekly Chart,https://kworb.net/spotify/country/my_weekly_totals.html
Sabrina Carpenter,Manchild,51,0,18,306799,8494020,Spotify MY Weekly Chart,https://kworb.net/spotify/country/my_weekly_totals.html
Little Mix,Secret Love Song,117,3,10,140886,8486587,Spotify MY Weekly Chart,https://kworb.net/spotify/country/my_weekly_totals.html
Hafiz Suip,Kisah Cinta Kita,93,0,17,159423,8468421,Spotify MY Weekly Chart,https://kworb.net/spotify/country/my_weekly_totals.html
Elley Duhé,MIDDLE OF THE NIGHT,54,12,7,261101,8464708,Spotify MY Weekly Chart,https://kworb.net/spotify/country/my_weekly_totals.html
Bunkface,Situasi,79,0,113,139669,8407798,Spotify MY Weekly Chart,https://kworb.net/spotify/country/my_weekly_totals.html
Ariana Grande,34+35,79,12,3,276654,8406023,Spotify MY Weekly Chart,https://kworb.net/spotify/country/my_weekly_totals.html
Hozier,Too Sweet,42,0,19,303279,8340898,Spotify MY Weekly Chart,https://kworb.net/spotify/country/my_weekly_totals.html
Tulus,Hati-Hati di Jalan,68,0,26,167686,8325039,Spotify MY Weekly Chart,https://kworb.net/spotify/country/my_weekly_totals.html
Sean Kingston,Eenie Meenie,48,1,4,574970,8209766,Spotify MY Weekly Chart,https://kworb.net/spotify/country/my_weekly_totals.html
5 Seconds of Summer,Youngblood,101,8,4,215757,8204899,Spotify MY Weekly Chart,https://kworb.net/spotify/country/my_weekly_totals.html
Zack Tabudlo,Pano,48,0,20,256144,8181697,Spotify MY Weekly Chart,https://kworb.net/spotify/country/my_weekly_totals.html
Post Malone,Goodbyes (Feat. Young Thug),47,12,3,387691,8161076,Spotify MY Weekly Chart,https://kworb.net/spotify/country/my_weekly_totals.html
Mojo,Romancinta,29,2,9,458428,8149514,Spotify MY Weekly Chart,https://kworb.net/spotify/country/my_weekly_totals.html
Doja Cat,Woman,60,1,10,260205,8144735,Spotify MY Weekly Chart,https://kworb.net/spotify/country/my_weekly_totals.html
Juicy Luicy,Lantas,77,0,117,150193,8120817,Spotify MY Weekly Chart,https://kworb.net/spotify/country/my_weekly_totals.html
The Chainsmokers,Don't Let Me Down,89,28,2,180810,8097889,Spotify MY Weekly Chart,https://kworb.net/spotify/country/my_weekly_totals.html
Doja Cat,Agora Hills,33,5,8,434996,8085603,Spotify MY Weekly Chart,https://kworb.net/spotify/country/my_weekly_totals.html
RAYE,Escapism.,37,7,8,404254,8054526,Spotify MY Weekly Chart,https://kworb.net/spotify/country/my_weekly_totals.html
MASDO,Inilah JalanNya,53,0,15,321283,8002739,Spotify MY Weekly Chart,https://kworb.net/spotify/country/my_weekly_totals.html
ROSÉ,On The Ground,60,7,1,702825,7984154,Spotify MY Weekly Chart,https://kworb.net/spotify/country/my_weekly_totals.html
Hailee Steinfeld,Let Me Go,98,8,6,194687,7951723,Spotify MY Weekly Chart,https://kworb.net/spotify/country/my_weekly_totals.html
Sam Smith,Dancing With A Stranger,78,11,4,264578,7928788,Spotify MY Weekly Chart,https://kworb.net/spotify/country/my_weekly_totals.html
BLACKPINK,Ice Cream,58,12,1,591953,7916398,Spotify MY Weekly Chart,https://kworb.net/spotify/country/my_weekly_totals.html
Sasha Alex Sloan,Dancing With Your Ghost,126,0,84,109541,7908434,Spotify MY Weekly Chart,https://kworb.net/spotify/country/my_weekly_totals.html
NIKI,Every Summertime,56,3,9,257489,7879494,Spotify MY Weekly Chart,https://kworb.net/spotify/country/my_weekly_totals.html
New Hope Club,Know Me Too Well,46,10,6,356332,7879174,Spotify MY Weekly Chart,https://kworb.net/spotify/country/my_weekly_totals.html
Joji,Die For You,38,6,1,538560,7877096,Spotify MY Weekly Chart,https://kworb.net/spotify/country/my_weekly_totals.html
ZAYN,I Don’t Wanna Live Forever (Fifty Shades Darker),89,16,2,261161,7866994,Spotify MY Weekly Chart,https://kworb.net/spotify/country/my_weekly_totals.html
Charlie Puth,That's Hilarious,54,0,13,221425,7830694,Spotify MY Weekly Chart,https://kworb.net/spotify/country/my_weekly_totals.html
Clairo,Sofia,72,7,6,268939,7814059,Spotify MY Weekly Chart,https://kworb.net/spotify/country/my_weekly_totals.html
James Arthur,Empty Space,85,0,12,184472,7774099,Spotify MY Weekly Chart,https://kworb.net/spotify/country/my_weekly_totals.html
Selena Gomez,Back To You,93,10,2,290354,7715818,Spotify MY Weekly Chart,https://kworb.net/spotify/country/my_weekly_totals.html
Doja Cat,Say So,52,11,1,379969,7700949,Spotify MY Weekly Chart,https://kworb.net/spotify/country/my_weekly_totals.html
Tommy Richman,MILLION DOLLAR BABY,34,0,11,469813,7694665,Spotify MY Weekly Chart,https://kworb.net/spotify/country/my_weekly_totals.html
Shawn Mendes,If I Can't Have You,84,7,5,292865,7671664,Spotify MY Weekly Chart,https://kworb.net/spotify/country/my_weekly_totals.html
Maroon 5,What Lovers Do,74,21,4,278037,7652399,Spotify MY Weekly Chart,https://kworb.net/spotify/country/my_weekly_totals.html
Alan Walker,Lily,68,7,6,230312,7622994,Spotify MY Weekly Chart,https://kworb.net/spotify/country/my_weekly_totals.html
Insomniacks,Igauan Malam,55,0,45,226883,7615627,Spotify MY Weekly Chart,https://kworb.net/spotify/country/my_weekly_totals.html
Conan Gray,The Cut That Always Bleeds,54,0,69,178767,7592190,Spotify MY Weekly Chart,https://kworb.net/spotify/country/my_weekly_totals.html
Taylor Swift,Fortnight,27,4,3,844975,7590512,Spotify MY Weekly Chart,https://kworb.net/spotify/country/my_weekly_totals.html
Adele,Set Fire to the Rain,70,0,79,150840,7557474,Spotify MY Weekly Chart,https://kworb.net/spotify/country/my_weekly_totals.html
Iklim,Bukan Ku Tak Sudi,54,0,46,205501,7549871,Spotify MY Weekly Chart,https://kworb.net/spotify/country/my_weekly_totals.html
BLACKPINK,Typa Girl,51,2,3,553858,7529750,Spotify MY Weekly Chart,https://kworb.net/spotify/country/my_weekly_totals.html
RUMI,Free,25,2,7,545425,7521184,Spotify MY Weekly Chart,https://kworb.net/spotify/country/my_weekly_totals.html
GAYLE,abcdefu,40,12,2,342214,7513881,Spotify MY Weekly Chart,https://kworb.net/spotify/country/my_weekly_totals.html
Rizky Febian,Hingga Tua Bersama,62,0,35,224398,7512365,Spotify MY Weekly Chart,https://kworb.net/spotify/country/my_weekly_totals.html
Akbar Chalay,Ngga Dulu,27,1,8,435984,7509943,Spotify MY Weekly Chart,https://kworb.net/spotify/country/my_weekly_totals.html
LE SSERAFIM,ANTIFRAGILE,42,0,19,268165,7492866,Spotify MY Weekly Chart,https://kworb.net/spotify/country/my_weekly_totals.html
Khalid,Young Dumb & Broke,93,8,8,210463,7491429,Spotify MY Weekly Chart,https://kworb.net/spotify/country/my_weekly_totals.html
HUNTR/X,What It Sounds Like,25,3,9,513698,7467766,Spotify MY Weekly Chart,https://kworb.net/spotify/country/my_weekly_totals.html
ROSÉ,Gone,67,5,2,647049,7431206,Spotify MY Weekly Chart,https://kworb.net/spotify/country/my_weekly_totals.html
BTS,SWIM,20,4,2,742466,7422249,Spotify MY Weekly Chart,https://kworb.net/spotify/country/my_weekly_totals.html
Taylor Swift,Opalite,31,0,11,408530,7370848,Spotify MY Weekly Chart,https://kworb.net/spotify/country/my_weekly_totals.html
Imagine Dragons,Bad Liar,123,0,21,122464,7312987,Spotify MY Weekly Chart,https://kworb.net/spotify/country/my_weekly_totals.html
Adira Suhaimi,Sayang Orang Sama,20,5,6,496477,7300749,Spotify MY Weekly Chart,https://kworb.net/spotify/country/my_weekly_totals.html
NewJeans,Attention,52,0,22,213670,7279106,Spotify MY Weekly Chart,https://kworb.net/spotify/country/my_weekly_totals.html
Zedd,The Middle,84,12,3,204506,7267813,Spotify MY Weekly Chart,https://kworb.net/spotify/country/my_weekly_totals.html
Justin Bieber,Hold On,77,6,5,283692,7206150,Spotify MY Weekly Chart,https://kworb.net/spotify/country/my_weekly_totals.html
Joji,Sanctuary,79,0,11,208270,7201771,Spotify MY Weekly Chart,https://kworb.net/spotify/country/my_weekly_totals.html
Jonas Brothers,Sucker,64,10,2,330245,7190789,Spotify MY Weekly Chart,https://kworb.net/spotify/country/my_weekly_totals.html
Afgan,Bawalah Cintaku,63,0,89,148973,7185155,Spotify MY Weekly Chart,https://kworb.net/spotify/country/my_weekly_totals.html
Dave,Raindance,30,0,15,326984,7167411,Spotify MY Weekly Chart,https://kworb.net/spotify/country/my_weekly_totals.html
P!nk,Just Give Me a Reason,143,19,1,169750,7136745,Spotify MY Weekly Chart,https://kworb.net/spotify/country/my_weekly_totals.html
Stevan Pasaribu,Belum Siap Kehilangan,75,0,45,120141,7122239,Spotify MY Weekly Chart,https://kworb.net/spotify/country/my_weekly_totals.html
Chezile,Beanie,46,0,39,252802,7083227,Spotify MY Weekly Chart,https://kworb.net/spotify/country/my_weekly_totals.html
Stephanie Poetri,I Love You 3000,62,0,16,211521,7035178,Spotify MY Weekly Chart,https://kworb.net/spotify/country/my_weekly_totals.html
Aan Story,Trauma,41,0,22,281907,7004563,Spotify MY Weekly Chart,https://kworb.net/spotify/country/my_weekly_totals.html
Justin Bieber,Yummy,46,11,1,484035,7003962,Spotify MY Weekly Chart,https://kworb.net/spotify/country/my_weekly_totals.html
Melanie Martinez,Play Date,65,12,3,289312,7000664,Spotify MY Weekly Chart,https://kworb.net/spotify/country/my_weekly_totals.html
Ariana Grande,boyfriend,79,4,4,322606,6996290,Spotify MY Weekly Chart,https://kworb.net/spotify/country/my_weekly_totals.html
blackbear,hot girl bummer,65,0,11,244514,6957786,Spotify MY Weekly Chart,https://kworb.net/spotify/country/my_weekly_totals.html
Hailee Steinfeld,Starving,91,18,8,164312,6945088,Spotify MY Weekly Chart,https://kworb.net/spotify/country/my_weekly_totals.html
Ed Sheeran,Bad Habits,55,0,13,248773,6933573,Spotify MY Weekly Chart,https://kworb.net/spotify/country/my_weekly_totals.html
Imran Ajmain,Seribu Tahun Lagi,30,0,14,378937,6932239,Spotify MY Weekly Chart,https://kworb.net/spotify/country/my_weekly_totals.html
Post Malone,rockstar,89,0,11,174333,6925639,Spotify MY Weekly Chart,https://kworb.net/spotify/country/my_weekly_totals.html
Martin Garrix,Scared to Be Lonely,70,13,5,216907,6925284,Spotify MY Weekly Chart,https://kworb.net/spotify/country/my_weekly_totals.html
Doja Cat,Paint The Town Red,33,4,6,380774,6917164,Spotify MY Weekly Chart,https://kworb.net/spotify/country/my_weekly_totals.html
Alan Walker,All Falls Down,80,12,6,200765,6908149,Spotify MY Weekly Chart,https://kworb.net/spotify/country/my_weekly_totals.html
Lil Nas X,MONTERO (Call Me By Your Name),53,4,8,253499,6896844,Spotify MY Weekly Chart,https://kworb.net/spotify/country/my_weekly_totals.html
24kGoldn,Mood,69,0,14,194270,6894101,Spotify MY Weekly Chart,https://kworb.net/spotify/country/my_weekly_totals.html
Billie Eilish,Happier Than Ever - Edit,62,0,17,209489,6892971,Spotify MY Weekly Chart,https://kworb.net/spotify/country/my_weekly_totals.html
Hazama,Relakan Jiwa,49,0,79,191509,6854203,Spotify MY Weekly Chart,https://kworb.net/spotify/country/my_weekly_totals.html
aespa,Armageddon,35,0,11,413588,6804615,Spotify MY Weekly Chart,https://kworb.net/spotify/country/my_weekly_totals.html
Cigarettes After Sex,Sunsetz,81,0,91,144563,6799436,Spotify MY Weekly Chart,https://kworb.net/spotify/country/my_weekly_totals.html
Budak Kacamata,Bintang,35,0,19,340298,6751705,Spotify MY Weekly Chart,https://kworb.net/spotify/country/my_weekly_totals.html
Kendrick Lamar,Not Like Us,35,0,18,386185,6744250,Spotify MY Weekly Chart,https://kworb.net/spotify/country/my_weekly_totals.html
Jason Mraz,Lucky,214,0,108,52826,6724053,Spotify MY Weekly Chart,https://kworb.net/spotify/country/my_weekly_totals.html
Kina,Can We Kiss Forever?,73,0,27,146850,6719606,Spotify MY Weekly Chart,https://kworb.net/spotify/country/my_weekly_totals.html
Ariana Grande,no tears left to cry,67,12,1,302361,6705156,Spotify MY Weekly Chart,https://kworb.net/spotify/country/my_weekly_totals.html
Dua Lipa,IDGAF,81,13,3,217990,6685553,Spotify MY Weekly Chart,https://kworb.net/spotify/country/my_weekly_totals.html
Doja Cat,Need To Know,53,4,5,316154,6684555,Spotify MY Weekly Chart,https://kworb.net/spotify/country/my_weekly_totals.html
NAKI,Masa,24,0,11,402511,6675121,Spotify MY Weekly Chart,https://kworb.net/spotify/country/my_weekly_totals.html
She & Him,I Thought I Saw Your Face Today,32,0,21,319753,6621264,Spotify MY Weekly Chart,https://kworb.net/spotify/country/my_weekly_totals.html
Clean Bandit,Symphony,63,15,6,217735,6596917,Spotify MY Weekly Chart,https://kworb.net/spotify/country/my_weekly_totals.html
Jimin,Like Crazy,50,0,28,264851,6595507,Spotify MY Weekly Chart,https://kworb.net/spotify/country/my_weekly_totals.html
Ed Sheeran,Shivers,54,0,22,193198,6589302,Spotify MY Weekly Chart,https://kworb.net/spotify/country/my_weekly_totals.html
Sezairi,It's You,62,0,18,180096,6574478,Spotify MY Weekly Chart,https://kworb.net/spotify/country/my_weekly_totals.html
Billie Eilish,when the party's over,95,0,17,130936,6561887,Spotify MY Weekly Chart,https://kworb.net/spotify/country/my_weekly_totals.html
BTS,Permission to Dance,42,7,1,754216,6559772,Spotify MY Weekly Chart,https://kworb.net/spotify/country/my_weekly_totals.html
keshi,UNDERSTAND,51,0,33,229423,6549304,Spotify MY Weekly Chart,https://kworb.net/spotify/country/my_weekly_totals.html
Demi Lovato,Heart Attack,90,14,4,142802,6541884,Spotify MY Weekly Chart,https://kworb.net/spotify/country/my_weekly_totals.html
Alex Warren,Ordinary,42,0,40,198540,6494055,Spotify MY Weekly Chart,https://kworb.net/spotify/country/my_weekly_totals.html
Why Don't We,What Am I,88,0,33,145752,6474662,Spotify MY Weekly Chart,https://kworb.net/spotify/country/my_weekly_totals.html
Alessia Cara,Scars To Your Beautiful,118,0,21,117273,6471664,Spotify MY Weekly Chart,https://kworb.net/spotify/country/my_weekly_totals.html
The Chainsmokers,Call You Mine,73,4,7,279916,6453063,Spotify MY Weekly Chart,https://kworb.net/spotify/country/my_weekly_totals.html
BLACKPINK,DDU-DU DDU-DU,93,2,1,369653,6442586,Spotify MY Weekly Chart,https://kworb.net/spotify/country/my_weekly_totals.html
aespa,Whiplash,39,0,19,321731,6428937,Spotify MY Weekly Chart,https://kworb.net/spotify/country/my_weekly_totals.html
Post Malone,Better Now,75,5,6,177664,6409123,Spotify MY Weekly Chart,https://kworb.net/spotify/country/my_weekly_totals.html
Shawn Mendes,Stitches,110,22,3,149121,6402147,Spotify MY Weekly Chart,https://kworb.net/spotify/country/my_weekly_totals.html
Judika,Bukan Dia Tapi Aku,47,0,50,188963,6400211,Spotify MY Weekly Chart,https://kworb.net/spotify/country/my_weekly_totals.html
Bazzi,Mine,81,13,5,196404,6392348,Spotify MY Weekly Chart,https://kworb.net/spotify/country/my_weekly_totals.html
K-Clique,Pulang,53,5,8,228614,6387524,Spotify MY Weekly Chart,https://kworb.net/spotify/country/my_weekly_totals.html
Ali Gatie,Moonlight,63,0,13,206975,6378730,Spotify MY Weekly Chart,https://kworb.net/spotify/country/my_weekly_totals.html
Louis Tomlinson,Back to You,51,13,2,253994,6372242,Spotify MY Weekly Chart,https://kworb.net/spotify/country/my_weekly_totals.html
The Weeknd,Popular,45,0,45,199121,6367339,Spotify MY Weekly Chart,https://kworb.net/spotify/country/my_weekly_totals.html
Major Lazer,Cold Water,59,21,1,253600,6366616,Spotify MY Weekly Chart,https://kworb.net/spotify/country/my_weekly_totals.html
Rizky Febian,Alamak,27,1,8,499044,6346353,Spotify MY Weekly Chart,https://kworb.net/spotify/country/my_weekly_totals.html
Fahimi,Angau,27,3,6,500909,6328768,Spotify MY Weekly Chart,https://kworb.net/spotify/country/my_weekly_totals.html
ENHYPEN,Polaroid Love,38,11,4,301255,6315998,Spotify MY Weekly Chart,https://kworb.net/spotify/country/my_weekly_totals.html
CORTIS,GO!,31,0,18,302029,6290030,Spotify MY Weekly Chart,https://kworb.net/spotify/country/my_weekly_totals.html
Ariana Grande,the boy is mine,39,0,25,247033,6288123,Spotify MY Weekly Chart,https://kworb.net/spotify/country/my_weekly_totals.html
Marshmello,Silence,82,1,10,173741,6274428,Spotify MY Weekly Chart,https://kworb.net/spotify/country/my_weekly_totals.html
lucidrari,lowkey,32,0,22,310671,6259018,Spotify MY Weekly Chart,https://kworb.net/spotify/country/my_weekly_totals.html
LAUV,Mean It,55,2,7,323205,6252149,Spotify MY Weekly Chart,https://kworb.net/spotify/country/my_weekly_totals.html
Radiohead,Let Down,41,0,62,178700,6245935,Spotify MY Weekly Chart,https://kworb.net/spotify/country/my_weekly_totals.html
LISA,LALISA,36,8,1,603976,6229744,Spotify MY Weekly Chart,https://kworb.net/spotify/country/my_weekly_totals.html
BTS,FAKE LOVE,76,6,1,429932,6227225,Spotify MY Weekly Chart,https://kworb.net/spotify/country/my_weekly_totals.html
Kygo,It Ain't Me,56,15,3,256135,6223934,Spotify MY Weekly Chart,https://kworb.net/spotify/country/my_weekly_totals.html
Unknown Artist,Pasti,48,0,82,178877,6215210,Spotify MY Weekly Chart,https://kworb.net/spotify/country/my_weekly_totals.html
Fadhilah Intan,"Dawai (From ""Air Mata Di Ujung Sajadah"")",28,4,7,434201,6194856,Spotify MY Weekly Chart,https://kworb.net/spotify/country/my_weekly_totals.html
The Weeknd,I Was Never There,56,0,25,142441,6165187,Spotify MY Weekly Chart,https://kworb.net/spotify/country/my_weekly_totals.html
Clean Bandit,Rockabye,67,9,7,190437,6158877,Spotify MY Weekly Chart,https://kworb.net/spotify/country/my_weekly_totals.html
Nidji,Sumpah & Cinta Matiku,45,0,29,261019,6155582,Spotify MY Weekly Chart,https://kworb.net/spotify/country/my_weekly_totals.html
IU,eight(Prod.&Feat. SUGA of BTS),67,6,2,396286,6136886,Spotify MY Weekly Chart,https://kworb.net/spotify/country/my_weekly_totals.html
Måneskin,Beggin',35,9,4,365932,6136289,Spotify MY Weekly Chart,https://kworb.net/spotify/country/my_weekly_totals.html
gnash,"i hate u, i love u",71,20,5,157915,6132087,Spotify MY Weekly Chart,https://kworb.net/spotify/country/my_weekly_totals.html
HUNTR/X,How It’s Done,21,2,10,495434,6128885,Spotify MY Weekly Chart,https://kworb.net/spotify/country/my_weekly_totals.html
Iera Milpan,Retak Hatiku,42,0,29,223220,6122544,Spotify MY Weekly Chart,https://kworb.net/spotify/country/my_weekly_totals.html
Marshmello,FRIENDS,59,15,1,251600,6111418,Spotify MY Weekly Chart,https://kworb.net/spotify/country/my_weekly_totals.html
JVKE,this is what falling in love feels like,52,0,19,190521,6069985,Spotify MY Weekly Chart,https://kworb.net/spotify/country/my_weekly_totals.html
Rio Clappy,Bunga Abadi,32,0,25,309129,6066921,Spotify MY Weekly Chart,https://kworb.net/spotify/country/my_weekly_totals.html
Justin Bieber,That Should Be Me,17,5,6,563567,6051687,Spotify MY Weekly Chart,https://kworb.net/spotify/country/my_weekly_totals.html
Ariana Grande,hate that i made you love me,9,9,1,793703,6040714,Spotify MY Weekly Chart,https://kworb.net/spotify/country/my_weekly_totals.html
Imagine Dragons,Thunder,82,0,13,149651,6011148,Spotify MY Weekly Chart,https://kworb.net/spotify/country/my_weekly_totals.html
David Kushner,Daylight,47,0,58,170947,5982715,Spotify MY Weekly Chart,https://kworb.net/spotify/country/my_weekly_totals.html
SHAED,Trampoline,44,0,12,238020,5981267,Spotify MY Weekly Chart,https://kworb.net/spotify/country/my_weekly_totals.html
Hotel Ugly,Shut up My Moms Calling,57,0,130,133958,5960405,Spotify MY Weekly Chart,https://kworb.net/spotify/country/my_weekly_totals.html
Unknown Artist,Sesuci Lebaran,40,2,7,479716,5950358,Spotify MY Weekly Chart,https://kworb.net/spotify/country/my_weekly_totals.html
Aziz Harun,Janji,38,0,53,187163,5931593,Spotify MY Weekly Chart,https://kworb.net/spotify/country/my_weekly_totals.html
Lyodra,Tak Dianggap,39,0,39,224415,5929302,Spotify MY Weekly Chart,https://kworb.net/spotify/country/my_weekly_totals.html
Shawn Mendes,In My Blood,86,3,4,181617,5916694,Spotify MY Weekly Chart,https://kworb.net/spotify/country/my_weekly_totals.html
LAUV,"fuck, i'm lonely",64,0,13,203069,5907870,Spotify MY Weekly Chart,https://kworb.net/spotify/country/my_weekly_totals.html
PinkPantheress,Boy's a liar Pt. 2,32,0,17,314047,5901690,Spotify MY Weekly Chart,https://kworb.net/spotify/country/my_weekly_totals.html
Uji Rashid,Seloka Hari Raya,44,2,9,452813,5900487,Spotify MY Weekly Chart,https://kworb.net/spotify/country/my_weekly_totals.html
The Chainsmokers,Takeaway,54,0,15,191847,5869508,Spotify MY Weekly Chart,https://kworb.net/spotify/country/my_weekly_totals.html
Ava Max,So Am I,52,2,10,196701,5863481,Spotify MY Weekly Chart,https://kworb.net/spotify/country/my_weekly_totals.html
Insomniacks,Pulang - Piano Version,56,0,19,179557,5862036,Spotify MY Weekly Chart,https://kworb.net/spotify/country/my_weekly_totals.html
lucidrari,GADISKU,25,6,5,463908,5861971,Spotify MY Weekly Chart,https://kworb.net/spotify/country/my_weekly_totals.html
LE SSERAFIM,EASY,27,2,8,487437,5850506,Spotify MY Weekly Chart,https://kworb.net/spotify/country/my_weekly_totals.html
MASDO,Dinda,56,0,91,143102,5843241,Spotify MY Weekly Chart,https://kworb.net/spotify/country/my_weekly_totals.html
Passenger,Let Her Go,269,31,2,38026,5839814,Spotify MY Weekly Chart,https://kworb.net/spotify/country/my_weekly_totals.html
BABYMONSTER,DRIP,26,2,7,440133,5790414,Spotify MY Weekly Chart,https://kworb.net/spotify/country/my_weekly_totals.html
Chase Atlantic,Consume,62,0,100,117012,5760050,Spotify MY Weekly Chart,https://kworb.net/spotify/country/my_weekly_totals.html
Khalid,Saturday Nights,67,4,8,211971,5759998,Spotify MY Weekly Chart,https://kworb.net/spotify/country/my_weekly_totals.html
Conan Gray,Maniac,84,0,22,137412,5753358,Spotify MY Weekly Chart,https://kworb.net/spotify/country/my_weekly_totals.html
BLACKPINK,Tally,40,1,7,444365,5749139,Spotify MY Weekly Chart,https://kworb.net/spotify/country/my_weekly_totals.html
Sia,Cheap Thrills,78,9,7,139446,5726010,Spotify MY Weekly Chart,https://kworb.net/spotify/country/my_weekly_totals.html
Bebe Rexha,Meant to Be,82,0,19,139670,5710937,Spotify MY Weekly Chart,https://kworb.net/spotify/country/my_weekly_totals.html
The Chainsmokers,Paris,58,14,2,268837,5710039,Spotify MY Weekly Chart,https://kworb.net/spotify/country/my_weekly_totals.html
aespa,Supernova,32,0,11,458370,5703009,Spotify MY Weekly Chart,https://kworb.net/spotify/country/my_weekly_totals.html
Lana Del Rey,Young And Beautiful,91,0,13,154312,5685732,Spotify MY Weekly Chart,https://kworb.net/spotify/country/my_weekly_totals.html
LAUV,Feelings,56,0,14,221399,5676166,Spotify MY Weekly Chart,https://kworb.net/spotify/country/my_weekly_totals.html
Post Malone,I Like You (A Happier Song),43,0,20,182674,5647928,Spotify MY Weekly Chart,https://kworb.net/spotify/country/my_weekly_totals.html
Olivia Rodrigo,drop dead,16,4,9,445179,5643893,Spotify MY Weekly Chart,https://kworb.net/spotify/country/my_weekly_totals.html
Naim Daniel,Purnama,64,0,12,196618,5635445,Spotify MY Weekly Chart,https://kworb.net/spotify/country/my_weekly_totals.html
Mariah Carey,All I Want for Christmas Is You,53,1,8,309273,5634976,Spotify MY Weekly Chart,https://kworb.net/spotify/country/my_weekly_totals.html
Charlie Puth,One Call Away,106,19,4,130793,5632835,Spotify MY Weekly Chart,https://kworb.net/spotify/country/my_weekly_totals.html
Bernadya,Satu Bulan,31,0,21,289849,5630883,Spotify MY Weekly Chart,https://kworb.net/spotify/country/my_weekly_totals.html
Bebe Rexha,I'm a Mess,67,4,7,187464,5624813,Spotify MY Weekly Chart,https://kworb.net/spotify/country/my_weekly_totals.html
M. Nasir,Satu Hari Di Hari Raya,43,1,5,406357,5622804,Spotify MY Weekly Chart,https://kworb.net/spotify/country/my_weekly_totals.html
Jawsh 685,Savage Love (Laxed - Sired Beat),46,10,3,310272,5611566,Spotify MY Weekly Chart,https://kworb.net/spotify/country/my_weekly_totals.html
Rahimah Rahim,Selamat Berhari Raya,42,2,10,461803,5602905,Spotify MY Weekly Chart,https://kworb.net/spotify/country/my_weekly_totals.html
Cup of Joe,Multo,37,0,68,190740,5597088,Spotify MY Weekly Chart,https://kworb.net/spotify/country/my_weekly_totals.html
Drake,One Dance,59,18,2,186581,5564024,Spotify MY Weekly Chart,https://kworb.net/spotify/country/my_weekly_totals.html
Roddy Ricch,The Box,39,1,10,264265,5520416,Spotify MY Weekly Chart,https://kworb.net/spotify/country/my_weekly_totals.html
Tyla,Water,42,0,47,182294,5512526,Spotify MY Weekly Chart,https://kworb.net/spotify/country/my_weekly_totals.html
LISA,Rockstar,26,4,7,421492,5503220,Spotify MY Weekly Chart,https://kworb.net/spotify/country/my_weekly_totals.html
Zedd,Stay,55,14,5,210703,5498366,Spotify MY Weekly Chart,https://kworb.net/spotify/country/my_weekly_totals.html
SZA,BMF,21,0,12,491759,5496110,Spotify MY Weekly Chart,https://kworb.net/spotify/country/my_weekly_totals.html
BENEE,Supalonely,33,14,2,272044,5455307,Spotify MY Weekly Chart,https://kworb.net/spotify/country/my_weekly_totals.html
Maroon 5,Maps,125,17,2,117669,5453352,Spotify MY Weekly Chart,https://kworb.net/spotify/country/my_weekly_totals.html
PinkPantheress,Stateside + Zara Larsson,24,2,9,372571,5444605,Spotify MY Weekly Chart,https://kworb.net/spotify/country/my_weekly_totals.html
Taylor Swift,ME!,62,4,7,235752,5437706,Spotify MY Weekly Chart,https://kworb.net/spotify/country/my_weekly_totals.html
Martin Garrix,There for You,47,12,5,217136,5433706,Spotify MY Weekly Chart,https://kworb.net/spotify/country/my_weekly_totals.html
RealestK,Love Me,49,0,11,242062,5430577,Spotify MY Weekly Chart,https://kworb.net/spotify/country/my_weekly_totals.html
Ellie Goulding,Close To Me,61,0,11,164450,5413578,Spotify MY Weekly Chart,https://kworb.net/spotify/country/my_weekly_totals.html
Stacey Ryan,Fall In Love Alone,45,0,49,173507,5403610,Spotify MY Weekly Chart,https://kworb.net/spotify/country/my_weekly_totals.html
One Avenue Band,Kisah Antara Kita,68,1,9,152327,5389655,Spotify MY Weekly Chart,https://kworb.net/spotify/country/my_weekly_totals.html
Meghan Trainor,Made You Look,27,0,11,323360,5367937,Spotify MY Weekly Chart,https://kworb.net/spotify/country/my_weekly_totals.html
Cheat Codes,No Promises,51,3,9,184631,5367831,Spotify MY Weekly Chart,https://kworb.net/spotify/country/my_weekly_totals.html
Eric Chou,怎麼了,87,0,39,100461,5367507,Spotify MY Weekly Chart,https://kworb.net/spotify/country/my_weekly_totals.html
The Chainsmokers,All We Know,44,17,2,269523,5366554,Spotify MY Weekly Chart,https://kworb.net/spotify/country/my_weekly_totals.html
Travis Scott,FE!N,43,0,71,162449,5366483,Spotify MY Weekly Chart,https://kworb.net/spotify/country/my_weekly_totals.html
G-DRAGON,HOME SWEET HOME,22,2,5,679822,5350041,Spotify MY Weekly Chart,https://kworb.net/spotify/country/my_weekly_totals.html
Dua Lipa,Kiss and Make Up,47,10,1,383553,5341548,Spotify MY Weekly Chart,https://kworb.net/spotify/country/my_weekly_totals.html
*NSYNC,Bye Bye Bye,23,4,6,483730,5328744,Spotify MY Weekly Chart,https://kworb.net/spotify/country/my_weekly_totals.html
Julia Michaels,Issues,70,2,10,186868,5325166,Spotify MY Weekly Chart,https://kworb.net/spotify/country/my_weekly_totals.html
Calvin Harris,One Kiss,54,9,3,195472,5312988,Spotify MY Weekly Chart,https://kworb.net/spotify/country/my_weekly_totals.html
Anggis Devaki,Dirimu Yang Dulu,28,0,25,263792,5308227,Spotify MY Weekly Chart,https://kworb.net/spotify/country/my_weekly_totals.html
Clean Bandit,Solo,50,10,4,234739,5307193,Spotify MY Weekly Chart,https://kworb.net/spotify/country/my_weekly_totals.html
Liam Payne,Strip That Down,46,11,5,202706,5305461,Spotify MY Weekly Chart,https://kworb.net/spotify/country/my_weekly_totals.html
Post Malone,Wow.,54,5,8,202850,5297252,Spotify MY Weekly Chart,https://kworb.net/spotify/country/my_weekly_totals.html
Jonas Blue,Mama,49,0,11,163762,5294895,Spotify MY Weekly Chart,https://kworb.net/spotify/country/my_weekly_totals.html
Saloma,Selamat Hari Raya,43,0,15,369415,5287779,Spotify MY Weekly Chart,https://kworb.net/spotify/country/my_weekly_totals.html
Naim Daniel,Adakah Engkau Menungguku,58,0,33,155491,5272280,Spotify MY Weekly Chart,https://kworb.net/spotify/country/my_weekly_totals.html
Adele,Make You Feel My Love,176,0,39,58733,5265538,Spotify MY Weekly Chart,https://kworb.net/spotify/country/my_weekly_totals.html
dia,MALU MALU,23,0,12,347980,5249073,Spotify MY Weekly Chart,https://kworb.net/spotify/country/my_weekly_totals.html
DJ Khaled,I'm the One,41,16,3,257760,5245662,Spotify MY Weekly Chart,https://kworb.net/spotify/country/my_weekly_totals.html
iKON,LOVE SCENARIO,88,0,38,84827,5243272,Spotify MY Weekly Chart,https://kworb.net/spotify/country/my_weekly_totals.html
Alan Walker,Darkside,67,3,7,168403,5229513,Spotify MY Weekly Chart,https://kworb.net/spotify/country/my_weekly_totals.html
LAUV,Paris in the Rain,72,2,9,180242,5222239,Spotify MY Weekly Chart,https://kworb.net/spotify/country/my_weekly_totals.html
David Guetta,I'm Good (Blue),44,0,41,159965,5220465,Spotify MY Weekly Chart,https://kworb.net/spotify/country/my_weekly_totals.html
Kehlani,Folded,32,0,62,197676,5211961,Spotify MY Weekly Chart,https://kworb.net/spotify/country/my_weekly_totals.html
Jaymes Young,Infinity,39,0,11,219337,5210663,Spotify MY Weekly Chart,https://kworb.net/spotify/country/my_weekly_totals.html
JENNIE,You & Me,25,3,7,370517,5174728,Spotify MY Weekly Chart,https://kworb.net/spotify/country/my_weekly_totals.html
Aisha Retno,Jodoh Lebaran,11,5,1,1024431,5174617,Spotify MY Weekly Chart,https://kworb.net/spotify/country/my_weekly_totals.html
Masked Wolf,Astronaut In The Ocean,40,0,11,226547,5165223,Spotify MY Weekly Chart,https://kworb.net/spotify/country/my_weekly_totals.html
Sofaz,Dan Bila Esok,36,0,81,177200,5163547,Spotify MY Weekly Chart,https://kworb.net/spotify/country/my_weekly_totals.html
Ariana Grande,supernatural,31,0,24,266651,5161035,Spotify MY Weekly Chart,https://kworb.net/spotify/country/my_weekly_totals.html
Dato' Sri Siti Nurhaliza,Menamakanmu Cinta,30,0,38,215463,5154666,Spotify MY Weekly Chart,https://kworb.net/spotify/country/my_weekly_totals.html
ZICO,SPOT!,24,0,12,489883,5153539,Spotify MY Weekly Chart,https://kworb.net/spotify/country/my_weekly_totals.html
LE SSERAFIM,FEARLESS,48,0,14,209663,5151793,Spotify MY Weekly Chart,https://kworb.net/spotify/country/my_weekly_totals.html
LISA,Moonlit Floor,16,5,5,713897,5148889,Spotify MY Weekly Chart,https://kworb.net/spotify/country/my_weekly_totals.html
Doechii,What It Is (Solo Version),26,0,20,281550,5144953,Spotify MY Weekly Chart,https://kworb.net/spotify/country/my_weekly_totals.html
Kali Uchis,Moonlight,39,0,65,173904,5143122,Spotify MY Weekly Chart,https://kworb.net/spotify/country/my_weekly_totals.html
Joe Flizzow,Satu Malam Di Temasek,38,0,26,206901,5142228,Spotify MY Weekly Chart,https://kworb.net/spotify/country/my_weekly_totals.html
Dayangku Intan,Senandung Hari Raya Untukmu,35,0,11,453051,5115380,Spotify MY Weekly Chart,https://kworb.net/spotify/country/my_weekly_totals.html
Fabio Asher,Tanpa Rasa Bersalah,45,0,75,140661,5109562,Spotify MY Weekly Chart,https://kworb.net/spotify/country/my_weekly_totals.html
The Chainsmokers,Roses,83,20,2,126852,5104172,Spotify MY Weekly Chart,https://kworb.net/spotify/country/my_weekly_totals.html
Coldplay,Hymn for the Weekend,83,0,11,247999,5103974,Spotify MY Weekly Chart,https://kworb.net/spotify/country/my_weekly_totals.html
John Legend,All of Me,196,20,1,50971,5097685,Spotify MY Weekly Chart,https://kworb.net/spotify/country/my_weekly_totals.html
Backstreet Boys,Shape of My Heart,60,0,57,206271,5093482,Spotify MY Weekly Chart,https://kworb.net/spotify/country/my_weekly_totals.html
Zynakal,Dalam Diam,32,0,39,235813,5093275,Spotify MY Weekly Chart,https://kworb.net/spotify/country/my_weekly_totals.html
David Guetta,2U,36,14,2,277611,5077548,Spotify MY Weekly Chart,https://kworb.net/spotify/country/my_weekly_totals.html
MeerFly,Haa Tepok,34,2,10,249089,5076487,Spotify MY Weekly Chart,https://kworb.net/spotify/country/my_weekly_totals.html
Nidji,Hapus Aku,44,0,80,167269,5076119,Spotify MY Weekly Chart,https://kworb.net/spotify/country/my_weekly_totals.html
CORTIS,FaSHioN,25,0,35,264798,5069920,Spotify MY Weekly Chart,https://kworb.net/spotify/country/my_weekly_totals.html
TWICE,The Feels,40,0,13,236048,5063099,Spotify MY Weekly Chart,https://kworb.net/spotify/country/my_weekly_totals.html
KISS OF LIFE,Igloo,26,0,35,258617,5056449,Spotify MY Weekly Chart,https://kworb.net/spotify/country/my_weekly_totals.html
BABYMONSTER,FOREVER,28,1,10,381522,5045921,Spotify MY Weekly Chart,https://kworb.net/spotify/country/my_weekly_totals.html
Lukas Graham,7 Years,71,19,1,169346,5031271,Spotify MY Weekly Chart,https://kworb.net/spotify/country/my_weekly_totals.html
Martin Garrix,In the Name of Love,58,11,6,179591,5014925,Spotify MY Weekly Chart,https://kworb.net/spotify/country/my_weekly_totals.html
Tame Impala,Dracula - JENNIE Remix,23,0,25,311043,5014410,Spotify MY Weekly Chart,https://kworb.net/spotify/country/my_weekly_totals.html
Calvin Harris,Feels,38,14,3,229621,5012432,Spotify MY Weekly Chart,https://kworb.net/spotify/country/my_weekly_totals.html
TWICE,FANCY,65,2,6,244450,5010760,Spotify MY Weekly Chart,https://kworb.net/spotify/country/my_weekly_totals.html
NIKI,High School in Jakarta,30,0,11,258638,5001208,Spotify MY Weekly Chart,https://kworb.net/spotify/country/my_weekly_totals.html
i-dle,Queencard,30,0,21,280068,4979339,Spotify MY Weekly Chart,https://kworb.net/spotify/country/my_weekly_totals.html
Tate McRae,Just Keep Watching (From F1® The Movie),26,0,19,352543,4966548,Spotify MY Weekly Chart,https://kworb.net/spotify/country/my_weekly_totals.html
Natalie Taylor,Surrender,49,0,12,196880,4965066,Spotify MY Weekly Chart,https://kworb.net/spotify/country/my_weekly_totals.html
ZAYN,A Whole New World (End Title),42,7,3,304849,4954399,Spotify MY Weekly Chart,https://kworb.net/spotify/country/my_weekly_totals.html
Dominic Fike,Babydoll,22,0,28,291550,4952418,Spotify MY Weekly Chart,https://kworb.net/spotify/country/my_weekly_totals.html
ENHYPEN,Bite Me,35,0,18,328436,4949615,Spotify MY Weekly Chart,https://kworb.net/spotify/country/my_weekly_totals.html
Tyla,CHANEL,18,1,10,414748,4946877,Spotify MY Weekly Chart,https://kworb.net/spotify/country/my_weekly_totals.html
KATSEYE,Gnarly,29,0,22,286943,4936221,Spotify MY Weekly Chart,https://kworb.net/spotify/country/my_weekly_totals.html
Justin Bieber,What Do You Mean?,67,23,1,234932,4917304,Spotify MY Weekly Chart,https://kworb.net/spotify/country/my_weekly_totals.html
Alyah,Sesal Separuh Nyawa,46,0,46,244281,4904680,Spotify MY Weekly Chart,https://kworb.net/spotify/country/my_weekly_totals.html
Charlie Puth,How Long,43,12,7,247953,4900365,Spotify MY Weekly Chart,https://kworb.net/spotify/country/my_weekly_totals.html
Calvin Harris,This Is What You Came For,55,14,3,167241,4894174,Spotify MY Weekly Chart,https://kworb.net/spotify/country/my_weekly_totals.html
BLACKPINK,Pretty Savage,44,4,3,468428,4892691,Spotify MY Weekly Chart,https://kworb.net/spotify/country/my_weekly_totals.html
ILLIT,NOT CUTE ANYMORE,19,0,15,372846,4891822,Spotify MY Weekly Chart,https://kworb.net/spotify/country/my_weekly_totals.html
Zara Larsson,Lush Life,78,0,17,195882,4884355,Spotify MY Weekly Chart,https://kworb.net/spotify/country/my_weekly_totals.html
Hindia,everything u are,32,0,72,187634,4883360,Spotify MY Weekly Chart,https://kworb.net/spotify/country/my_weekly_totals.html
BLACKPINK,DDU-DU DDU-DU - KR Ver.,30,14,2,266153,4871799,Spotify MY Weekly Chart,https://kworb.net/spotify/country/my_weekly_totals.html
Anuar Zain,Sedetik Lebih,28,0,32,276595,4866893,Spotify MY Weekly Chart,https://kworb.net/spotify/country/my_weekly_totals.html
Faris Adam,Stecu Stecu,23,0,15,344997,4848189,Spotify MY Weekly Chart,https://kworb.net/spotify/country/my_weekly_totals.html
Dato' DJ Dave,Menjelang Hari Raya,40,0,18,371426,4834232,Spotify MY Weekly Chart,https://kworb.net/spotify/country/my_weekly_totals.html
The Chainsmokers,Who Do You Love,51,0,12,194494,4826442,Spotify MY Weekly Chart,https://kworb.net/spotify/country/my_weekly_totals.html
Datuk Sharifah Aini,Suasana Hari Raya,40,0,15,393981,4814186,Spotify MY Weekly Chart,https://kworb.net/spotify/country/my_weekly_totals.html
Malcolm Todd,Earrings,18,0,13,339680,4792511,Spotify MY Weekly Chart,https://kworb.net/spotify/country/my_weekly_totals.html
ROSÉ,Messy (From F1® The Movie),23,0,12,391132,4790165,Spotify MY Weekly Chart,https://kworb.net/spotify/country/my_weekly_totals.html
Toton Caribo,Ngapain Repot,22,0,24,320978,4787694,Spotify MY Weekly Chart,https://kworb.net/spotify/country/my_weekly_totals.html
CHANYEOL,Stay With Me,90,0,14,137402,4775236,Spotify MY Weekly Chart,https://kworb.net/spotify/country/my_weekly_totals.html
Twenty One Pilots,Heathens,47,11,2,273402,4773248,Spotify MY Weekly Chart,https://kworb.net/spotify/country/my_weekly_totals.html
Usop,Gelora,30,0,34,226709,4762148,Spotify MY Weekly Chart,https://kworb.net/spotify/country/my_weekly_totals.html
HUNTR/X,Takedown,19,0,14,395516,4760424,Spotify MY Weekly Chart,https://kworb.net/spotify/country/my_weekly_totals.html
The Chainsmokers,This Feeling,63,3,7,180477,4754207,Spotify MY Weekly Chart,https://kworb.net/spotify/country/my_weekly_totals.html
Juice WRLD,Lucid Dreams,75,0,23,183638,4751651,Spotify MY Weekly Chart,https://kworb.net/spotify/country/my_weekly_totals.html
Maroon 5,She Will Be Loved - Radio Mix,124,0,113,48511,4748755,Spotify MY Weekly Chart,https://kworb.net/spotify/country/my_weekly_totals.html
IVE,ELEVEN,40,1,6,258118,4736690,Spotify MY Weekly Chart,https://kworb.net/spotify/country/my_weekly_totals.html
Justine Skye,Collide (Sped Up Remix),43,0,59,149766,4727568,Spotify MY Weekly Chart,https://kworb.net/spotify/country/my_weekly_totals.html
CORTIS,REDRED,15,0,12,401997,4722385,Spotify MY Weekly Chart,https://kworb.net/spotify/country/my_weekly_totals.html
Justin Bieber,Baby,22,1,7,561269,4711446,Spotify MY Weekly Chart,https://kworb.net/spotify/country/my_weekly_totals.html
Lil Nas X,THATS WHAT I WANT,45,0,16,221331,4710346,Spotify MY Weekly Chart,https://kworb.net/spotify/country/my_weekly_totals.html
BABYMONSTER,BATTER UP,33,0,21,279438,4702880,Spotify MY Weekly Chart,https://kworb.net/spotify/country/my_weekly_totals.html
ECLIPSE,Sudden Shower,24,0,17,348770,4692063,Spotify MY Weekly Chart,https://kworb.net/spotify/country/my_weekly_totals.html
Nuha Bahrin,CASABLANCA,26,6,4,412666,4670436,Spotify MY Weekly Chart,https://kworb.net/spotify/country/my_weekly_totals.html
Idgitaf,Satu-Satu,32,0,49,176230,4638057,Spotify MY Weekly Chart,https://kworb.net/spotify/country/my_weekly_totals.html
Rosa Linn,SNAP,33,0,25,209088,4635509,Spotify MY Weekly Chart,https://kworb.net/spotify/country/my_weekly_totals.html
Mike Posner,I Took A Pill In Ibiza - Seeb Remix,76,2,8,111125,4633312,Spotify MY Weekly Chart,https://kworb.net/spotify/country/my_weekly_totals.html
wave to earth,bad,39,0,72,150730,4632134,Spotify MY Weekly Chart,https://kworb.net/spotify/country/my_weekly_totals.html
Drake,God's Plan,50,8,2,244351,4631229,Spotify MY Weekly Chart,https://kworb.net/spotify/country/my_weekly_totals.html
Mimifly,Serumpun,14,3,1,779097,4630563,Spotify MY Weekly Chart,https://kworb.net/spotify/country/my_weekly_totals.html
Arctic Monkeys,505,55,0,63,119512,4607862,Spotify MY Weekly Chart,https://kworb.net/spotify/country/my_weekly_totals.html
Taylor Swift,All Too Well (10 Minute Version) (Taylor's Version) (From The Vault),38,4,2,420749,4605832,Spotify MY Weekly Chart,https://kworb.net/spotify/country/my_weekly_totals.html
Fifth Harmony,Work from Home,67,17,4,142553,4586423,Spotify MY Weekly Chart,https://kworb.net/spotify/country/my_weekly_totals.html
BTS,ON,60,2,4,341681,4583565,Spotify MY Weekly Chart,https://kworb.net/spotify/country/my_weekly_totals.html
Weeekly,After School,49,0,14,201915,4581673,Spotify MY Weekly Chart,https://kworb.net/spotify/country/my_weekly_totals.html
Adele,Love In The Dark,53,0,70,112410,4564450,Spotify MY Weekly Chart,https://kworb.net/spotify/country/my_weekly_totals.html
Post Malone,Psycho,58,12,4,207875,4560497,Spotify MY Weekly Chart,https://kworb.net/spotify/country/my_weekly_totals.html
Dato' Sri Siti Nurhaliza,Aku Bidadari Syurgamu,43,1,9,195043,4559025,Spotify MY Weekly Chart,https://kworb.net/spotify/country/my_weekly_totals.html
Ariana Grande,Side To Side,57,11,7,162607,4557391,Spotify MY Weekly Chart,https://kworb.net/spotify/country/my_weekly_totals.html
Kenya Grace,Strangers,28,0,24,250003,4554346,Spotify MY Weekly Chart,https://kworb.net/spotify/country/my_weekly_totals.html
JISOO,EYES CLOSED,17,2,7,564570,4549609,Spotify MY Weekly Chart,https://kworb.net/spotify/country/my_weekly_totals.html
Maher Zain,Rahmatun Lil’Alameen,29,0,20,275444,4546256,Spotify MY Weekly Chart,https://kworb.net/spotify/country/my_weekly_totals.html
salem ilese,Mad at Disney,35,3,7,238699,4545828,Spotify MY Weekly Chart,https://kworb.net/spotify/country/my_weekly_totals.html
Iman Troye,Teman,44,0,19,181390,4544894,Spotify MY Weekly Chart,https://kworb.net/spotify/country/my_weekly_totals.html
Bella Poarch,Build a Bitch,27,6,5,346981,4532022,Spotify MY Weekly Chart,https://kworb.net/spotify/country/my_weekly_totals.html
ITZY,WANNABE,56,2,4,303924,4527339,Spotify MY Weekly Chart,https://kworb.net/spotify/country/my_weekly_totals.html
Surfaces,Sunday Best,34,2,10,213296,4521313,Spotify MY Weekly Chart,https://kworb.net/spotify/country/my_weekly_totals.html
DJ Snake,Taki Taki,39,11,5,207165,4519404,Spotify MY Weekly Chart,https://kworb.net/spotify/country/my_weekly_totals.html
Black Hanifah,Hijab Rindu,21,0,19,400470,4518901,Spotify MY Weekly Chart,https://kworb.net/spotify/country/my_weekly_totals.html
Mahalini,Kisah Sempurna,50,0,92,118929,4516614,Spotify MY Weekly Chart,https://kworb.net/spotify/country/my_weekly_totals.html
DaBaby,ROCKSTAR,52,0,15,184300,4507981,Spotify MY Weekly Chart,https://kworb.net/spotify/country/my_weekly_totals.html
Shawn Mendes,Wonder,46,0,12,221804,4496202,Spotify MY Weekly Chart,https://kworb.net/spotify/country/my_weekly_totals.html
Diego Gonzalez,You & I,35,0,43,201731,4485634,Spotify MY Weekly Chart,https://kworb.net/spotify/country/my_weekly_totals.html
Hafiz Suip,Takdir Tercipta,64,0,57,98089,4476806,Spotify MY Weekly Chart,https://kworb.net/spotify/country/my_weekly_totals.html
Steve Lacy,Bad Habit,38,0,39,154349,4471557,Spotify MY Weekly Chart,https://kworb.net/spotify/country/my_weekly_totals.html
Olivia Dean,Man I Need,28,0,48,208095,4468211,Spotify MY Weekly Chart,https://kworb.net/spotify/country/my_weekly_totals.html
Camila Cabello,Never Be the Same,52,9,5,200760,4462288,Spotify MY Weekly Chart,https://kworb.net/spotify/country/my_weekly_totals.html
Virgoun,Bukti,70,0,21,122165,4449399,Spotify MY Weekly Chart,https://kworb.net/spotify/country/my_weekly_totals.html
Lana Del Rey,Summertime Sadness,66,0,30,99565,4441160,Spotify MY Weekly Chart,https://kworb.net/spotify/country/my_weekly_totals.html
Hoobastank,The Reason,134,0,87,114582,4438107,Spotify MY Weekly Chart,https://kworb.net/spotify/country/my_weekly_totals.html
Noorkumalasari,Pulang Di Hari Raya,37,0,20,367331,4430203,Spotify MY Weekly Chart,https://kworb.net/spotify/country/my_weekly_totals.html
Zizan Razak,Chentaku,40,0,63,170207,4421476,Spotify MY Weekly Chart,https://kworb.net/spotify/country/my_weekly_totals.html
De Fam,Alamak Raya Lagi!,17,1,6,554389,4420910,Spotify MY Weekly Chart,https://kworb.net/spotify/country/my_weekly_totals.html
Libianca,People,33,0,42,226931,4417426,Spotify MY Weekly Chart,https://kworb.net/spotify/country/my_weekly_totals.html
Tiara Andini,Merasa Indah,53,0,60,99824,4410011,Spotify MY Weekly Chart,https://kworb.net/spotify/country/my_weekly_totals.html
Jung Kook,Dreamers [Music from the FIFA World Cup Qatar 2022 Official Soundtrack],25,3,4,377038,4409473,Spotify MY Weekly Chart,https://kworb.net/spotify/country/my_weekly_totals.html
keshi,Soft Spot,31,0,53,192771,4396996,Spotify MY Weekly Chart,https://kworb.net/spotify/country/my_weekly_totals.html
One Direction,Story of My Life,92,10,7,273874,4388251,Spotify MY Weekly Chart,https://kworb.net/spotify/country/my_weekly_totals.html
Imagine Dragons,Demons,167,18,7,119818,4380260,Spotify MY Weekly Chart,https://kworb.net/spotify/country/my_weekly_totals.html
LAUV,There's No Way,63,0,12,151132,4379459,Spotify MY Weekly Chart,https://kworb.net/spotify/country/my_weekly_totals.html
Jay Chou,說好不哭,53,2,3,365342,4346104,Spotify MY Weekly Chart,https://kworb.net/spotify/country/my_weekly_totals.html
BTS,Black Swan,46,2,2,467704,4344068,Spotify MY Weekly Chart,https://kworb.net/spotify/country/my_weekly_totals.html
Why Don't We,Big Plans,60,0,11,205898,4340698,Spotify MY Weekly Chart,https://kworb.net/spotify/country/my_weekly_totals.html
Jeremy Zucker,this is how you fall in love,58,0,24,127035,4336734,Spotify MY Weekly Chart,https://kworb.net/spotify/country/my_weekly_totals.html
Imran Ajmain,Seribu Tahun,52,0,65,170560,4331565,Spotify MY Weekly Chart,https://kworb.net/spotify/country/my_weekly_totals.html
Kerispatih,Tapi Bukan Aku,29,0,60,202677,4329199,Spotify MY Weekly Chart,https://kworb.net/spotify/country/my_weekly_totals.html
Wham!,Last Christmas,46,0,17,286246,4325060,Spotify MY Weekly Chart,https://kworb.net/spotify/country/my_weekly_totals.html
Sia,Thunderclouds,45,2,8,160188,4318575,Spotify MY Weekly Chart,https://kworb.net/spotify/country/my_weekly_totals.html
Billie Eilish,TV,43,0,49,123954,4313022,Spotify MY Weekly Chart,https://kworb.net/spotify/country/my_weekly_totals.html
Khalid,Talk,45,3,9,216711,4308019,Spotify MY Weekly Chart,https://kworb.net/spotify/country/my_weekly_totals.html
Panic! At The Disco,High Hopes,57,0,21,134172,4302627,Spotify MY Weekly Chart,https://kworb.net/spotify/country/my_weekly_totals.html
Nadin Amizah,Di Akhir Perang,28,0,78,180270,4299613,Spotify MY Weekly Chart,https://kworb.net/spotify/country/my_weekly_totals.html
FIFTY FIFTY,Cupid,21,0,16,306853,4286382,Spotify MY Weekly Chart,https://kworb.net/spotify/country/my_weekly_totals.html
Maroon 5,Don't Wanna Know,37,15,5,188792,4284718,Spotify MY Weekly Chart,https://kworb.net/spotify/country/my_weekly_totals.html
Katy Perry,Wide Awake,32,0,46,205092,4276026,Spotify MY Weekly Chart,https://kworb.net/spotify/country/my_weekly_totals.html
NIKI,lowkey,62,0,145,102312,4273255,Spotify MY Weekly Chart,https://kworb.net/spotify/country/my_weekly_totals.html
Tri Suaka,Aku Bukan Jodohnya,42,0,32,139571,4269117,Spotify MY Weekly Chart,https://kworb.net/spotify/country/my_weekly_totals.html
Loreen,Tattoo,32,0,49,181522,4261663,Spotify MY Weekly Chart,https://kworb.net/spotify/country/my_weekly_totals.html
Aisha Retno,Ketipak Ketipung Raya,15,2,6,487122,4257972,Spotify MY Weekly Chart,https://kworb.net/spotify/country/my_weekly_totals.html
SAINt JHN,Roses - Imanbek Remix,34,0,11,191983,4250983,Spotify MY Weekly Chart,https://kworb.net/spotify/country/my_weekly_totals.html
Shawn Mendes,Monster (Shawn Mendes & Justin Bieber),41,3,8,294202,4247296,Spotify MY Weekly Chart,https://kworb.net/spotify/country/my_weekly_totals.html
Exist,Rahsia Pohon Cemara,35,0,121,145171,4242571,Spotify MY Weekly Chart,https://kworb.net/spotify/country/my_weekly_totals.html
Anneth,Mungkin Hari Ini Esok Atau Nanti,48,2,7,195003,4232535,Spotify MY Weekly Chart,https://kworb.net/spotify/country/my_weekly_totals.html
Charli xcx,party 4 u,25,0,30,231003,4228782,Spotify MY Weekly Chart,https://kworb.net/spotify/country/my_weekly_totals.html
Harry Styles,Adore You,54,0,21,186641,4223656,Spotify MY Weekly Chart,https://kworb.net/spotify/country/my_weekly_totals.html
Mike Perry,The Ocean,60,0,12,132020,4212369,Spotify MY Weekly Chart,https://kworb.net/spotify/country/my_weekly_totals.html
HWASA,Maria,39,3,7,207588,4212060,Spotify MY Weekly Chart,https://kworb.net/spotify/country/my_weekly_totals.html
One Direction,What Makes You Beautiful,35,0,81,163297,4188575,Spotify MY Weekly Chart,https://kworb.net/spotify/country/my_weekly_totals.html
Bazzi,Paradise,44,0,18,160979,4177196,Spotify MY Weekly Chart,https://kworb.net/spotify/country/my_weekly_totals.html
Misha Omar,Sampai Bila,63,0,19,134924,4176209,Spotify MY Weekly Chart,https://kworb.net/spotify/country/my_weekly_totals.html
Hael Husaini,Jampi,61,0,17,136698,4168881,Spotify MY Weekly Chart,https://kworb.net/spotify/country/my_weekly_totals.html
Haqiem Rusli,Mimpi,46,3,6,208033,4168489,Spotify MY Weekly Chart,https://kworb.net/spotify/country/my_weekly_totals.html
One Direction,Perfect,58,12,2,257119,4151338,Spotify MY Weekly Chart,https://kworb.net/spotify/country/my_weekly_totals.html
Raim Laode,Bersenja Gurau,19,0,31,263112,4150665,Spotify MY Weekly Chart,https://kworb.net/spotify/country/my_weekly_totals.html
Haqiem Rusli,Sangkar Derita,25,0,46,222174,4143709,Spotify MY Weekly Chart,https://kworb.net/spotify/country/my_weekly_totals.html
John Mayer,New Light,64,0,19,134995,4143528,Spotify MY Weekly Chart,https://kworb.net/spotify/country/my_weekly_totals.html
SZA,Good Days,40,1,9,192130,4126614,Spotify MY Weekly Chart,https://kworb.net/spotify/country/my_weekly_totals.html
R. City,Locked Away,68,19,2,134221,4124758,Spotify MY Weekly Chart,https://kworb.net/spotify/country/my_weekly_totals.html
Doja Cat,You Right,49,0,21,181825,4112151,Spotify MY Weekly Chart,https://kworb.net/spotify/country/my_weekly_totals.html
ITZY,LOCO,37,0,11,251784,4104935,Spotify MY Weekly Chart,https://kworb.net/spotify/country/my_weekly_totals.html
CKay,love nwantiti (ah ah ah),32,0,14,230595,4104549,Spotify MY Weekly Chart,https://kworb.net/spotify/country/my_weekly_totals.html
Justin Bieber,Holy,36,2,9,230255,4100371,Spotify MY Weekly Chart,https://kworb.net/spotify/country/my_weekly_totals.html
Sudirman,Balik Kampung,28,0,16,353195,4090995,Spotify MY Weekly Chart,https://kworb.net/spotify/country/my_weekly_totals.html
Justin Timberlake,"CAN'T STOP THE FEELING! (Original Song from DreamWorks Animation's ""TROLLS"")",55,9,6,129786,4071803,Spotify MY Weekly Chart,https://kworb.net/spotify/country/my_weekly_totals.html
SEVENTEEN,Super,22,2,9,402985,4062797,Spotify MY Weekly Chart,https://kworb.net/spotify/country/my_weekly_totals.html
BTS,DNA,70,2,4,271520,4061579,Spotify MY Weekly Chart,https://kworb.net/spotify/country/my_weekly_totals.html
Imagine Dragons,Believer,81,0,26,111272,4047563,Spotify MY Weekly Chart,https://kworb.net/spotify/country/my_weekly_totals.html
A-Lin,有一種悲傷 - 電影《比悲傷更悲傷的故事》主題曲,64,2,7,187856,4038627,Spotify MY Weekly Chart,https://kworb.net/spotify/country/my_weekly_totals.html
ENHYPEN,FEVER,46,0,28,144244,4021910,Spotify MY Weekly Chart,https://kworb.net/spotify/country/my_weekly_totals.html
Junainah,Suasana Riang Di Hari Raya,37,0,22,281213,4007860,Spotify MY Weekly Chart,https://kworb.net/spotify/country/my_weekly_totals.html
Jeremy Zucker,you were good to me,78,0,107,61270,4001251,Spotify MY Weekly Chart,https://kworb.net/spotify/country/my_weekly_totals.html
JJ Lin,Bedroom,40,0,27,142700,3992069,Spotify MY Weekly Chart,https://kworb.net/spotify/country/my_weekly_totals.html
K-Clique,Sah Tu Satu,48,0,36,126552,3984959,Spotify MY Weekly Chart,https://kworb.net/spotify/country/my_weekly_totals.html
Azlina Aziz,Indahnya Beraya Di Desa,27,0,18,387117,3982768,Spotify MY Weekly Chart,https://kworb.net/spotify/country/my_weekly_totals.html
Rahmat,Siapa Di Hatimu,20,0,37,260146,3981456,Spotify MY Weekly Chart,https://kworb.net/spotify/country/my_weekly_totals.html
Hannah Delisha,Esok Masih Ada,25,0,32,271419,3981445,Spotify MY Weekly Chart,https://kworb.net/spotify/country/my_weekly_totals.html
Maroon 5,Beautiful Mistakes,43,0,19,159361,3978331,Spotify MY Weekly Chart,https://kworb.net/spotify/country/my_weekly_totals.html
Surf Mesa,ily,31,4,9,212902,3976815,Spotify MY Weekly Chart,https://kworb.net/spotify/country/my_weekly_totals.html
Wiz Khalifa,See You Again,92,17,1,141576,3965095,Spotify MY Weekly Chart,https://kworb.net/spotify/country/my_weekly_totals.html
NF,Let You Down,37,0,11,178611,3958606,Spotify MY Weekly Chart,https://kworb.net/spotify/country/my_weekly_totals.html
ZICO,Any song,31,5,6,305097,3952717,Spotify MY Weekly Chart,https://kworb.net/spotify/country/my_weekly_totals.html
d4vd,Sleep Well,35,0,64,166078,3950541,Spotify MY Weekly Chart,https://kworb.net/spotify/country/my_weekly_totals.html
Taylor Swift,Midnight Rain,28,1,7,396732,3948928,Spotify MY Weekly Chart,https://kworb.net/spotify/country/my_weekly_totals.html
Unknown Artist,Nazam Lebaran,32,0,25,306437,3939290,Spotify MY Weekly Chart,https://kworb.net/spotify/country/my_weekly_totals.html
JENNIE,ExtraL,17,0,13,429874,3938404,Spotify MY Weekly Chart,https://kworb.net/spotify/country/my_weekly_totals.html
Coldplay,Fix You,152,0,25,256237,3924044,Spotify MY Weekly Chart,https://kworb.net/spotify/country/my_weekly_totals.html
Khalid,Love Lies,51,3,8,170813,3922750,Spotify MY Weekly Chart,https://kworb.net/spotify/country/my_weekly_totals.html
RAYE,WHERE IS MY HUSBAND!,25,0,62,186824,3918810,Spotify MY Weekly Chart,https://kworb.net/spotify/country/my_weekly_totals.html
Sia,Snowman,33,2,3,259467,3916523,Spotify MY Weekly Chart,https://kworb.net/spotify/country/my_weekly_totals.html
Maggie Lindemann,Pretty Girl - Cheat Codes X CADE Remix,48,0,16,148858,3891944,Spotify MY Weekly Chart,https://kworb.net/spotify/country/my_weekly_totals.html
Jay Chou,告白氣球,115,0,79,58785,3886750,Spotify MY Weekly Chart,https://kworb.net/spotify/country/my_weekly_totals.html
ZAYN,PILLOWTALK,53,15,1,201906,3882648,Spotify MY Weekly Chart,https://kworb.net/spotify/country/my_weekly_totals.html
Adele,Hello,68,14,1,245143,3878281,Spotify MY Weekly Chart,https://kworb.net/spotify/country/my_weekly_totals.html
James Arthur,Falling like the Stars,53,0,27,135355,3859764,Spotify MY Weekly Chart,https://kworb.net/spotify/country/my_weekly_totals.html
Justin Bieber,Favorite Girl,31,0,18,411028,3854698,Spotify MY Weekly Chart,https://kworb.net/spotify/country/my_weekly_totals.html
The Marías,Sienna,27,0,90,159653,3852627,Spotify MY Weekly Chart,https://kworb.net/spotify/country/my_weekly_totals.html
Kaleb J,Di Balik Pertanda,23,0,23,307114,3852622,Spotify MY Weekly Chart,https://kworb.net/spotify/country/my_weekly_totals.html
Fujii Kaze,死ぬのがいいわ,14,6,7,339238,3837951,Spotify MY Weekly Chart,https://kworb.net/spotify/country/my_weekly_totals.html
Major Lazer,Lean On,92,23,3,83162,3836130,Spotify MY Weekly Chart,https://kworb.net/spotify/country/my_weekly_totals.html
Artemas,i like the way you kiss me,20,0,25,302338,3824517,Spotify MY Weekly Chart,https://kworb.net/spotify/country/my_weekly_totals.html
Demi Lovato,Sorry Not Sorry,43,0,12,160791,3824138,Spotify MY Weekly Chart,https://kworb.net/spotify/country/my_weekly_totals.html
Umay Shahab,perayaan mati rasa,22,0,33,267668,3818224,Spotify MY Weekly Chart,https://kworb.net/spotify/country/my_weekly_totals.html
FORCEPARKBOIS,LOTUS,46,0,17,177065,3812558,Spotify MY Weekly Chart,https://kworb.net/spotify/country/my_weekly_totals.html
Drake,Toosie Slide,26,7,2,267682,3809414,Spotify MY Weekly Chart,https://kworb.net/spotify/country/my_weekly_totals.html
Budak Kacamata,Bintang (Original Version),13,0,13,375098,3800058,Spotify MY Weekly Chart,https://kworb.net/spotify/country/my_weekly_totals.html
Lil Nas X,Old Town Road - Remix,32,0,12,180413,3796287,Spotify MY Weekly Chart,https://kworb.net/spotify/country/my_weekly_totals.html
Sudirman,Dari Jauh Kupohon Maaf,37,0,25,276566,3789676,Spotify MY Weekly Chart,https://kworb.net/spotify/country/my_weekly_totals.html
TAEYANG,Shoong!,20,0,19,327490,3787093,Spotify MY Weekly Chart,https://kworb.net/spotify/country/my_weekly_totals.html
aespa,Next Level,47,0,23,154154,3784711,Spotify MY Weekly Chart,https://kworb.net/spotify/country/my_weekly_totals.html
JENNIE,Love Hangover,15,0,16,449251,3764409,Spotify MY Weekly Chart,https://kworb.net/spotify/country/my_weekly_totals.html
Shawn Mendes,Mercy,68,0,19,110803,3755417,Spotify MY Weekly Chart,https://kworb.net/spotify/country/my_weekly_totals.html
mgk,Bad Things - With Camila Cabello,29,13,6,185916,3753187,Spotify MY Weekly Chart,https://kworb.net/spotify/country/my_weekly_totals.html
NewJeans,New Jeans,19,1,8,410886,3752056,Spotify MY Weekly Chart,https://kworb.net/spotify/country/my_weekly_totals.html
DNCE,Cake By The Ocean,67,3,9,96721,3752033,Spotify MY Weekly Chart,https://kworb.net/spotify/country/my_weekly_totals.html
Cakra Khan,Terlanjur Cinta,55,0,42,100702,3738094,Spotify MY Weekly Chart,https://kworb.net/spotify/country/my_weekly_totals.html
Laufey,From The Start,34,0,99,133151,3726917,Spotify MY Weekly Chart,https://kworb.net/spotify/country/my_weekly_totals.html
Hyper Act,Kasih,49,0,75,144092,3725953,Spotify MY Weekly Chart,https://kworb.net/spotify/country/my_weekly_totals.html
Clean Bandit,I Miss You,41,0,16,151319,3714464,Spotify MY Weekly Chart,https://kworb.net/spotify/country/my_weekly_totals.html
Tom Odell,Another Love,39,0,83,122444,3705043,Spotify MY Weekly Chart,https://kworb.net/spotify/country/my_weekly_totals.html
Ariana Grande,Santa Tell Me,41,0,12,244274,3701634,Spotify MY Weekly Chart,https://kworb.net/spotify/country/my_weekly_totals.html
Jonas Blue,Rise,42,3,6,197736,3694737,Spotify MY Weekly Chart,https://kworb.net/spotify/country/my_weekly_totals.html
Taylor Swift,Look What You Made Me Do,32,8,1,427141,3689659,Spotify MY Weekly Chart,https://kworb.net/spotify/country/my_weekly_totals.html
Secondhand Serenade,Fall for You (Acoustic),96,0,96,45780,3687855,Spotify MY Weekly Chart,https://kworb.net/spotify/country/my_weekly_totals.html
Virgoun,Surat Cinta Untuk Starla,45,0,19,149647,3685731,Spotify MY Weekly Chart,https://kworb.net/spotify/country/my_weekly_totals.html
Shawn Mendes,It'll Be Okay,36,0,26,156480,3684564,Spotify MY Weekly Chart,https://kworb.net/spotify/country/my_weekly_totals.html
Kendrick Lamar,HUMBLE.,56,0,17,149178,3683209,Spotify MY Weekly Chart,https://kworb.net/spotify/country/my_weekly_totals.html
Zedd,Happy Now,44,7,5,190529,3682439,Spotify MY Weekly Chart,https://kworb.net/spotify/country/my_weekly_totals.html
Billie Eilish,idontwannabeyouanymore,67,0,66,79575,3677023,Spotify MY Weekly Chart,https://kworb.net/spotify/country/my_weekly_totals.html
Hael Husaini,Meriah Lain Macam,12,2,4,686185,3667166,Spotify MY Weekly Chart,https://kworb.net/spotify/country/my_weekly_totals.html
Ariana Grande,Love Me Harder,62,14,4,177329,3666534,Spotify MY Weekly Chart,https://kworb.net/spotify/country/my_weekly_totals.html
Drake,In My Feelings,27,7,1,437524,3664071,Spotify MY Weekly Chart,https://kworb.net/spotify/country/my_weekly_totals.html
Aina Abdul,Semalam,52,0,28,137340,3656976,Spotify MY Weekly Chart,https://kworb.net/spotify/country/my_weekly_totals.html
Coldplay,A Sky Full of Stars,128,16,3,250856,3635454,Spotify MY Weekly Chart,https://kworb.net/spotify/country/my_weekly_totals.html
Naim Daniel,Sembah,52,0,53,94036,3630642,Spotify MY Weekly Chart,https://kworb.net/spotify/country/my_weekly_totals.html
LE SSERAFIM,CRAZY,22,0,19,297944,3630451,Spotify MY Weekly Chart,https://kworb.net/spotify/country/my_weekly_totals.html
TWICE,Feel Special,43,1,7,267325,3620847,Spotify MY Weekly Chart,https://kworb.net/spotify/country/my_weekly_totals.html
Natasya Sabella,Menerima Luka,21,0,43,219169,3620095,Spotify MY Weekly Chart,https://kworb.net/spotify/country/my_weekly_totals.html
YOASOBI,夜に駆ける,63,0,87,77257,3610460,Spotify MY Weekly Chart,https://kworb.net/spotify/country/my_weekly_totals.html
Troye Sivan,YOUTH,65,0,13,104171,3604532,Spotify MY Weekly Chart,https://kworb.net/spotify/country/my_weekly_totals.html
Bruno Mars,24K Magic,48,2,10,143775,3604103,Spotify MY Weekly Chart,https://kworb.net/spotify/country/my_weekly_totals.html
LAUV,Who,44,0,15,230247,3599873,Spotify MY Weekly Chart,https://kworb.net/spotify/country/my_weekly_totals.html
ALYPH,SWIPE,21,3,3,415616,3598642,Spotify MY Weekly Chart,https://kworb.net/spotify/country/my_weekly_totals.html
My Chemical Romance,I Don't Love You,23,0,17,414994,3597381,Spotify MY Weekly Chart,https://kworb.net/spotify/country/my_weekly_totals.html
Martin Garrix,Ocean,38,7,4,223258,3592954,Spotify MY Weekly Chart,https://kworb.net/spotify/country/my_weekly_totals.html
BLACKPINK,Don't Know What To Do,39,4,3,339888,3586829,Spotify MY Weekly Chart,https://kworb.net/spotify/country/my_weekly_totals.html
Cenderawasih,Bersama Di Hari Raya,33,0,27,340807,3581580,Spotify MY Weekly Chart,https://kworb.net/spotify/country/my_weekly_totals.html
Tiara Andini,Janji Setia,31,0,111,144833,3579676,Spotify MY Weekly Chart,https://kworb.net/spotify/country/my_weekly_totals.html
TWICE,"TAKEDOWN (JEONGYEON, JIHYO, CHAEYOUNG)",18,0,25,295373,3578296,Spotify MY Weekly Chart,https://kworb.net/spotify/country/my_weekly_totals.html
Haqiem Rusli,Segalanya,76,0,40,73733,3565027,Spotify MY Weekly Chart,https://kworb.net/spotify/country/my_weekly_totals.html
NewJeans,ETA,23,0,15,354171,3556926,Spotify MY Weekly Chart,https://kworb.net/spotify/country/my_weekly_totals.html
Shawn Mendes,Lost In Japan,63,0,20,121328,3555016,Spotify MY Weekly Chart,https://kworb.net/spotify/country/my_weekly_totals.html
DJ Snake,Middle,60,0,15,102788,3554699,Spotify MY Weekly Chart,https://kworb.net/spotify/country/my_weekly_totals.html
keshi,beside you,52,0,37,121197,3546044,Spotify MY Weekly Chart,https://kworb.net/spotify/country/my_weekly_totals.html
Marshmello,Here With Me,42,0,17,170459,3543197,Spotify MY Weekly Chart,https://kworb.net/spotify/country/my_weekly_totals.html
Ed Sheeran,Perfect Duet (Ed Sheeran & Beyoncé),56,3,7,234100,3541160,Spotify MY Weekly Chart,https://kworb.net/spotify/country/my_weekly_totals.html
Floor 88,Hutang,34,0,28,157175,3537600,Spotify MY Weekly Chart,https://kworb.net/spotify/country/my_weekly_totals.html
TWICE,I CAN'T STOP ME,37,2,6,284935,3534097,Spotify MY Weekly Chart,https://kworb.net/spotify/country/my_weekly_totals.html
ZAYN,Let Me,36,9,3,215009,3533963,Spotify MY Weekly Chart,https://kworb.net/spotify/country/my_weekly_totals.html
Niall Horan,Slow Hands,41,0,18,136453,3529804,Spotify MY Weekly Chart,https://kworb.net/spotify/country/my_weekly_totals.html
The Weeknd,I Feel It Coming,45,0,11,144173,3528660,Spotify MY Weekly Chart,https://kworb.net/spotify/country/my_weekly_totals.html
BLACKPINK,Hard to Love,26,1,4,537724,3523750,Spotify MY Weekly Chart,https://kworb.net/spotify/country/my_weekly_totals.html
Sam Smith,Stay With Me,129,22,2,49651,3522078,Spotify MY Weekly Chart,https://kworb.net/spotify/country/my_weekly_totals.html
Justin Bieber,Anyone,40,3,9,216153,3518005,Spotify MY Weekly Chart,https://kworb.net/spotify/country/my_weekly_totals.html
Kelly Yu,體面(電影《前任3:再見前任》插曲),65,0,31,95762,3510322,Spotify MY Weekly Chart,https://kworb.net/spotify/country/my_weekly_totals.html
LANY,Malibu Nights,72,0,55,90171,3509339,Spotify MY Weekly Chart,https://kworb.net/spotify/country/my_weekly_totals.html
Ariff Bahran,Kata Akhirmu,65,0,37,87544,3503063,Spotify MY Weekly Chart,https://kworb.net/spotify/country/my_weekly_totals.html
bbno$,edamame,34,0,24,172791,3500270,Spotify MY Weekly Chart,https://kworb.net/spotify/country/my_weekly_totals.html
BTS,Body to Body,16,2,7,470514,3487176,Spotify MY Weekly Chart,https://kworb.net/spotify/country/my_weekly_totals.html
Sevdaliza,Alibi,18,0,19,294595,3484279,Spotify MY Weekly Chart,https://kworb.net/spotify/country/my_weekly_totals.html
Haqiem Rusli,Selamat Tinggal Sayang,62,0,45,76520,3483481,Spotify MY Weekly Chart,https://kworb.net/spotify/country/my_weekly_totals.html
LE SSERAFIM,UNFORGIVEN,19,0,15,336615,3482535,Spotify MY Weekly Chart,https://kworb.net/spotify/country/my_weekly_totals.html
Rudimental,These Days,39,3,8,176129,3480168,Spotify MY Weekly Chart,https://kworb.net/spotify/country/my_weekly_totals.html
Yonnyboii,SALAHKU,40,0,28,123587,3475857,Spotify MY Weekly Chart,https://kworb.net/spotify/country/my_weekly_totals.html
Dua Lipa,Break My Heart,28,0,18,169187,3470441,Spotify MY Weekly Chart,https://kworb.net/spotify/country/my_weekly_totals.html
Nabila Razali,Peluang Kedua,35,0,14,174320,3468237,Spotify MY Weekly Chart,https://kworb.net/spotify/country/my_weekly_totals.html
Haqiem Rusli,Tergantung Sepi,57,0,32,97077,3455064,Spotify MY Weekly Chart,https://kworb.net/spotify/country/my_weekly_totals.html
G-Eazy,Good Life,33,8,3,234447,3453063,Spotify MY Weekly Chart,https://kworb.net/spotify/country/my_weekly_totals.html
Donne Maula,Bercinta Lewat Kata - OST Jatuh Cinta Seperti di Film-Film,25,0,72,160008,3447411,Spotify MY Weekly Chart,https://kworb.net/spotify/country/my_weekly_totals.html
Ariana Grande,"break up with your girlfriend, i'm bored",28,6,2,315712,3439450,Spotify MY Weekly Chart,https://kworb.net/spotify/country/my_weekly_totals.html
Lil Mosey,Blueberry Faygo,33,0,24,147014,3438838,Spotify MY Weekly Chart,https://kworb.net/spotify/country/my_weekly_totals.html
Last Child,Duka,31,0,150,127107,3438735,Spotify MY Weekly Chart,https://kworb.net/spotify/country/my_weekly_totals.html
Sanisah Huri,Aidilfitri,31,0,32,285598,3430809,Spotify MY Weekly Chart,https://kworb.net/spotify/country/my_weekly_totals.html
XXXTENTACION,SAD!,53,0,14,148316,3430615,Spotify MY Weekly Chart,https://kworb.net/spotify/country/my_weekly_totals.html
Imagine Dragons,Enemy,27,0,21,180467,3429806,Spotify MY Weekly Chart,https://kworb.net/spotify/country/my_weekly_totals.html
IVE,Kitsch,20,0,24,291735,3419934,Spotify MY Weekly Chart,https://kworb.net/spotify/country/my_weekly_totals.html
Jessi,ZOOM,23,2,6,255270,3410623,Spotify MY Weekly Chart,https://kworb.net/spotify/country/my_weekly_totals.html
Taylor Swift,You Need To Calm Down,36,2,4,275147,3410112,Spotify MY Weekly Chart,https://kworb.net/spotify/country/my_weekly_totals.html
G-Eazy,"Me, Myself & I",64,12,8,113185,3400778,Spotify MY Weekly Chart,https://kworb.net/spotify/country/my_weekly_totals.html
Cheat Codes,Stay With You,42,0,28,112033,3383653,Spotify MY Weekly Chart,https://kworb.net/spotify/country/my_weekly_totals.html
Axwell /\ Ingrosso,More Than You Know,45,0,22,119537,3380158,Spotify MY Weekly Chart,https://kworb.net/spotify/country/my_weekly_totals.html
Hearts2Hearts,RUDE!,18,0,40,249616,3374600,Spotify MY Weekly Chart,https://kworb.net/spotify/country/my_weekly_totals.html
One Direction,Right Now,37,0,127,129584,3368746,Spotify MY Weekly Chart,https://kworb.net/spotify/country/my_weekly_totals.html
Avicii,Lonely Together,41,0,18,132068,3368474,Spotify MY Weekly Chart,https://kworb.net/spotify/country/my_weekly_totals.html
Ellie Goulding,Love Me Like You Do,85,18,1,120742,3364144,Spotify MY Weekly Chart,https://kworb.net/spotify/country/my_weekly_totals.html
Alan Walker,Alone,50,0,16,118861,3362955,Spotify MY Weekly Chart,https://kworb.net/spotify/country/my_weekly_totals.html
Twenty One Pilots,Stressed Out,66,7,7,108578,3362086,Spotify MY Weekly Chart,https://kworb.net/spotify/country/my_weekly_totals.html
Martin Garrix,So Far Away,30,3,9,186515,3360334,Spotify MY Weekly Chart,https://kworb.net/spotify/country/my_weekly_totals.html
Megan Thee Stallion,Mamushi,15,0,15,314251,3355270,Spotify MY Weekly Chart,https://kworb.net/spotify/country/my_weekly_totals.html
Starley,Call On Me - Ryan Riback Extended Remix,37,0,16,126177,3347812,Spotify MY Weekly Chart,https://kworb.net/spotify/country/my_weekly_totals.html
Cakra Khan,Harus Terpisah,29,0,73,165778,3346405,Spotify MY Weekly Chart,https://kworb.net/spotify/country/my_weekly_totals.html
i-dle,TOMBOY,32,0,14,208703,3342271,Spotify MY Weekly Chart,https://kworb.net/spotify/country/my_weekly_totals.html
BTS,Run BTS,32,1,7,396312,3340987,Spotify MY Weekly Chart,https://kworb.net/spotify/country/my_weekly_totals.html
Tan Sri P. Ramlee,Dendang Perantau,35,0,31,306722,3328137,Spotify MY Weekly Chart,https://kworb.net/spotify/country/my_weekly_totals.html
Harry Styles,Late Night Talking,31,0,16,195933,3326761,Spotify MY Weekly Chart,https://kworb.net/spotify/country/my_weekly_totals.html
Daniel Caesar,Get You,35,0,119,135378,3320285,Spotify MY Weekly Chart,https://kworb.net/spotify/country/my_weekly_totals.html
Ariana Grande,twilight zone,15,0,14,380888,3318810,Spotify MY Weekly Chart,https://kworb.net/spotify/country/my_weekly_totals.html
Travis Scott,SICKO MODE,50,0,32,96815,3318661,Spotify MY Weekly Chart,https://kworb.net/spotify/country/my_weekly_totals.html
Katy Perry,Never Really Over,36,0,12,223547,3313287,Spotify MY Weekly Chart,https://kworb.net/spotify/country/my_weekly_totals.html
Yuna,Crush,48,4,7,122957,3310820,Spotify MY Weekly Chart,https://kworb.net/spotify/country/my_weekly_totals.html
Andi Bernadee,Donde,40,0,18,156985,3300767,Spotify MY Weekly Chart,https://kworb.net/spotify/country/my_weekly_totals.html
LE SSERAFIM,SPAGHETTI,15,0,23,285597,3276060,Spotify MY Weekly Chart,https://kworb.net/spotify/country/my_weekly_totals.html
Ahmad Jais,Selamat Hari Raya,36,0,24,244668,3274942,Spotify MY Weekly Chart,https://kworb.net/spotify/country/my_weekly_totals.html
NewJeans,Cookie,34,0,62,144371,3270177,Spotify MY Weekly Chart,https://kworb.net/spotify/country/my_weekly_totals.html
Peterpan,Mungkin Nanti,70,0,149,85130,3262325,Spotify MY Weekly Chart,https://kworb.net/spotify/country/my_weekly_totals.html
Pendarra,Kukira Kau Rumah,37,0,20,181647,3258044,Spotify MY Weekly Chart,https://kworb.net/spotify/country/my_weekly_totals.html
Nyanyian Ramai,Warna Warni Aidilfitri,27,0,26,284374,3254950,Spotify MY Weekly Chart,https://kworb.net/spotify/country/my_weekly_totals.html
Rombongan Bodonk Koplo,Kasih Tau Mama (Malam Minggu),18,0,39,254158,3253064,Spotify MY Weekly Chart,https://kworb.net/spotify/country/my_weekly_totals.html
TOMORROW X TOGETHER,0X1=LOVESONG (I Know I Love You) feat. Seori,36,0,27,150781,3248852,Spotify MY Weekly Chart,https://kworb.net/spotify/country/my_weekly_totals.html
Ernie Zakri,Gundah,56,0,34,123441,3232020,Spotify MY Weekly Chart,https://kworb.net/spotify/country/my_weekly_totals.html
Lady Gaga,Sour Candy,25,5,1,420036,3229770,Spotify MY Weekly Chart,https://kworb.net/spotify/country/my_weekly_totals.html
Wany Hasrita,Menahan Rindu,58,0,30,99120,3229119,Spotify MY Weekly Chart,https://kworb.net/spotify/country/my_weekly_totals.html
Beach Weather,"Sex, Drugs, Etc.",29,0,57,133222,3225863,Spotify MY Weekly Chart,https://kworb.net/spotify/country/my_weekly_totals.html
i-dle,Nxde,23,0,34,211905,3225537,Spotify MY Weekly Chart,https://kworb.net/spotify/country/my_weekly_totals.html
Taylor Swift,All Of The Girls You Loved Before,24,0,17,284571,3223900,Spotify MY Weekly Chart,https://kworb.net/spotify/country/my_weekly_totals.html
Ariana Grande,"yes, and?",17,1,7,408429,3220778,Spotify MY Weekly Chart,https://kworb.net/spotify/country/my_weekly_totals.html
Tulus,Teh Hijau,5,4,1,989741,3218693,Spotify MY Weekly Chart,https://kworb.net/spotify/country/my_weekly_totals.html
Aman Shah,Kepulangan Yang Di Nanti,29,0,35,282530,3214096,Spotify MY Weekly Chart,https://kworb.net/spotify/country/my_weekly_totals.html
Maroon 5,Sugar,97,14,1,90677,3210153,Spotify MY Weekly Chart,https://kworb.net/spotify/country/my_weekly_totals.html
Addison Rae,Diet Pepsi,19,0,28,286264,3208264,Spotify MY Weekly Chart,https://kworb.net/spotify/country/my_weekly_totals.html
JENNIE,Handlebars,14,0,12,462105,3199772,Spotify MY Weekly Chart,https://kworb.net/spotify/country/my_weekly_totals.html
Alessia Cara,How Far I'll Go,35,0,11,153086,3190202,Spotify MY Weekly Chart,https://kworb.net/spotify/country/my_weekly_totals.html
Rex Orange County,AMAZING,25,0,26,210563,3189554,Spotify MY Weekly Chart,https://kworb.net/spotify/country/my_weekly_totals.html
Kygo,Stargazing,35,2,10,174640,3183683,Spotify MY Weekly Chart,https://kworb.net/spotify/country/my_weekly_totals.html
TWICE,What is Love?,54,0,19,131301,3182511,Spotify MY Weekly Chart,https://kworb.net/spotify/country/my_weekly_totals.html
Camila Cabello,Real Friends,43,0,13,157568,3171904,Spotify MY Weekly Chart,https://kworb.net/spotify/country/my_weekly_totals.html
LISA,New Woman,14,0,11,369532,3169390,Spotify MY Weekly Chart,https://kworb.net/spotify/country/my_weekly_totals.html
PUBLIC,Make You Mine,38,0,21,165214,3152779,Spotify MY Weekly Chart,https://kworb.net/spotify/country/my_weekly_totals.html
Elton John,Cold Heart - PNAU Remix,38,0,53,120906,3149487,Spotify MY Weekly Chart,https://kworb.net/spotify/country/my_weekly_totals.html
Hael Husaini,Haram,53,0,33,96559,3144342,Spotify MY Weekly Chart,https://kworb.net/spotify/country/my_weekly_totals.html
Bruno Mars,Grenade,29,0,113,148668,3127830,Spotify MY Weekly Chart,https://kworb.net/spotify/country/my_weekly_totals.html
Khalid,Location,67,0,35,83940,3123900,Spotify MY Weekly Chart,https://kworb.net/spotify/country/my_weekly_totals.html
Charlie Puth,Marvin Gaye,64,15,3,98468,3121864,Spotify MY Weekly Chart,https://kworb.net/spotify/country/my_weekly_totals.html
Luis Fonsi,Despacito (Featuring Daddy Yankee),46,1,9,182940,3119526,Spotify MY Weekly Chart,https://kworb.net/spotify/country/my_weekly_totals.html
James Arthur,Impossible,29,0,44,138077,3111473,Spotify MY Weekly Chart,https://kworb.net/spotify/country/my_weekly_totals.html
Yovie Widianto,Tanpa Cinta,14,0,15,364778,3101356,Spotify MY Weekly Chart,https://kworb.net/spotify/country/my_weekly_totals.html
Ecko Show,Orang Baru Lebe Gacor,15,0,32,288080,3095685,Spotify MY Weekly Chart,https://kworb.net/spotify/country/my_weekly_totals.html
Ariana Grande,Into You,46,0,17,133507,3086321,Spotify MY Weekly Chart,https://kworb.net/spotify/country/my_weekly_totals.html
BTS,Make It Right,28,0,12,240507,3084206,Spotify MY Weekly Chart,https://kworb.net/spotify/country/my_weekly_totals.html
Dua Lipa,Dance The Night (From Barbie The Album),22,0,31,243230,3083963,Spotify MY Weekly Chart,https://kworb.net/spotify/country/my_weekly_totals.html
V,Christmas Tree,24,0,12,225891,3082143,Spotify MY Weekly Chart,https://kworb.net/spotify/country/my_weekly_totals.html
Cardi B,WAP,29,2,10,208648,3078447,Spotify MY Weekly Chart,https://kworb.net/spotify/country/my_weekly_totals.html
The Vamps,All Night,41,0,17,130550,3068183,Spotify MY Weekly Chart,https://kworb.net/spotify/country/my_weekly_totals.html
Jonas Blue,Perfect Strangers,46,0,18,109636,3063570,Spotify MY Weekly Chart,https://kworb.net/spotify/country/my_weekly_totals.html
Post Malone,One Right Now,33,0,24,171231,3062080,Spotify MY Weekly Chart,https://kworb.net/spotify/country/my_weekly_totals.html
Olivia Rodrigo,the cure,11,0,13,366070,3059328,Spotify MY Weekly Chart,https://kworb.net/spotify/country/my_weekly_totals.html
IamNeeta,Jatuh Cinta,30,0,93,143063,3052352,Spotify MY Weekly Chart,https://kworb.net/spotify/country/my_weekly_totals.html
Alif Satar,Sesungguhnya Aku,64,0,46,81186,3050043,Spotify MY Weekly Chart,https://kworb.net/spotify/country/my_weekly_totals.html
Usop,Selamanya,53,0,61,89043,3050003,Spotify MY Weekly Chart,https://kworb.net/spotify/country/my_weekly_totals.html
James Arthur,Car's Outside - Sped Up Version,29,0,100,131455,3048700,Spotify MY Weekly Chart,https://kworb.net/spotify/country/my_weekly_totals.html
The Lantis,Lampu Merah,18,0,24,245281,3045125,Spotify MY Weekly Chart,https://kworb.net/spotify/country/my_weekly_totals.html
B.o.B,Nothin' on You,21,0,110,170227,3036364,Spotify MY Weekly Chart,https://kworb.net/spotify/country/my_weekly_totals.html
The Weeknd,After Hours,31,0,19,191858,3035808,Spotify MY Weekly Chart,https://kworb.net/spotify/country/my_weekly_totals.html
LAUV,Sad Forever,42,0,32,142951,3033142,Spotify MY Weekly Chart,https://kworb.net/spotify/country/my_weekly_totals.html
SZA,Low,23,0,40,198109,3030856,Spotify MY Weekly Chart,https://kworb.net/spotify/country/my_weekly_totals.html
Mahalini,Sampai Menutup Mata,18,0,19,312182,3023316,Spotify MY Weekly Chart,https://kworb.net/spotify/country/my_weekly_totals.html
Exists,Alasanmu,22,0,88,174950,3022829,Spotify MY Weekly Chart,https://kworb.net/spotify/country/my_weekly_totals.html
dia,SENCY,17,0,56,215883,3021339,Spotify MY Weekly Chart,https://kworb.net/spotify/country/my_weekly_totals.html
WeiBird,"如果可以 - 電影""月老""主題曲",37,0,27,160700,3021310,Spotify MY Weekly Chart,https://kworb.net/spotify/country/my_weekly_totals.html
BLACKPINK,BOOMBAYAH - KR Ver.,69,0,76,71397,3008911,Spotify MY Weekly Chart,https://kworb.net/spotify/country/my_weekly_totals.html
Steve Aoki,Waste It On Me,30,3,2,260085,3002266,Spotify MY Weekly Chart,https://kworb.net/spotify/country/my_weekly_totals.html
Peach Tree Rascals,Mariposa,28,0,14,184440,2983140,Spotify MY Weekly Chart,https://kworb.net/spotify/country/my_weekly_totals.html
Eric Chou,"你,好不好? - TVBS連續劇【遺憾拼圖】片尾曲",89,0,57,46541,2982198,Spotify MY Weekly Chart,https://kworb.net/spotify/country/my_weekly_totals.html
James Bay,Let It Go,107,0,57,46194,2982157,Spotify MY Weekly Chart,https://kworb.net/spotify/country/my_weekly_totals.html
Black Dog Bone,Cahaya Aidilfitri,30,0,41,237617,2979942,Spotify MY Weekly Chart,https://kworb.net/spotify/country/my_weekly_totals.html
Fazidah Joned,Selamat Hari Raya,35,0,25,197240,2971734,Spotify MY Weekly Chart,https://kworb.net/spotify/country/my_weekly_totals.html
Why Don't We,Grey,34,0,27,122533,2969121,Spotify MY Weekly Chart,https://kworb.net/spotify/country/my_weekly_totals.html
53 UNIVERSE,PP at Bukit Tabur,17,0,27,287684,2968695,Spotify MY Weekly Chart,https://kworb.net/spotify/country/my_weekly_totals.html
Post Malone,Congratulations,62,0,48,70346,2964915,Spotify MY Weekly Chart,https://kworb.net/spotify/country/my_weekly_totals.html
Logic,1-800-273-8255,44,0,19,148527,2959013,Spotify MY Weekly Chart,https://kworb.net/spotify/country/my_weekly_totals.html
aespa,UP - KARINA Solo,16,0,15,379876,2957929,Spotify MY Weekly Chart,https://kworb.net/spotify/country/my_weekly_totals.html
Don Toliver,Lose My Mind,15,0,26,316272,2957707,Spotify MY Weekly Chart,https://kworb.net/spotify/country/my_weekly_totals.html
Clinton Kane,I GUESS I'M IN LOVE,30,0,43,133674,2954412,Spotify MY Weekly Chart,https://kworb.net/spotify/country/my_weekly_totals.html
Ariana Grande,God is a woman,31,4,5,223179,2954221,Spotify MY Weekly Chart,https://kworb.net/spotify/country/my_weekly_totals.html
Olivia Rodrigo,favorite crime,38,0,26,143573,2953460,Spotify MY Weekly Chart,https://kworb.net/spotify/country/my_weekly_totals.html
Mamat,Ku Pohon Restu Ayah & Ibu,25,0,29,341477,2941073,Spotify MY Weekly Chart,https://kworb.net/spotify/country/my_weekly_totals.html
Taylor Swift,"""Slut!"" (Taylor's Version) (From The Vault)",22,0,29,239464,2939968,Spotify MY Weekly Chart,https://kworb.net/spotify/country/my_weekly_totals.html
BTS,2.0,15,0,20,302541,2938815,Spotify MY Weekly Chart,https://kworb.net/spotify/country/my_weekly_totals.html
TOMORROW X TOGETHER,LO$ER=LO♡ER,34,0,19,192970,2931675,Spotify MY Weekly Chart,https://kworb.net/spotify/country/my_weekly_totals.html
G-DRAGON,POWER,16,0,25,312074,2925830,Spotify MY Weekly Chart,https://kworb.net/spotify/country/my_weekly_totals.html
Teddy Swims,Lose Control,27,0,130,121806,2921697,Spotify MY Weekly Chart,https://kworb.net/spotify/country/my_weekly_totals.html
Aziz Harun,Jauh,53,0,85,71066,2915156,Spotify MY Weekly Chart,https://kworb.net/spotify/country/my_weekly_totals.html
wave to earth,love.,26,0,139,131828,2911995,Spotify MY Weekly Chart,https://kworb.net/spotify/country/my_weekly_totals.html
Chase Atlantic,HEAVEN AND BACK,24,0,64,172631,2906443,Spotify MY Weekly Chart,https://kworb.net/spotify/country/my_weekly_totals.html
BTS,Hooligan,15,0,15,349297,2904933,Spotify MY Weekly Chart,https://kworb.net/spotify/country/my_weekly_totals.html
BTS,Blue & Grey,36,1,3,429961,2904221,Spotify MY Weekly Chart,https://kworb.net/spotify/country/my_weekly_totals.html
Jin,I’ll Be There,17,0,34,263773,2896324,Spotify MY Weekly Chart,https://kworb.net/spotify/country/my_weekly_totals.html
dia,EEEE A,15,0,35,265895,2887642,Spotify MY Weekly Chart,https://kworb.net/spotify/country/my_weekly_totals.html
Yovie Widianto,Menyesal,24,0,57,167642,2886326,Spotify MY Weekly Chart,https://kworb.net/spotify/country/my_weekly_totals.html
Paloma Faith,Only Love Can Hurt Like This,38,0,84,104021,2884889,Spotify MY Weekly Chart,https://kworb.net/spotify/country/my_weekly_totals.html
Jon Bellion,All Time Low,30,3,9,155019,2874414,Spotify MY Weekly Chart,https://kworb.net/spotify/country/my_weekly_totals.html
Unknown Artist,Air Mata Syawal,28,0,49,247459,2866441,Spotify MY Weekly Chart,https://kworb.net/spotify/country/my_weekly_totals.html
Billie Eilish,Therefore I Am,25,1,8,258192,2852138,Spotify MY Weekly Chart,https://kworb.net/spotify/country/my_weekly_totals.html
Gareth.T,玻璃,12,0,11,424898,2851468,Spotify MY Weekly Chart,https://kworb.net/spotify/country/my_weekly_totals.html
Camila Cabello,My Oh My,23,0,18,197714,2842389,Spotify MY Weekly Chart,https://kworb.net/spotify/country/my_weekly_totals.html
Ren Ran,飞鸟和蝉,45,0,28,114519,2841239,Spotify MY Weekly Chart,https://kworb.net/spotify/country/my_weekly_totals.html
Ant Saunders,Yellow Hearts,33,0,35,145231,2840417,Spotify MY Weekly Chart,https://kworb.net/spotify/country/my_weekly_totals.html
Crush,Love You With All My Heart,13,0,16,372599,2836037,Spotify MY Weekly Chart,https://kworb.net/spotify/country/my_weekly_totals.html
TWICE,Strategy,17,0,44,226105,2834184,Spotify MY Weekly Chart,https://kworb.net/spotify/country/my_weekly_totals.html
Michael Jackson,Billie Jean,14,0,29,269264,2830335,Spotify MY Weekly Chart,https://kworb.net/spotify/country/my_weekly_totals.html
Rafeah Buang,Bila Takbir Bergema,31,0,36,230227,2824746,Spotify MY Weekly Chart,https://kworb.net/spotify/country/my_weekly_totals.html
Sam Smith,Too Good At Goodbyes - Edit,8,8,2,370213,2820457,Spotify MY Weekly Chart,https://kworb.net/spotify/country/my_weekly_totals.html
Twenty One Pilots,Ride,43,0,13,126375,2819817,Spotify MY Weekly Chart,https://kworb.net/spotify/country/my_weekly_totals.html
Harry Styles,Sign of the Times,36,0,15,157399,2818409,Spotify MY Weekly Chart,https://kworb.net/spotify/country/my_weekly_totals.html
Geisha,Karena Kamu,16,0,20,272062,2817298,Spotify MY Weekly Chart,https://kworb.net/spotify/country/my_weekly_totals.html
salem ilese,PS5,25,0,29,153131,2815589,Spotify MY Weekly Chart,https://kworb.net/spotify/country/my_weekly_totals.html
Ismail Izzani,Sabar,51,0,27,116689,2813059,Spotify MY Weekly Chart,https://kworb.net/spotify/country/my_weekly_totals.html
IU,Celebrity,35,2,4,224350,2809449,Spotify MY Weekly Chart,https://kworb.net/spotify/country/my_weekly_totals.html
HWASA,Good Goodbye,15,0,35,265938,2806836,Spotify MY Weekly Chart,https://kworb.net/spotify/country/my_weekly_totals.html
5 Seconds of Summer,Easier,34,0,21,152570,2802130,Spotify MY Weekly Chart,https://kworb.net/spotify/country/my_weekly_totals.html
The Weeknd,In Your Eyes,30,0,19,174826,2791689,Spotify MY Weekly Chart,https://kworb.net/spotify/country/my_weekly_totals.html
Billie Eilish,LUNCH,14,0,18,357097,2782714,Spotify MY Weekly Chart,https://kworb.net/spotify/country/my_weekly_totals.html
Kali Uchis,telepatía,27,0,13,190219,2778297,Spotify MY Weekly Chart,https://kworb.net/spotify/country/my_weekly_totals.html
LISA,Born Again,13,0,17,446265,2774867,Spotify MY Weekly Chart,https://kworb.net/spotify/country/my_weekly_totals.html
Lana Del Rey,Say Yes To Heaven,23,0,59,173705,2761003,Spotify MY Weekly Chart,https://kworb.net/spotify/country/my_weekly_totals.html
TREASURE,JIKJIN,22,0,13,222083,2756468,Spotify MY Weekly Chart,https://kworb.net/spotify/country/my_weekly_totals.html
Kina,Get You The Moon,55,0,100,61379,2750458,Spotify MY Weekly Chart,https://kworb.net/spotify/country/my_weekly_totals.html
Sabrina Carpenter,Bed Chem,16,0,40,227931,2747796,Spotify MY Weekly Chart,https://kworb.net/spotify/country/my_weekly_totals.html
Luke Chiang,Shouldn't Be,41,0,134,101312,2745047,Spotify MY Weekly Chart,https://kworb.net/spotify/country/my_weekly_totals.html
Hailee Steinfeld,Capital Letters,37,0,16,148411,2744420,Spotify MY Weekly Chart,https://kworb.net/spotify/country/my_weekly_totals.html
Taylor Swift,willow,30,2,5,283018,2741135,Spotify MY Weekly Chart,https://kworb.net/spotify/country/my_weekly_totals.html
TOMORROW X TOGETHER,Anti-Romantic,33,0,35,120903,2734808,Spotify MY Weekly Chart,https://kworb.net/spotify/country/my_weekly_totals.html
Lyodra,Sang Dewi,27,0,67,122138,2733589,Spotify MY Weekly Chart,https://kworb.net/spotify/country/my_weekly_totals.html
Jack Ü,Where Are Ü Now,64,11,5,146008,2730407,Spotify MY Weekly Chart,https://kworb.net/spotify/country/my_weekly_totals.html
Travis Scott,HIGHEST IN THE ROOM,29,0,12,229969,2728741,Spotify MY Weekly Chart,https://kworb.net/spotify/country/my_weekly_totals.html
NewJeans,How Sweet,15,0,24,311102,2728585,Spotify MY Weekly Chart,https://kworb.net/spotify/country/my_weekly_totals.html
Iman Troye,Pejam Celik Hari Raya,16,0,14,401272,2717229,Spotify MY Weekly Chart,https://kworb.net/spotify/country/my_weekly_totals.html
DOLLA,Raya Raya Raya,15,0,21,372631,2712435,Spotify MY Weekly Chart,https://kworb.net/spotify/country/my_weekly_totals.html
Michael Bublé,It's Beginning to Look a Lot like Christmas,43,0,16,168840,2705951,Spotify MY Weekly Chart,https://kworb.net/spotify/country/my_weekly_totals.html
James Arthur,Train Wreck,44,0,60,77915,2704905,Spotify MY Weekly Chart,https://kworb.net/spotify/country/my_weekly_totals.html
隊長,哪里都是你,35,0,56,103792,2701484,Spotify MY Weekly Chart,https://kworb.net/spotify/country/my_weekly_totals.html
Rihanna,Take A Bow - Main,72,0,107,45169,2691115,Spotify MY Weekly Chart,https://kworb.net/spotify/country/my_weekly_totals.html
Faizal Tahir,Dirgahayu,61,0,34,109147,2687207,Spotify MY Weekly Chart,https://kworb.net/spotify/country/my_weekly_totals.html
88rising,Midsummer Madness,47,0,32,93362,2686373,Spotify MY Weekly Chart,https://kworb.net/spotify/country/my_weekly_totals.html
ITZY,Not Shy,34,2,5,258816,2680468,Spotify MY Weekly Chart,https://kworb.net/spotify/country/my_weekly_totals.html
V,Sweet Night,48,0,31,152037,2673565,Spotify MY Weekly Chart,https://kworb.net/spotify/country/my_weekly_totals.html
Jay Chou,等你下課,43,2,7,179660,2672354,Spotify MY Weekly Chart,https://kworb.net/spotify/country/my_weekly_totals.html
Lil Uzi Vert,XO TOUR Llif3,49,0,45,80447,2671288,Spotify MY Weekly Chart,https://kworb.net/spotify/country/my_weekly_totals.html
Andi Bernadee,Satu Peluang,39,0,27,122014,2670343,Spotify MY Weekly Chart,https://kworb.net/spotify/country/my_weekly_totals.html
Niall Horan,This Town,63,0,19,113365,2669853,Spotify MY Weekly Chart,https://kworb.net/spotify/country/my_weekly_totals.html
Kate Bush,Running Up That Hill (A Deal With God),18,0,11,255476,2669165,Spotify MY Weekly Chart,https://kworb.net/spotify/country/my_weekly_totals.html
aespa,Savage,28,0,19,196838,2663685,Spotify MY Weekly Chart,https://kworb.net/spotify/country/my_weekly_totals.html
Ariana Grande,breathin,27,2,8,180996,2663025,Spotify MY Weekly Chart,https://kworb.net/spotify/country/my_weekly_totals.html
Ruth B.,Lost Boy,61,0,20,90445,2654159,Spotify MY Weekly Chart,https://kworb.net/spotify/country/my_weekly_totals.html
FRENSHIP,Capsize,50,0,29,86470,2651314,Spotify MY Weekly Chart,https://kworb.net/spotify/country/my_weekly_totals.html
Harry Styles,Lights Up,26,0,16,218284,2645047,Spotify MY Weekly Chart,https://kworb.net/spotify/country/my_weekly_totals.html
NAYEON,POP!,19,0,14,218766,2639783,Spotify MY Weekly Chart,https://kworb.net/spotify/country/my_weekly_totals.html
MASDO,Janji Manis,24,0,25,157023,2635343,Spotify MY Weekly Chart,https://kworb.net/spotify/country/my_weekly_totals.html
FloyyMenor,Gata Only,19,0,55,177627,2634256,Spotify MY Weekly Chart,https://kworb.net/spotify/country/my_weekly_totals.html
Zara Larsson,Never Forget You,56,0,22,82998,2631104,Spotify MY Weekly Chart,https://kworb.net/spotify/country/my_weekly_totals.html
TWICE,Talk that Talk,21,0,14,267354,2626496,Spotify MY Weekly Chart,https://kworb.net/spotify/country/my_weekly_totals.html
Adele,Send My Love (To Your New Lover),43,0,17,109941,2615498,Spotify MY Weekly Chart,https://kworb.net/spotify/country/my_weekly_totals.html
Taylor Swift,Delicate,43,0,14,158870,2613295,Spotify MY Weekly Chart,https://kworb.net/spotify/country/my_weekly_totals.html
Imagine Dragons,Bones,31,0,117,95534,2607202,Spotify MY Weekly Chart,https://kworb.net/spotify/country/my_weekly_totals.html
Andi Bernadee,Penat,31,0,33,125003,2604880,Spotify MY Weekly Chart,https://kworb.net/spotify/country/my_weekly_totals.html
ITZY,In the morning,29,1,10,215000,2601689,Spotify MY Weekly Chart,https://kworb.net/spotify/country/my_weekly_totals.html
Lizzo,About Damn Time,22,0,24,169976,2599583,Spotify MY Weekly Chart,https://kworb.net/spotify/country/my_weekly_totals.html
One Direction,Drag Me Down,48,14,1,107532,2598015,Spotify MY Weekly Chart,https://kworb.net/spotify/country/my_weekly_totals.html
Aiman Tino,Ku Rela Dibenci,50,0,28,135504,2596823,Spotify MY Weekly Chart,https://kworb.net/spotify/country/my_weekly_totals.html
Billie Eilish,L’AMOUR DE MA VIE,15,0,26,272569,2582635,Spotify MY Weekly Chart,https://kworb.net/spotify/country/my_weekly_totals.html
Silet Open Up,Tabola Bale MIX MF,16,0,42,214738,2577627,Spotify MY Weekly Chart,https://kworb.net/spotify/country/my_weekly_totals.html
Jason Derulo,Swalla,33,0,19,133607,2573657,Spotify MY Weekly Chart,https://kworb.net/spotify/country/my_weekly_totals.html
SEVENTEEN,HOT,24,0,15,199137,2565217,Spotify MY Weekly Chart,https://kworb.net/spotify/country/my_weekly_totals.html
Tory Lanez,The Color Violet,27,0,87,118379,2561562,Spotify MY Weekly Chart,https://kworb.net/spotify/country/my_weekly_totals.html
Alex & Sierra,Little Do You Know,67,0,144,47746,2558782,Spotify MY Weekly Chart,https://kworb.net/spotify/country/my_weekly_totals.html
eńau,Sesi Potret,9,0,15,375452,2558181,Spotify MY Weekly Chart,https://kworb.net/spotify/country/my_weekly_totals.html
Spring,Bourgenvilla,16,0,75,183703,2555429,Spotify MY Weekly Chart,https://kworb.net/spotify/country/my_weekly_totals.html
Ed Sheeran,Castle on the Hill,38,3,6,198193,2549698,Spotify MY Weekly Chart,https://kworb.net/spotify/country/my_weekly_totals.html
FINNEAS,Let's Fall in Love for the Night,41,0,48,94113,2546521,Spotify MY Weekly Chart,https://kworb.net/spotify/country/my_weekly_totals.html
Kygo,Stay,51,0,15,73782,2543464,Spotify MY Weekly Chart,https://kworb.net/spotify/country/my_weekly_totals.html
Taylor Swift,Lavender Haze,21,1,6,403908,2543189,Spotify MY Weekly Chart,https://kworb.net/spotify/country/my_weekly_totals.html
ST12,Putri Iklan,18,0,67,172258,2542787,Spotify MY Weekly Chart,https://kworb.net/spotify/country/my_weekly_totals.html
OneRepublic,Counting Stars,167,30,1,96248,2541213,Spotify MY Weekly Chart,https://kworb.net/spotify/country/my_weekly_totals.html
BLACKPINK,Bet You Wanna,22,3,4,465372,2540735,Spotify MY Weekly Chart,https://kworb.net/spotify/country/my_weekly_totals.html
Ungu,Tercipta Untukku,23,0,145,122659,2537544,Spotify MY Weekly Chart,https://kworb.net/spotify/country/my_weekly_totals.html
Rizky Febian,Terlukis Indah,34,0,44,120541,2531967,Spotify MY Weekly Chart,https://kworb.net/spotify/country/my_weekly_totals.html
BTS,Yet To Come,17,2,2,540380,2531530,Spotify MY Weekly Chart,https://kworb.net/spotify/country/my_weekly_totals.html
Khifnu,Merindumu lagi,16,0,51,200342,2530439,Spotify MY Weekly Chart,https://kworb.net/spotify/country/my_weekly_totals.html
LE SSERAFIM,HOT,13,0,15,393120,2529395,Spotify MY Weekly Chart,https://kworb.net/spotify/country/my_weekly_totals.html
Calvin Harris,Slide,31,0,15,132110,2528693,Spotify MY Weekly Chart,https://kworb.net/spotify/country/my_weekly_totals.html
Camila Cabello,Liar,23,0,18,179096,2526087,Spotify MY Weekly Chart,https://kworb.net/spotify/country/my_weekly_totals.html
Adele,When We Were Young,61,1,10,97743,2524020,Spotify MY Weekly Chart,https://kworb.net/spotify/country/my_weekly_totals.html
BTS,Film out,27,1,6,323853,2522819,Spotify MY Weekly Chart,https://kworb.net/spotify/country/my_weekly_totals.html
YOASOBI,アイドル,19,0,48,174931,2520113,Spotify MY Weekly Chart,https://kworb.net/spotify/country/my_weekly_totals.html
Maroon 5,Cold,26,0,12,175930,2519925,Spotify MY Weekly Chart,https://kworb.net/spotify/country/my_weekly_totals.html
Lady Gaga,The Cure,28,0,19,130967,2515807,Spotify MY Weekly Chart,https://kworb.net/spotify/country/my_weekly_totals.html
Internet Money,Lemonade,27,0,29,136687,2507447,Spotify MY Weekly Chart,https://kworb.net/spotify/country/my_weekly_totals.html
The Weeknd,Can't Feel My Face,54,14,5,90099,2505629,Spotify MY Weekly Chart,https://kworb.net/spotify/country/my_weekly_totals.html
BTS,Spring Day,57,0,12,134880,2504599,Spotify MY Weekly Chart,https://kworb.net/spotify/country/my_weekly_totals.html
BABYMONSTER,LIKE THAT,19,0,57,177492,2501372,Spotify MY Weekly Chart,https://kworb.net/spotify/country/my_weekly_totals.html
Robin Schulz,Sugar,57,0,16,65342,2500453,Spotify MY Weekly Chart,https://kworb.net/spotify/country/my_weekly_totals.html
IamNeeta,Ilusi,34,0,42,112320,2500205,Spotify MY Weekly Chart,https://kworb.net/spotify/country/my_weekly_totals.html
Dato' Sri Siti Nurhaliza,Seluruh Cinta,44,0,61,208795,2497714,Spotify MY Weekly Chart,https://kworb.net/spotify/country/my_weekly_totals.html
Cardi B,I Like It,43,0,36,105506,2495183,Spotify MY Weekly Chart,https://kworb.net/spotify/country/my_weekly_totals.html
Sufian Suhaimi,Kasih Lebaran,11,2,9,448271,2495023,Spotify MY Weekly Chart,https://kworb.net/spotify/country/my_weekly_totals.html
Ariff Bahran,Bicara Rasa,47,0,92,70680,2494706,Spotify MY Weekly Chart,https://kworb.net/spotify/country/my_weekly_totals.html
Ismail Izzani,Luar Biasa,39,0,22,116558,2489580,Spotify MY Weekly Chart,https://kworb.net/spotify/country/my_weekly_totals.html
Daya,"Sit Still, Look Pretty",51,0,36,83119,2488469,Spotify MY Weekly Chart,https://kworb.net/spotify/country/my_weekly_totals.html
Mark Ronson,Uptown Funk,86,21,2,68303,2479704,Spotify MY Weekly Chart,https://kworb.net/spotify/country/my_weekly_totals.html
Skylar Grey,Everything I Need (From Aquaman: Original Motion Picture Soundtrack) - Film Version,14,6,5,243016,2478857,Spotify MY Weekly Chart,https://kworb.net/spotify/country/my_weekly_totals.html
Khai Bahar,Luluh,44,0,46,88769,2474398,Spotify MY Weekly Chart,https://kworb.net/spotify/country/my_weekly_totals.html
DNCE,Toothbrush,38,0,21,103228,2473603,Spotify MY Weekly Chart,https://kworb.net/spotify/country/my_weekly_totals.html
Dudy Oris,Aku Yang Jatuh Cinta,18,0,56,173552,2466391,Spotify MY Weekly Chart,https://kworb.net/spotify/country/my_weekly_totals.html
Justin Bieber,Friends,24,2,7,200124,2466127,Spotify MY Weekly Chart,https://kworb.net/spotify/country/my_weekly_totals.html
Justine Skye,Collide,24,0,71,132665,2463277,Spotify MY Weekly Chart,https://kworb.net/spotify/country/my_weekly_totals.html
Nidji,Sumpah Dan Cinta Matiku,16,0,31,258954,2462311,Spotify MY Weekly Chart,https://kworb.net/spotify/country/my_weekly_totals.html
Bruno Mars,I Just Might,14,0,39,241814,2455265,Spotify MY Weekly Chart,https://kworb.net/spotify/country/my_weekly_totals.html
sombr,undressed,18,0,58,176008,2450579,Spotify MY Weekly Chart,https://kworb.net/spotify/country/my_weekly_totals.html
Drake,Hotline Bling,54,12,6,124070,2450142,Spotify MY Weekly Chart,https://kworb.net/spotify/country/my_weekly_totals.html
Olivia Rodrigo,stupid song,8,0,12,384193,2438128,Spotify MY Weekly Chart,https://kworb.net/spotify/country/my_weekly_totals.html
French Montana,Unforgettable,39,0,35,98949,2434842,Spotify MY Weekly Chart,https://kworb.net/spotify/country/my_weekly_totals.html
elijah woods,"24/7, 365",21,0,82,148194,2432761,Spotify MY Weekly Chart,https://kworb.net/spotify/country/my_weekly_totals.html
Sia,Chandelier,111,23,2,57386,2430872,Spotify MY Weekly Chart,https://kworb.net/spotify/country/my_weekly_totals.html
Billie Eilish,bury a friend,28,0,13,177134,2429497,Spotify MY Weekly Chart,https://kworb.net/spotify/country/my_weekly_totals.html
Shanna Shannon,Haunting,19,0,46,183582,2421152,Spotify MY Weekly Chart,https://kworb.net/spotify/country/my_weekly_totals.html
Ed Sheeran,Galway Girl,42,0,14,161754,2420176,Spotify MY Weekly Chart,https://kworb.net/spotify/country/my_weekly_totals.html
Linkin Park,Heavy,44,1,2,245304,2418149,Spotify MY Weekly Chart,https://kworb.net/spotify/country/my_weekly_totals.html
Flume,Never Be Like You,42,0,16,93422,2410538,Spotify MY Weekly Chart,https://kworb.net/spotify/country/my_weekly_totals.html
Rihanna,Work,40,10,5,120816,2410515,Spotify MY Weekly Chart,https://kworb.net/spotify/country/my_weekly_totals.html
JISOO,earthquake,11,0,17,375819,2408252,Spotify MY Weekly Chart,https://kworb.net/spotify/country/my_weekly_totals.html
Fimie Don,Salahkan Aku,14,0,28,268199,2407380,Spotify MY Weekly Chart,https://kworb.net/spotify/country/my_weekly_totals.html
Nabila Razali,Raya Mana?,11,0,14,414559,2404964,Spotify MY Weekly Chart,https://kworb.net/spotify/country/my_weekly_totals.html
Miguel,Sure Thing,20,0,50,177997,2403444,Spotify MY Weekly Chart,https://kworb.net/spotify/country/my_weekly_totals.html
BTS,Blood Sweat & Tears,65,0,29,93059,2402809,Spotify MY Weekly Chart,https://kworb.net/spotify/country/my_weekly_totals.html
BoyWithUke,Toxic,26,0,41,137871,2400860,Spotify MY Weekly Chart,https://kworb.net/spotify/country/my_weekly_totals.html
DJ Snake,A Different Way,34,0,28,108183,2398826,Spotify MY Weekly Chart,https://kworb.net/spotify/country/my_weekly_totals.html
Lady Gaga,Rain On Me,20,2,4,239944,2398700,Spotify MY Weekly Chart,https://kworb.net/spotify/country/my_weekly_totals.html
Camila Cabello,Bam Bam,26,0,44,123018,2397095,Spotify MY Weekly Chart,https://kworb.net/spotify/country/my_weekly_totals.html
Zizan Razak,Berserah,36,0,66,80915,2396824,Spotify MY Weekly Chart,https://kworb.net/spotify/country/my_weekly_totals.html
Faizal Tahir,Ragaman,30,0,16,141407,2384062,Spotify MY Weekly Chart,https://kworb.net/spotify/country/my_weekly_totals.html
Oliver Tree,Life Goes On,21,0,27,173859,2383534,Spotify MY Weekly Chart,https://kworb.net/spotify/country/my_weekly_totals.html
Coldplay,Hymn for the Weekend - Seeb Remix,45,0,19,106790,2383261,Spotify MY Weekly Chart,https://kworb.net/spotify/country/my_weekly_totals.html
Niall Horan,Too Much To Ask,29,0,14,161472,2375846,Spotify MY Weekly Chart,https://kworb.net/spotify/country/my_weekly_totals.html
GOT the beat,Step Back,21,0,25,171032,2371399,Spotify MY Weekly Chart,https://kworb.net/spotify/country/my_weekly_totals.html
G-Eazy,Him & I,24,0,12,168647,2366828,Spotify MY Weekly Chart,https://kworb.net/spotify/country/my_weekly_totals.html
Billie Eilish,wish you were gay,31,0,19,166957,2365145,Spotify MY Weekly Chart,https://kworb.net/spotify/country/my_weekly_totals.html
LNGSHOT,Moonwalkin',11,0,11,371596,2361577,Spotify MY Weekly Chart,https://kworb.net/spotify/country/my_weekly_totals.html
Ara Johari,Bunga,41,0,42,129236,2357767,Spotify MY Weekly Chart,https://kworb.net/spotify/country/my_weekly_totals.html
Taylor Swift,I Can Do It With a Broken Heart,15,0,23,328551,2355471,Spotify MY Weekly Chart,https://kworb.net/spotify/country/my_weekly_totals.html
Kygo,First Time,27,0,14,157809,2355334,Spotify MY Weekly Chart,https://kworb.net/spotify/country/my_weekly_totals.html
Keala Settle,This Is Me,34,2,7,184072,2351967,Spotify MY Weekly Chart,https://kworb.net/spotify/country/my_weekly_totals.html
The Kid LAROI,WITHOUT YOU,36,0,51,85037,2347242,Spotify MY Weekly Chart,https://kworb.net/spotify/country/my_weekly_totals.html
BLACKPINK,You Never Know,25,1,7,406740,2345576,Spotify MY Weekly Chart,https://kworb.net/spotify/country/my_weekly_totals.html
TWICE,MORE & MORE,23,2,2,275271,2338602,Spotify MY Weekly Chart,https://kworb.net/spotify/country/my_weekly_totals.html
Ismail Izzani,Demi Kita,46,0,75,132993,2335606,Spotify MY Weekly Chart,https://kworb.net/spotify/country/my_weekly_totals.html
BLACKPINK,Love To Hate Me,25,1,8,389367,2331755,Spotify MY Weekly Chart,https://kworb.net/spotify/country/my_weekly_totals.html
Daya,New,26,0,19,128037,2322857,Spotify MY Weekly Chart,https://kworb.net/spotify/country/my_weekly_totals.html
Harith Zazman,Cute (Stop Lah Being So Cute),25,0,28,128829,2321594,Spotify MY Weekly Chart,https://kworb.net/spotify/country/my_weekly_totals.html
Tate McRae,she's all i wanna be,27,0,44,127556,2318963,Spotify MY Weekly Chart,https://kworb.net/spotify/country/my_weekly_totals.html
ILLIT,Cherish (My Love),14,0,40,239652,2316425,Spotify MY Weekly Chart,https://kworb.net/spotify/country/my_weekly_totals.html
BIGBANG,Still Life,12,3,1,494584,2311214,Spotify MY Weekly Chart,https://kworb.net/spotify/country/my_weekly_totals.html
Chris Grey,LET THE WORLD BURN,17,0,99,164601,2309873,Spotify MY Weekly Chart,https://kworb.net/spotify/country/my_weekly_totals.html
Pop Smoke,What You Know Bout Love,25,0,23,151443,2308180,Spotify MY Weekly Chart,https://kworb.net/spotify/country/my_weekly_totals.html
Steve Aoki,Just Hold On,29,0,19,125633,2298817,Spotify MY Weekly Chart,https://kworb.net/spotify/country/my_weekly_totals.html
Selena Gomez,Kill Em With Kindness,36,2,10,140789,2295065,Spotify MY Weekly Chart,https://kworb.net/spotify/country/my_weekly_totals.html
Jessie J,Flashlight,74,11,1,90082,2293983,Spotify MY Weekly Chart,https://kworb.net/spotify/country/my_weekly_totals.html
Tiara Andini,Kupu - Kupu,16,0,65,175792,2289556,Spotify MY Weekly Chart,https://kworb.net/spotify/country/my_weekly_totals.html
Naomi Scott,Speechless (Full),29,0,19,157796,2284409,Spotify MY Weekly Chart,https://kworb.net/spotify/country/my_weekly_totals.html
Camila Cabello,Crying in the Club,26,0,19,129254,2281323,Spotify MY Weekly Chart,https://kworb.net/spotify/country/my_weekly_totals.html
Daniel Caesar,Superpowers,18,0,136,148652,2279580,Spotify MY Weekly Chart,https://kworb.net/spotify/country/my_weekly_totals.html
Kep1er,WA DA DA,21,0,25,166266,2279023,Spotify MY Weekly Chart,https://kworb.net/spotify/country/my_weekly_totals.html
Olivia Rodrigo,honeybee,8,0,14,337128,2278868,Spotify MY Weekly Chart,https://kworb.net/spotify/country/my_weekly_totals.html
NewJeans,Cool With You,12,1,10,398036,2277243,Spotify MY Weekly Chart,https://kworb.net/spotify/country/my_weekly_totals.html
Backstreet Boys,I Want It That Way,30,0,89,145079,2261194,Spotify MY Weekly Chart,https://kworb.net/spotify/country/my_weekly_totals.html
Ismail Izzani,Bidadari,39,0,26,117709,2259044,Spotify MY Weekly Chart,https://kworb.net/spotify/country/my_weekly_totals.html
ZAYN,Better,24,0,20,159133,2258806,Spotify MY Weekly Chart,https://kworb.net/spotify/country/my_weekly_totals.html
Pamungkas,Berapa Kali Kita Akan Saling Memaafkan,10,0,29,271172,2249934,Spotify MY Weekly Chart,https://kworb.net/spotify/country/my_weekly_totals.html
Mahalini,Melawan Restu,31,0,139,91548,2249892,Spotify MY Weekly Chart,https://kworb.net/spotify/country/my_weekly_totals.html
Jonas Blue,By Your Side,36,0,27,102368,2248342,Spotify MY Weekly Chart,https://kworb.net/spotify/country/my_weekly_totals.html
Alif Satar,I Want You To Love Me,34,0,65,79845,2240362,Spotify MY Weekly Chart,https://kworb.net/spotify/country/my_weekly_totals.html
Akim And The Majistret,Potret,63,0,23,141047,2238832,Spotify MY Weekly Chart,https://kworb.net/spotify/country/my_weekly_totals.html
Bruno Mars,Smokin Out The Window,16,1,7,267861,2238155,Spotify MY Weekly Chart,https://kworb.net/spotify/country/my_weekly_totals.html
ZAYN,Entertainer,24,0,12,162357,2238092,Spotify MY Weekly Chart,https://kworb.net/spotify/country/my_weekly_totals.html
Calvin Harris,How Deep Is Your Love,49,8,8,79113,2234480,Spotify MY Weekly Chart,https://kworb.net/spotify/country/my_weekly_totals.html
Rizky Febian,Ragu,27,0,39,142709,2224867,Spotify MY Weekly Chart,https://kworb.net/spotify/country/my_weekly_totals.html
Hanumankind,Big Dawgs,10,0,14,317224,2223230,Spotify MY Weekly Chart,https://kworb.net/spotify/country/my_weekly_totals.html
TAEYANG,VIBE,14,0,12,316171,2221257,Spotify MY Weekly Chart,https://kworb.net/spotify/country/my_weekly_totals.html
Ara Johari,Warkah Untukku,50,0,40,78407,2221056,Spotify MY Weekly Chart,https://kworb.net/spotify/country/my_weekly_totals.html
Alan Walker,Sing Me to Sleep,43,0,26,90357,2215197,Spotify MY Weekly Chart,https://kworb.net/spotify/country/my_weekly_totals.html
Jonas Blue,Fast Car,51,0,25,79283,2211122,Spotify MY Weekly Chart,https://kworb.net/spotify/country/my_weekly_totals.html
The Weeknd,Out of Time,31,0,47,126989,2207392,Spotify MY Weekly Chart,https://kworb.net/spotify/country/my_weekly_totals.html
Ed Sheeran,South of the Border,29,0,32,140948,2207256,Spotify MY Weekly Chart,https://kworb.net/spotify/country/my_weekly_totals.html
XXXTENTACION,changes,31,0,12,154897,2204912,Spotify MY Weekly Chart,https://kworb.net/spotify/country/my_weekly_totals.html
Eminem,River,22,0,11,159462,2195497,Spotify MY Weekly Chart,https://kworb.net/spotify/country/my_weekly_totals.html
Tajul,Malam Semakin Dingin,28,0,75,86731,2191920,Spotify MY Weekly Chart,https://kworb.net/spotify/country/my_weekly_totals.html
Taylor Swift,Guilty as Sin?,15,0,32,286986,2181957,Spotify MY Weekly Chart,https://kworb.net/spotify/country/my_weekly_totals.html
Jack Harlow,First Class,18,0,21,165005,2178001,Spotify MY Weekly Chart,https://kworb.net/spotify/country/my_weekly_totals.html
Alexander 23,IDK You Yet,35,0,41,116260,2176178,Spotify MY Weekly Chart,https://kworb.net/spotify/country/my_weekly_totals.html
BTS,NORMAL,10,0,13,346472,2161280,Spotify MY Weekly Chart,https://kworb.net/spotify/country/my_weekly_totals.html
Doja Cat,Streets,26,0,25,132122,2158802,Spotify MY Weekly Chart,https://kworb.net/spotify/country/my_weekly_totals.html
Faouzia,"RIP, Love",20,0,28,148378,2157176,Spotify MY Weekly Chart,https://kworb.net/spotify/country/my_weekly_totals.html
Brenda Lee,Rockin' Around The Christmas Tree,22,0,32,224071,2157050,Spotify MY Weekly Chart,https://kworb.net/spotify/country/my_weekly_totals.html
Stray Kids,Thunderous,27,0,22,174203,2149125,Spotify MY Weekly Chart,https://kworb.net/spotify/country/my_weekly_totals.html
Raim Laode,Dunia Yang Nanti,8,0,17,345172,2148182,Spotify MY Weekly Chart,https://kworb.net/spotify/country/my_weekly_totals.html
Aizat Amdan,Sampai Ke Hari Tua,39,0,41,88677,2147247,Spotify MY Weekly Chart,https://kworb.net/spotify/country/my_weekly_totals.html
Petit Biscuit,Sunset Lover,34,0,27,109556,2135364,Spotify MY Weekly Chart,https://kworb.net/spotify/country/my_weekly_totals.html
Elizabeth Tan,Semua Sudah,36,0,41,97509,2133936,Spotify MY Weekly Chart,https://kworb.net/spotify/country/my_weekly_totals.html
V,Slow Dancing,15,0,23,246820,2133350,Spotify MY Weekly Chart,https://kworb.net/spotify/country/my_weekly_totals.html
TWICE,YES or YES,29,0,14,170427,2133181,Spotify MY Weekly Chart,https://kworb.net/spotify/country/my_weekly_totals.html
Tajul,Sedalam-Dalam Rindu,46,0,43,70726,2131848,Spotify MY Weekly Chart,https://kworb.net/spotify/country/my_weekly_totals.html
Elkasih,Kau Tigakan Cinta,11,0,15,320700,2131602,Spotify MY Weekly Chart,https://kworb.net/spotify/country/my_weekly_totals.html
Eve,Kaikai Kitan,39,0,92,63297,2131276,Spotify MY Weekly Chart,https://kworb.net/spotify/country/my_weekly_totals.html
Irfan Haris,Pesan,42,0,51,76756,2128998,Spotify MY Weekly Chart,https://kworb.net/spotify/country/my_weekly_totals.html
Mega,Bayangan Gurauan,15,0,105,161273,2128877,Spotify MY Weekly Chart,https://kworb.net/spotify/country/my_weekly_totals.html
Isyana Sarasvati,Tetap Dalam Jiwa,65,0,53,108286,2126252,Spotify MY Weekly Chart,https://kworb.net/spotify/country/my_weekly_totals.html
Jung Kook,Still With You,17,0,49,193209,2121345,Spotify MY Weekly Chart,https://kworb.net/spotify/country/my_weekly_totals.html
Joel Adams,Please Don't Go,37,0,20,97559,2121314,Spotify MY Weekly Chart,https://kworb.net/spotify/country/my_weekly_totals.html
Siti Badriah,Lagi Syantik,27,0,12,150484,2120122,Spotify MY Weekly Chart,https://kworb.net/spotify/country/my_weekly_totals.html
Alan Walker,"Alone, Pt. II",26,0,31,150009,2119118,Spotify MY Weekly Chart,https://kworb.net/spotify/country/my_weekly_totals.html
Isaiah Firebrace,It's Gotta Be You,35,0,32,100899,2113495,Spotify MY Weekly Chart,https://kworb.net/spotify/country/my_weekly_totals.html
B.I,BTBT,21,0,30,165848,2112956,Spotify MY Weekly Chart,https://kworb.net/spotify/country/my_weekly_totals.html
Eza Edmond,Bahagia,41,0,63,73852,2111671,Spotify MY Weekly Chart,https://kworb.net/spotify/country/my_weekly_totals.html
Queen,Bohemian Rhapsody - Remastered 2011,31,0,13,159339,2110614,Spotify MY Weekly Chart,https://kworb.net/spotify/country/my_weekly_totals.html
Faizal Tahir,RATU,41,0,107,60607,2109091,Spotify MY Weekly Chart,https://kworb.net/spotify/country/my_weekly_totals.html
Ed Sheeran,The Joker And The Queen,20,0,16,189554,2108516,Spotify MY Weekly Chart,https://kworb.net/spotify/country/my_weekly_totals.html
Shawn Mendes,Fallin' All In You,52,0,88,57980,2102790,Spotify MY Weekly Chart,https://kworb.net/spotify/country/my_weekly_totals.html
USHER,Hey Daddy (Daddy's Home),17,0,61,160711,2098871,Spotify MY Weekly Chart,https://kworb.net/spotify/country/my_weekly_totals.html
Bruno Major,Nothing,29,0,76,91851,2098855,Spotify MY Weekly Chart,https://kworb.net/spotify/country/my_weekly_totals.html
Lady Gaga,Always Remember Us This Way,31,0,20,122625,2093236,Spotify MY Weekly Chart,https://kworb.net/spotify/country/my_weekly_totals.html
承桓,我会等,21,0,133,111223,2092452,Spotify MY Weekly Chart,https://kworb.net/spotify/country/my_weekly_totals.html
BTS,Euphoria,41,0,19,142057,2087000,Spotify MY Weekly Chart,https://kworb.net/spotify/country/my_weekly_totals.html
Swedish House Mafia,Moth To A Flame,24,0,37,158493,2084569,Spotify MY Weekly Chart,https://kworb.net/spotify/country/my_weekly_totals.html
Rita Ora,Your Song,28,0,25,112960,2080371,Spotify MY Weekly Chart,https://kworb.net/spotify/country/my_weekly_totals.html
LANY,Super Far,36,0,28,109377,2079956,Spotify MY Weekly Chart,https://kworb.net/spotify/country/my_weekly_totals.html
Selena Gomez,Ojos Tristes,12,0,32,235004,2077201,Spotify MY Weekly Chart,https://kworb.net/spotify/country/my_weekly_totals.html
Selena Gomez,Hands To Myself,47,1,10,86786,2074495,Spotify MY Weekly Chart,https://kworb.net/spotify/country/my_weekly_totals.html
Bobby Helms,Jingle Bell Rock,24,0,31,219135,2072246,Spotify MY Weekly Chart,https://kworb.net/spotify/country/my_weekly_totals.html
Aishah,Pulanglah,24,0,57,195908,2071318,Spotify MY Weekly Chart,https://kworb.net/spotify/country/my_weekly_totals.html
Firdhaus,在加納共和國離婚,17,0,70,169229,2062313,Spotify MY Weekly Chart,https://kworb.net/spotify/country/my_weekly_totals.html
831,"想見你想見你想見你(電視劇""想見你""片尾曲)",38,0,84,61893,2061661,Spotify MY Weekly Chart,https://kworb.net/spotify/country/my_weekly_totals.html
Armada,Penantian,28,0,62,110629,2055887,Spotify MY Weekly Chart,https://kworb.net/spotify/country/my_weekly_totals.html
BTS,MIC Drop,27,1,10,197386,2053755,Spotify MY Weekly Chart,https://kworb.net/spotify/country/my_weekly_totals.html
马也_Crabbit,海屿你,15,0,148,146380,2053566,Spotify MY Weekly Chart,https://kworb.net/spotify/country/my_weekly_totals.html
Jung Kook,Stay Alive (Prod. SUGA of BTS),15,2,3,371749,2052227,Spotify MY Weekly Chart,https://kworb.net/spotify/country/my_weekly_totals.html
Ella,Sembilu,15,0,125,151423,2047744,Spotify MY Weekly Chart,https://kworb.net/spotify/country/my_weekly_totals.html
BLACKPINK,FOREVER YOUNG - KR Ver.,30,0,22,129185,2041992,Spotify MY Weekly Chart,https://kworb.net/spotify/country/my_weekly_totals.html
Daya,Hide Away,59,0,27,71355,2040084,Spotify MY Weekly Chart,https://kworb.net/spotify/country/my_weekly_totals.html
LE SSERAFIM,ICONIC BY MISTAKE,8,0,15,328865,2038718,Spotify MY Weekly Chart,https://kworb.net/spotify/country/my_weekly_totals.html
MAX,Blueberry Eyes,28,0,35,120435,2032232,Spotify MY Weekly Chart,https://kworb.net/spotify/country/my_weekly_totals.html
Anuar Zain,Andainya Takdir,36,0,117,143808,2030545,Spotify MY Weekly Chart,https://kworb.net/spotify/country/my_weekly_totals.html
Isma Sane,Derita,34,0,52,81918,2029172,Spotify MY Weekly Chart,https://kworb.net/spotify/country/my_weekly_totals.html
Justin Bieber,Off My Face,33,0,61,84688,2027244,Spotify MY Weekly Chart,https://kworb.net/spotify/country/my_weekly_totals.html
Rita Ora,Anywhere,27,0,32,110299,2027121,Spotify MY Weekly Chart,https://kworb.net/spotify/country/my_weekly_totals.html
JC 陳詠桐,說散就散,44,0,65,63395,2025499,Spotify MY Weekly Chart,https://kworb.net/spotify/country/my_weekly_totals.html
STAYC,STEREOTYPE,25,0,28,159503,2023862,Spotify MY Weekly Chart,https://kworb.net/spotify/country/my_weekly_totals.html
BTS,Telepathy,27,1,5,363158,2022411,Spotify MY Weekly Chart,https://kworb.net/spotify/country/my_weekly_totals.html
Denise Julia,NVMD,22,0,57,115769,2018806,Spotify MY Weekly Chart,https://kworb.net/spotify/country/my_weekly_totals.html
BIGBANG,BANG BANG BANG - KR Ver.,13,0,51,203943,2015332,Spotify MY Weekly Chart,https://kworb.net/spotify/country/my_weekly_totals.html
Armada,Awas Jatuh Cinta,13,0,49,189786,2013512,Spotify MY Weekly Chart,https://kworb.net/spotify/country/my_weekly_totals.html
Mark Ronson,Find U Again,20,0,18,181298,2012215,Spotify MY Weekly Chart,https://kworb.net/spotify/country/my_weekly_totals.html
Hailee Steinfeld,Most Girls,27,0,28,108578,2011316,Spotify MY Weekly Chart,https://kworb.net/spotify/country/my_weekly_totals.html
Bruno Mars,Finesse - Remix; feat. Cardi B,21,1,10,170323,2008444,Spotify MY Weekly Chart,https://kworb.net/spotify/country/my_weekly_totals.html
ITZY,달라달라 (DALLA DALLA),26,0,17,163035,2008276,Spotify MY Weekly Chart,https://kworb.net/spotify/country/my_weekly_totals.html
Ali Gatie,Perfect,26,0,64,94584,2007622,Spotify MY Weekly Chart,https://kworb.net/spotify/country/my_weekly_totals.html
Naykilla,MMG (My Mine Gueh),6,3,6,511798,2005088,Spotify MY Weekly Chart,https://kworb.net/spotify/country/my_weekly_totals.html
Major Lazer,Light It Up,48,0,35,66727,2002965,Spotify MY Weekly Chart,https://kworb.net/spotify/country/my_weekly_totals.html
Sal Priadi,Foto kita blur,8,0,22,303353,2001125,Spotify MY Weekly Chart,https://kworb.net/spotify/country/my_weekly_totals.html
Nadin Amizah,Bertaut,17,0,148,133255,1997977,Spotify MY Weekly Chart,https://kworb.net/spotify/country/my_weekly_totals.html
BABYMONSTER,WE GO UP,13,0,34,245669,1994464,Spotify MY Weekly Chart,https://kworb.net/spotify/country/my_weekly_totals.html
MØ,Final Song,33,0,23,92245,1993022,Spotify MY Weekly Chart,https://kworb.net/spotify/country/my_weekly_totals.html
Vionita,"Dia Masa Lalumu, Aku Masa Depanmu",22,0,111,120315,1990961,Spotify MY Weekly Chart,https://kworb.net/spotify/country/my_weekly_totals.html
Coldplay,Adventure Of A Lifetime,53,0,12,125308,1987743,Spotify MY Weekly Chart,https://kworb.net/spotify/country/my_weekly_totals.html
Nabila Razali,Pematah Hati,27,0,18,145617,1979423,Spotify MY Weekly Chart,https://kworb.net/spotify/country/my_weekly_totals.html
Alan Walker,Tired,28,0,30,110770,1975341,Spotify MY Weekly Chart,https://kworb.net/spotify/country/my_weekly_totals.html
LAUV,The Other,37,0,41,94954,1974845,Spotify MY Weekly Chart,https://kworb.net/spotify/country/my_weekly_totals.html
Ed Sheeran,Dive,47,0,16,162000,1971205,Spotify MY Weekly Chart,https://kworb.net/spotify/country/my_weekly_totals.html
The Chainsmokers,Somebody,21,1,10,155743,1968253,Spotify MY Weekly Chart,https://kworb.net/spotify/country/my_weekly_totals.html
Rachel Platten,Fight Song,77,0,12,62821,1967579,Spotify MY Weekly Chart,https://kworb.net/spotify/country/my_weekly_totals.html
BOL4,Some,40,0,126,62039,1964656,Spotify MY Weekly Chart,https://kworb.net/spotify/country/my_weekly_totals.html
AURORA,Runaway,24,0,22,158244,1961777,Spotify MY Weekly Chart,https://kworb.net/spotify/country/my_weekly_totals.html
Calum Scott,You Are The Reason - Duet Version,40,0,69,65800,1961039,Spotify MY Weekly Chart,https://kworb.net/spotify/country/my_weekly_totals.html
Rihanna,Lift Me Up,17,0,38,186516,1959741,Spotify MY Weekly Chart,https://kworb.net/spotify/country/my_weekly_totals.html
Amylea,Tak Pernah Hilang,31,0,39,96350,1955512,Spotify MY Weekly Chart,https://kworb.net/spotify/country/my_weekly_totals.html
Yonnyboii,Tak Sangka,21,0,34,163056,1954749,Spotify MY Weekly Chart,https://kworb.net/spotify/country/my_weekly_totals.html
Screen,Bila Cinta Di Dusta,15,0,146,144267,1951896,Spotify MY Weekly Chart,https://kworb.net/spotify/country/my_weekly_totals.html
BTS,Stay Gold,23,1,4,224402,1951450,Spotify MY Weekly Chart,https://kworb.net/spotify/country/my_weekly_totals.html
Floor 88,Yang Benar,33,0,85,74593,1951352,Spotify MY Weekly Chart,https://kworb.net/spotify/country/my_weekly_totals.html
MAGIC!,Rude,71,21,1,101331,1944126,Spotify MY Weekly Chart,https://kworb.net/spotify/country/my_weekly_totals.html
Ezad Lazim,Demi Cinta,49,0,51,136920,1943805,Spotify MY Weekly Chart,https://kworb.net/spotify/country/my_weekly_totals.html
Kerispatih,Mengenangmu,13,0,97,171754,1941521,Spotify MY Weekly Chart,https://kworb.net/spotify/country/my_weekly_totals.html
Taylor Swift,Is It Over Now? (Taylor's Version) (From The Vault),13,0,26,253110,1941322,Spotify MY Weekly Chart,https://kworb.net/spotify/country/my_weekly_totals.html
Justin Timberlake,Mirrors,94,22,1,136369,1941029,Spotify MY Weekly Chart,https://kworb.net/spotify/country/my_weekly_totals.html
TWICE,Alcohol-Free,23,0,16,211223,1940903,Spotify MY Weekly Chart,https://kworb.net/spotify/country/my_weekly_totals.html
The Neighbourhood,Softcore,26,0,70,94351,1940748,Spotify MY Weekly Chart,https://kworb.net/spotify/country/my_weekly_totals.html
BABYMONSTER,CHOOM,10,0,22,294172,1940411,Spotify MY Weekly Chart,https://kworb.net/spotify/country/my_weekly_totals.html
Alessia Cara,Wild Things,32,0,16,94106,1939902,Spotify MY Weekly Chart,https://kworb.net/spotify/country/my_weekly_totals.html
Pamungkas,To the Bone,34,0,76,69220,1939457,Spotify MY Weekly Chart,https://kworb.net/spotify/country/my_weekly_totals.html
KISS OF LIFE,Sticky,13,0,47,203083,1935886,Spotify MY Weekly Chart,https://kworb.net/spotify/country/my_weekly_totals.html
Desiigner,Panda,42,0,15,100806,1933128,Spotify MY Weekly Chart,https://kworb.net/spotify/country/my_weekly_totals.html
V,FRI(END)S,13,0,30,225868,1929648,Spotify MY Weekly Chart,https://kworb.net/spotify/country/my_weekly_totals.html
JEON SOMI,XOXO,21,0,17,205842,1928734,Spotify MY Weekly Chart,https://kworb.net/spotify/country/my_weekly_totals.html
Zara Larsson,Ruin My Life,29,0,39,102452,1923405,Spotify MY Weekly Chart,https://kworb.net/spotify/country/my_weekly_totals.html
Why Don't We,Fallin',15,0,26,144412,1922264,Spotify MY Weekly Chart,https://kworb.net/spotify/country/my_weekly_totals.html
Syamel,Lebih Sempurna,54,0,81,44677,1921281,Spotify MY Weekly Chart,https://kworb.net/spotify/country/my_weekly_totals.html
Creepy Nuts,Bling-Bang-Bang-Born,14,0,50,187829,1920260,Spotify MY Weekly Chart,https://kworb.net/spotify/country/my_weekly_totals.html
MAX,IT'S YOU,20,0,54,127697,1919780,Spotify MY Weekly Chart,https://kworb.net/spotify/country/my_weekly_totals.html
ROSÉ,drinks or coffee,11,0,20,341913,1919766,Spotify MY Weekly Chart,https://kworb.net/spotify/country/my_weekly_totals.html
Selena Gomez,Same Old Love,49,0,11,83057,1918719,Spotify MY Weekly Chart,https://kworb.net/spotify/country/my_weekly_totals.html
Sai Abhyankkar,Oorum Blood,13,0,43,194686,1917869,Spotify MY Weekly Chart,https://kworb.net/spotify/country/my_weekly_totals.html
Doechii,Anxiety,12,0,40,221158,1915893,Spotify MY Weekly Chart,https://kworb.net/spotify/country/my_weekly_totals.html
Crowd Lu,刻在我心底的名字 (Your Name Engraved Herein) - 電影<刻在你心底的名字>主題曲,30,0,40,96806,1915412,Spotify MY Weekly Chart,https://kworb.net/spotify/country/my_weekly_totals.html
DJ Khaled,Wild Thoughts,22,0,16,140367,1912188,Spotify MY Weekly Chart,https://kworb.net/spotify/country/my_weekly_totals.html
Kiiara,Gold,51,0,39,65926,1912173,Spotify MY Weekly Chart,https://kworb.net/spotify/country/my_weekly_totals.html
LNGSHOT,Never Let Go,11,0,35,263655,1910623,Spotify MY Weekly Chart,https://kworb.net/spotify/country/my_weekly_totals.html
Shirley Chen,绿色,33,0,66,80855,1909993,Spotify MY Weekly Chart,https://kworb.net/spotify/country/my_weekly_totals.html
Sanisah Huri,Bersabarlah Sayang,17,0,58,193620,1908532,Spotify MY Weekly Chart,https://kworb.net/spotify/country/my_weekly_totals.html
iKON,KILLING ME,23,1,8,179554,1908467,Spotify MY Weekly Chart,https://kworb.net/spotify/country/my_weekly_totals.html
imase,NIGHT DANCER,18,0,98,141830,1908087,Spotify MY Weekly Chart,https://kworb.net/spotify/country/my_weekly_totals.html
Future,Life Is Good,23,0,27,158241,1907686,Spotify MY Weekly Chart,https://kworb.net/spotify/country/my_weekly_totals.html
Ritt Momney,Put Your Records On,25,0,35,120191,1905992,Spotify MY Weekly Chart,https://kworb.net/spotify/country/my_weekly_totals.html
Sarah,Kesetiaan,18,0,30,161377,1904058,Spotify MY Weekly Chart,https://kworb.net/spotify/country/my_weekly_totals.html
Tate McRae,lie to me,23,0,42,108973,1903538,Spotify MY Weekly Chart,https://kworb.net/spotify/country/my_weekly_totals.html
Cheat Codes,Only You,26,0,15,136245,1903527,Spotify MY Weekly Chart,https://kworb.net/spotify/country/my_weekly_totals.html
Jawsh 685,Savage Love (Laxed – Siren Beat) [BTS Remix],24,0,18,204447,1902697,Spotify MY Weekly Chart,https://kworb.net/spotify/country/my_weekly_totals.html
Selena Gomez,Good For You,49,11,5,76277,1902165,Spotify MY Weekly Chart,https://kworb.net/spotify/country/my_weekly_totals.html
Andi Bernadee,Hello,32,0,83,80189,1898877,Spotify MY Weekly Chart,https://kworb.net/spotify/country/my_weekly_totals.html
The Vamps,Somebody To You,54,0,61,62745,1897977,Spotify MY Weekly Chart,https://kworb.net/spotify/country/my_weekly_totals.html
RAYE,Escapism. - Sped Up,14,0,42,203147,1896553,Spotify MY Weekly Chart,https://kworb.net/spotify/country/my_weekly_totals.html
Andy Grammer,Fresh Eyes,34,0,24,90687,1896382,Spotify MY Weekly Chart,https://kworb.net/spotify/country/my_weekly_totals.html
Unknown Artist,Bila Hari Raya Menjelma,20,0,60,180875,1895789,Spotify MY Weekly Chart,https://kworb.net/spotify/country/my_weekly_totals.html
Halsey,You should be sad,19,0,26,170636,1893185,Spotify MY Weekly Chart,https://kworb.net/spotify/country/my_weekly_totals.html
10CM,Spring Snow,13,0,41,219789,1889142,Spotify MY Weekly Chart,https://kworb.net/spotify/country/my_weekly_totals.html
NMIXX,O.O,16,0,19,179513,1888217,Spotify MY Weekly Chart,https://kworb.net/spotify/country/my_weekly_totals.html
MOLIY,Shake It To The Max (FLY) - Remix,12,0,45,205311,1886273,Spotify MY Weekly Chart,https://kworb.net/spotify/country/my_weekly_totals.html
Jimin,Be Mine,13,0,52,180479,1885285,Spotify MY Weekly Chart,https://kworb.net/spotify/country/my_weekly_totals.html
Avicii,Waiting For Love,68,5,6,100107,1885243,Spotify MY Weekly Chart,https://kworb.net/spotify/country/my_weekly_totals.html
Taylor Swift,exile,20,2,4,281626,1884025,Spotify MY Weekly Chart,https://kworb.net/spotify/country/my_weekly_totals.html
6ixth Sense,Tanpa,15,0,125,147814,1880108,Spotify MY Weekly Chart,https://kworb.net/spotify/country/my_weekly_totals.html
Doja Cat,Boss Bitch,17,0,21,147514,1879458,Spotify MY Weekly Chart,https://kworb.net/spotify/country/my_weekly_totals.html
XPOSE,Sandiwara,34,0,55,72044,1878766,Spotify MY Weekly Chart,https://kworb.net/spotify/country/my_weekly_totals.html
SZA,Shirt,17,0,50,167501,1877109,Spotify MY Weekly Chart,https://kworb.net/spotify/country/my_weekly_totals.html
Halsey,Graveyard,22,0,41,129300,1876324,Spotify MY Weekly Chart,https://kworb.net/spotify/country/my_weekly_totals.html
Ali Gatie,What If I Told You That I Love You,18,0,27,156690,1873993,Spotify MY Weekly Chart,https://kworb.net/spotify/country/my_weekly_totals.html
Bunga Citra Lestari,Cinta Sejati,33,0,32,153270,1872429,Spotify MY Weekly Chart,https://kworb.net/spotify/country/my_weekly_totals.html
Sub Urban,INFERNO,17,0,33,152567,1872017,Spotify MY Weekly Chart,https://kworb.net/spotify/country/my_weekly_totals.html
Taylor Swift,Snow On The Beach,11,1,4,436505,1870940,Spotify MY Weekly Chart,https://kworb.net/spotify/country/my_weekly_totals.html
Temper City,Self Aware,11,0,65,192506,1870193,Spotify MY Weekly Chart,https://kworb.net/spotify/country/my_weekly_totals.html
Timeflies,Once In a While,41,0,32,80451,1869973,Spotify MY Weekly Chart,https://kworb.net/spotify/country/my_weekly_totals.html
Armada,Apa Kabar Sayang,22,0,49,116027,1868860,Spotify MY Weekly Chart,https://kworb.net/spotify/country/my_weekly_totals.html
Avicii,Without You,22,0,24,125707,1866628,Spotify MY Weekly Chart,https://kworb.net/spotify/country/my_weekly_totals.html
Little Mix,Woman Like Me,24,0,14,151041,1865136,Spotify MY Weekly Chart,https://kworb.net/spotify/country/my_weekly_totals.html
James Arthur,Can I Be Him,31,0,44,88949,1863874,Spotify MY Weekly Chart,https://kworb.net/spotify/country/my_weekly_totals.html
Selena Gomez,Fetish,24,1,8,187852,1863759,Spotify MY Weekly Chart,https://kworb.net/spotify/country/my_weekly_totals.html
Budi Doremi,Tak Kan Hilang,17,0,112,142053,1863515,Spotify MY Weekly Chart,https://kworb.net/spotify/country/my_weekly_totals.html
d4vd,Feel It,15,0,88,145897,1863310,Spotify MY Weekly Chart,https://kworb.net/spotify/country/my_weekly_totals.html
Selena Gomez,Bad Liar,21,0,13,165821,1861511,Spotify MY Weekly Chart,https://kworb.net/spotify/country/my_weekly_totals.html
AJR,Weak,26,0,25,113267,1861271,Spotify MY Weekly Chart,https://kworb.net/spotify/country/my_weekly_totals.html
Fourtwnty,Hitam Putih,13,0,39,221582,1860817,Spotify MY Weekly Chart,https://kworb.net/spotify/country/my_weekly_totals.html
MAX,STUPID IN LOVE,14,0,49,196531,1860591,Spotify MY Weekly Chart,https://kworb.net/spotify/country/my_weekly_totals.html
Elizabeth Tan,Setia,62,0,17,116365,1851447,Spotify MY Weekly Chart,https://kworb.net/spotify/country/my_weekly_totals.html
The Weeknd,The Hills,49,0,11,78580,1843915,Spotify MY Weekly Chart,https://kworb.net/spotify/country/my_weekly_totals.html
Hael Husaini,Lara,26,0,46,101318,1842146,Spotify MY Weekly Chart,https://kworb.net/spotify/country/my_weekly_totals.html
Akim And The Majistret,Rampas,40,0,116,53047,1835807,Spotify MY Weekly Chart,https://kworb.net/spotify/country/my_weekly_totals.html
Cigarettes After Sex,Sweet,17,0,157,126226,1835095,Spotify MY Weekly Chart,https://kworb.net/spotify/country/my_weekly_totals.html
Billie Eilish,ocean eyes,23,0,142,129994,1834452,Spotify MY Weekly Chart,https://kworb.net/spotify/country/my_weekly_totals.html
Sam Smith,Diamonds,23,0,30,121823,1832207,Spotify MY Weekly Chart,https://kworb.net/spotify/country/my_weekly_totals.html
Dove Cameron,Boyfriend,19,0,32,139998,1831684,Spotify MY Weekly Chart,https://kworb.net/spotify/country/my_weekly_totals.html
21 Savage,redrum,14,0,59,164397,1824399,Spotify MY Weekly Chart,https://kworb.net/spotify/country/my_weekly_totals.html
Little Mix,Touch,28,0,21,112998,1821992,Spotify MY Weekly Chart,https://kworb.net/spotify/country/my_weekly_totals.html
Maroon 5,She Will Be Loved,87,0,86,33215,1816116,Spotify MY Weekly Chart,https://kworb.net/spotify/country/my_weekly_totals.html
Justin Bieber,Mistletoe,25,0,47,188024,1812123,Spotify MY Weekly Chart,https://kworb.net/spotify/country/my_weekly_totals.html
LAUV,Fake,21,0,24,150400,1805092,Spotify MY Weekly Chart,https://kworb.net/spotify/country/my_weekly_totals.html
Nick Jonas,Close,29,0,19,92470,1804872,Spotify MY Weekly Chart,https://kworb.net/spotify/country/my_weekly_totals.html
Khai Bahar,Rahsia Kita,35,0,56,72386,1798755,Spotify MY Weekly Chart,https://kworb.net/spotify/country/my_weekly_totals.html
DJ Khaled,No Brainer,14,4,5,203680,1797711,Spotify MY Weekly Chart,https://kworb.net/spotify/country/my_weekly_totals.html
Nicki Minaj,Super Freaky Girl,16,0,46,144827,1795311,Spotify MY Weekly Chart,https://kworb.net/spotify/country/my_weekly_totals.html
The Kid LAROI,BABY I'M BACK,11,0,49,194481,1795259,Spotify MY Weekly Chart,https://kworb.net/spotify/country/my_weekly_totals.html
BLACKPINK,The Happiest Girl,11,1,5,516496,1791171,Spotify MY Weekly Chart,https://kworb.net/spotify/country/my_weekly_totals.html
BTS,Fly To My Room,21,1,4,399428,1791166,Spotify MY Weekly Chart,https://kworb.net/spotify/country/my_weekly_totals.html
TOMORROW X TOGETHER,Deja Vu,11,0,29,236505,1789711,Spotify MY Weekly Chart,https://kworb.net/spotify/country/my_weekly_totals.html
NewJeans,Hurt,18,0,83,125919,1789383,Spotify MY Weekly Chart,https://kworb.net/spotify/country/my_weekly_totals.html
Yovie Widianto,Terlalu Cinta,12,0,48,193876,1788195,Spotify MY Weekly Chart,https://kworb.net/spotify/country/my_weekly_totals.html
Lil Nas X,Panini,20,0,32,151298,1787380,Spotify MY Weekly Chart,https://kworb.net/spotify/country/my_weekly_totals.html
Billie Eilish,CHIHIRO,12,0,47,221266,1786839,Spotify MY Weekly Chart,https://kworb.net/spotify/country/my_weekly_totals.html
Ariana Grande,Don’t Call Me Angel (Charlie’s Angels),13,1,8,309995,1785749,Spotify MY Weekly Chart,https://kworb.net/spotify/country/my_weekly_totals.html
WALK THE MOON,Shut Up and Dance,84,0,20,46003,1781792,Spotify MY Weekly Chart,https://kworb.net/spotify/country/my_weekly_totals.html
The Weeknd,Pray For Me,18,3,5,194711,1781525,Spotify MY Weekly Chart,https://kworb.net/spotify/country/my_weekly_totals.html
Silence Wang,像晴天像雨天（电视剧《难哄》心动曲）,11,0,45,206853,1780588,Spotify MY Weekly Chart,https://kworb.net/spotify/country/my_weekly_totals.html
Luqman Podolski,Kalau Kau Rindu,31,0,66,81269,1776905,Spotify MY Weekly Chart,https://kworb.net/spotify/country/my_weekly_totals.html
Lil Wayne,Sucker For Pain,29,0,13,125188,1776374,Spotify MY Weekly Chart,https://kworb.net/spotify/country/my_weekly_totals.html
Red Velvet,Feel My Rhythm,16,0,11,231181,1776341,Spotify MY Weekly Chart,https://kworb.net/spotify/country/my_weekly_totals.html
BTS,Filter,27,0,20,233290,1774348,Spotify MY Weekly Chart,https://kworb.net/spotify/country/my_weekly_totals.html
BLACKPINK,Crazy Over You,19,1,9,388715,1773777,Spotify MY Weekly Chart,https://kworb.net/spotify/country/my_weekly_totals.html
Joe Flizzow,Sang Saka Biru,22,0,30,101633,1772850,Spotify MY Weekly Chart,https://kworb.net/spotify/country/my_weekly_totals.html
Hael Husaini,Diam,11,0,46,195540,1771645,Spotify MY Weekly Chart,https://kworb.net/spotify/country/my_weekly_totals.html
Li Yugang,刚好遇见你,42,0,60,66176,1770757,Spotify MY Weekly Chart,https://kworb.net/spotify/country/my_weekly_totals.html
The Chainsmokers,The One,20,1,6,199682,1768659,Spotify MY Weekly Chart,https://kworb.net/spotify/country/my_weekly_totals.html
Fifth Harmony,Worth It,62,9,6,61538,1765313,Spotify MY Weekly Chart,https://kworb.net/spotify/country/my_weekly_totals.html
Jeremy Zucker,comethru (bonus track),21,0,47,94458,1764967,Spotify MY Weekly Chart,https://kworb.net/spotify/country/my_weekly_totals.html
Rudimental,Lay It All on Me,38,0,12,69437,1764748,Spotify MY Weekly Chart,https://kworb.net/spotify/country/my_weekly_totals.html
Marc E. Bassy,You & Me,32,0,26,91501,1763016,Spotify MY Weekly Chart,https://kworb.net/spotify/country/my_weekly_totals.html
Halsey,Now Or Never,23,0,20,128953,1759170,Spotify MY Weekly Chart,https://kworb.net/spotify/country/my_weekly_totals.html
Martin Jensen,Solo Dance,31,0,27,97291,1757578,Spotify MY Weekly Chart,https://kworb.net/spotify/country/my_weekly_totals.html
Coi Leray,Players,14,0,42,198313,1753776,Spotify MY Weekly Chart,https://kworb.net/spotify/country/my_weekly_totals.html
Naim Daniel,lagu lelaki gila.,13,0,78,165186,1751020,Spotify MY Weekly Chart,https://kworb.net/spotify/country/my_weekly_totals.html
Zedd,Good Thing,18,0,26,154252,1748754,Spotify MY Weekly Chart,https://kworb.net/spotify/country/my_weekly_totals.html
Khai Bahar,Bayang,52,0,73,41216,1743903,Spotify MY Weekly Chart,https://kworb.net/spotify/country/my_weekly_totals.html
Bebe Rexha,The Way I Are (Dance with Somebody),24,0,36,92096,1738737,Spotify MY Weekly Chart,https://kworb.net/spotify/country/my_weekly_totals.html
Kygo,Lose Somebody,28,0,41,102386,1737510,Spotify MY Weekly Chart,https://kworb.net/spotify/country/my_weekly_totals.html
Spoon,Memori Sekuntum Rindu,12,0,89,171360,1735820,Spotify MY Weekly Chart,https://kworb.net/spotify/country/my_weekly_totals.html
Projector Band,Aisyah,35,0,48,81028,1735265,Spotify MY Weekly Chart,https://kworb.net/spotify/country/my_weekly_totals.html
Sam Kim,Love Me Like That,16,0,26,158158,1734446,Spotify MY Weekly Chart,https://kworb.net/spotify/country/my_weekly_totals.html
Zivilia,Aishiteru,13,0,135,148118,1733093,Spotify MY Weekly Chart,https://kworb.net/spotify/country/my_weekly_totals.html
Astrid S,Hurts So Good,44,0,46,91065,1731196,Spotify MY Weekly Chart,https://kworb.net/spotify/country/my_weekly_totals.html
Zizan Razak,Infiniti Cinta,13,0,64,170819,1730234,Spotify MY Weekly Chart,https://kworb.net/spotify/country/my_weekly_totals.html
Daiyan Trisha,Jom Raya,8,1,8,436300,1728860,Spotify MY Weekly Chart,https://kworb.net/spotify/country/my_weekly_totals.html
ENHYPEN,Drunk-Dazed,29,0,57,88202,1726357,Spotify MY Weekly Chart,https://kworb.net/spotify/country/my_weekly_totals.html
Wali,Yank,14,0,124,144105,1725696,Spotify MY Weekly Chart,https://kworb.net/spotify/country/my_weekly_totals.html
Taylor Swift,Love Story,39,0,120,57272,1723786,Spotify MY Weekly Chart,https://kworb.net/spotify/country/my_weekly_totals.html
Charlie Puth,Done for Me,24,0,28,118498,1722924,Spotify MY Weekly Chart,https://kworb.net/spotify/country/my_weekly_totals.html
Sabrina Carpenter,When Did You Get Hot?,13,0,110,145189,1721661,Spotify MY Weekly Chart,https://kworb.net/spotify/country/my_weekly_totals.html
Shawn Mendes,I Know What You Did Last Summer,35,1,10,82637,1720595,Spotify MY Weekly Chart,https://kworb.net/spotify/country/my_weekly_totals.html
Taylor Swift,Lover (Remix),18,0,24,179166,1719540,Spotify MY Weekly Chart,https://kworb.net/spotify/country/my_weekly_totals.html
Larissa Lambert,Weak,22,0,40,108202,1719132,Spotify MY Weekly Chart,https://kworb.net/spotify/country/my_weekly_totals.html
Judika,Tentang Rahsia,30,0,63,88746,1717879,Spotify MY Weekly Chart,https://kworb.net/spotify/country/my_weekly_totals.html
Dave,Sprinter,13,0,63,168885,1716903,Spotify MY Weekly Chart,https://kworb.net/spotify/country/my_weekly_totals.html
Red Velvet,Bad Boy,31,0,29,117186,1716079,Spotify MY Weekly Chart,https://kworb.net/spotify/country/my_weekly_totals.html
Azarra Band,Alalala Sayang,31,0,94,67910,1716001,Spotify MY Weekly Chart,https://kworb.net/spotify/country/my_weekly_totals.html
Afgan,Kacamata,11,0,52,200075,1715987,Spotify MY Weekly Chart,https://kworb.net/spotify/country/my_weekly_totals.html
Drake,Too Good,32,0,35,77105,1715026,Spotify MY Weekly Chart,https://kworb.net/spotify/country/my_weekly_totals.html
Atmosfera,Berakhirlah Sudah,45,0,65,57264,1708390,Spotify MY Weekly Chart,https://kworb.net/spotify/country/my_weekly_totals.html
LAUV,Modern Loneliness,22,0,22,188474,1706324,Spotify MY Weekly Chart,https://kworb.net/spotify/country/my_weekly_totals.html
Marshmello,Alone,40,0,38,70517,1706152,Spotify MY Weekly Chart,https://kworb.net/spotify/country/my_weekly_totals.html
BIGBANG,BANG BANG BANG,82,0,26,34849,1701921,Spotify MY Weekly Chart,https://kworb.net/spotify/country/my_weekly_totals.html
Dato' Sri Siti Nurhaliza,Aku Cinta Padamu,12,0,80,166498,1699733,Spotify MY Weekly Chart,https://kworb.net/spotify/country/my_weekly_totals.html
Justin Bieber,Company,50,0,28,190194,1699120,Spotify MY Weekly Chart,https://kworb.net/spotify/country/my_weekly_totals.html
Nastia,Rapuh,40,0,67,58263,1698348,Spotify MY Weekly Chart,https://kworb.net/spotify/country/my_weekly_totals.html
Idina Menzel,Into the Unknown,13,1,9,267053,1695077,Spotify MY Weekly Chart,https://kworb.net/spotify/country/my_weekly_totals.html
Metro Boomin,Trance,17,0,121,115824,1694641,Spotify MY Weekly Chart,https://kworb.net/spotify/country/my_weekly_totals.html
Galantis,No Money,31,0,19,90592,1694475,Spotify MY Weekly Chart,https://kworb.net/spotify/country/my_weekly_totals.html
Kygo,Firestone,81,3,9,40437,1692476,Spotify MY Weekly Chart,https://kworb.net/spotify/country/my_weekly_totals.html
LaLa Hsu,真的傻 (電影《一吻定情》追愛版主題曲),34,0,71,68463,1692330,Spotify MY Weekly Chart,https://kworb.net/spotify/country/my_weekly_totals.html
Maroon 5,Wait,24,0,34,96060,1691895,Spotify MY Weekly Chart,https://kworb.net/spotify/country/my_weekly_totals.html
24kGoldn,"Mood (Remix) feat. Justin Bieber, J Balvin & iann dior",24,0,39,111974,1690708,Spotify MY Weekly Chart,https://kworb.net/spotify/country/my_weekly_totals.html
Taylor Swift,Love Story (Taylor’s Version),18,1,5,207920,1682269,Spotify MY Weekly Chart,https://kworb.net/spotify/country/my_weekly_totals.html
Post Malone,I Fall Apart,31,0,52,76999,1678184,Spotify MY Weekly Chart,https://kworb.net/spotify/country/my_weekly_totals.html
Drake,Fake Love,31,0,24,89142,1677968,Spotify MY Weekly Chart,https://kworb.net/spotify/country/my_weekly_totals.html
Jason Derulo,Want to Want Me,57,12,4,62609,1677407,Spotify MY Weekly Chart,https://kworb.net/spotify/country/my_weekly_totals.html
BLACKPINK,Forever Young,28,1,6,177860,1673374,Spotify MY Weekly Chart,https://kworb.net/spotify/country/my_weekly_totals.html
Stray Kids,MANIAC,14,1,8,253192,1671891,Spotify MY Weekly Chart,https://kworb.net/spotify/country/my_weekly_totals.html
MALIQ & D'Essentials,Kita Bikin Romantis,12,0,53,199337,1670745,Spotify MY Weekly Chart,https://kworb.net/spotify/country/my_weekly_totals.html
Achey,Sakit,28,0,73,83740,1670739,Spotify MY Weekly Chart,https://kworb.net/spotify/country/my_weekly_totals.html
Reedzwann,Tercipta Satu Senyuman,14,0,64,145952,1670392,Spotify MY Weekly Chart,https://kworb.net/spotify/country/my_weekly_totals.html
benny blanco,Bad Decisions,13,0,16,209612,1667649,Spotify MY Weekly Chart,https://kworb.net/spotify/country/my_weekly_totals.html
Eric Chou,如果雨之後,39,0,81,51549,1664200,Spotify MY Weekly Chart,https://kworb.net/spotify/country/my_weekly_totals.html
IU,LILAC,25,0,13,206938,1662402,Spotify MY Weekly Chart,https://kworb.net/spotify/country/my_weekly_totals.html
James Arthur,Naked,25,0,35,92059,1662193,Spotify MY Weekly Chart,https://kworb.net/spotify/country/my_weekly_totals.html
Eminem,Godzilla,16,0,22,185442,1660248,Spotify MY Weekly Chart,https://kworb.net/spotify/country/my_weekly_totals.html
JEON SOMI,DUMB DUMB,19,0,32,138042,1659606,Spotify MY Weekly Chart,https://kworb.net/spotify/country/my_weekly_totals.html
Dua Lipa,Physical,16,0,27,163969,1659334,Spotify MY Weekly Chart,https://kworb.net/spotify/country/my_weekly_totals.html
Nabila Maharani,BILA NANTI,24,0,97,78757,1658574,Spotify MY Weekly Chart,https://kworb.net/spotify/country/my_weekly_totals.html
Billie Eilish,No Time To Die,12,1,6,296530,1656706,Spotify MY Weekly Chart,https://kworb.net/spotify/country/my_weekly_totals.html
LAUV,All 4 Nothing (I'm So In Love),21,0,61,101708,1655490,Spotify MY Weekly Chart,https://kworb.net/spotify/country/my_weekly_totals.html
K-Clique,Lane Lain Line,30,0,80,71721,1654984,Spotify MY Weekly Chart,https://kworb.net/spotify/country/my_weekly_totals.html
El Riss,Lukisan,13,0,124,148900,1653632,Spotify MY Weekly Chart,https://kworb.net/spotify/country/my_weekly_totals.html
Ariana Grande,pov,22,0,30,130168,1653366,Spotify MY Weekly Chart,https://kworb.net/spotify/country/my_weekly_totals.html
Khalid,OTW,22,0,20,123143,1648901,Spotify MY Weekly Chart,https://kworb.net/spotify/country/my_weekly_totals.html
DripReport,Skechers,17,0,17,176958,1648865,Spotify MY Weekly Chart,https://kworb.net/spotify/country/my_weekly_totals.html
Olivia Rodrigo,All I Want,23,0,78,89587,1645761,Spotify MY Weekly Chart,https://kworb.net/spotify/country/my_weekly_totals.html
Jessi,NUNU NANA,26,0,26,133445,1644504,Spotify MY Weekly Chart,https://kworb.net/spotify/country/my_weekly_totals.html
Malique,Pejamkan Mata,41,0,61,55989,1640383,Spotify MY Weekly Chart,https://kworb.net/spotify/country/my_weekly_totals.html
aespa,Dreams Come True,18,0,41,131374,1639102,Spotify MY Weekly Chart,https://kworb.net/spotify/country/my_weekly_totals.html
BIBI,BIBI Vengeance,16,0,76,119068,1638695,Spotify MY Weekly Chart,https://kworb.net/spotify/country/my_weekly_totals.html
My Chemical Romance,Disenchanted,12,0,33,298421,1637951,Spotify MY Weekly Chart,https://kworb.net/spotify/country/my_weekly_totals.html
BTS,Take Two,9,1,8,408139,1636366,Spotify MY Weekly Chart,https://kworb.net/spotify/country/my_weekly_totals.html
Eminem,Mockingbird,18,0,123,97794,1635467,Spotify MY Weekly Chart,https://kworb.net/spotify/country/my_weekly_totals.html
Luke Christopher,Lot to Learn,29,0,32,91342,1633190,Spotify MY Weekly Chart,https://kworb.net/spotify/country/my_weekly_totals.html
James Arthur,A Year Ago,15,0,108,122824,1631815,Spotify MY Weekly Chart,https://kworb.net/spotify/country/my_weekly_totals.html
Sabrina Carpenter,Tears,11,0,33,221197,1629604,Spotify MY Weekly Chart,https://kworb.net/spotify/country/my_weekly_totals.html
David Guetta,This One's for You,25,0,14,104485,1628470,Spotify MY Weekly Chart,https://kworb.net/spotify/country/my_weekly_totals.html
Demi Lovato,Cool for the Summer,44,4,9,90404,1628199,Spotify MY Weekly Chart,https://kworb.net/spotify/country/my_weekly_totals.html
IV OF SPADES,Come Inside Of My Heart,20,0,82,96336,1622896,Spotify MY Weekly Chart,https://kworb.net/spotify/country/my_weekly_totals.html
Ellie Goulding,On My Mind,32,4,7,81539,1621845,Spotify MY Weekly Chart,https://kworb.net/spotify/country/my_weekly_totals.html
Don Toliver,No Idea,18,0,31,146518,1610786,Spotify MY Weekly Chart,https://kworb.net/spotify/country/my_weekly_totals.html
Ariana Grande,Dangerous Woman,31,0,11,105819,1610325,Spotify MY Weekly Chart,https://kworb.net/spotify/country/my_weekly_totals.html
Calvin Harris,My Way,23,0,17,113102,1602681,Spotify MY Weekly Chart,https://kworb.net/spotify/country/my_weekly_totals.html
Mega,Sekuntum Bunga Sakura Di Gurun Sahara,8,0,25,292149,1601714,Spotify MY Weekly Chart,https://kworb.net/spotify/country/my_weekly_totals.html
XXXTENTACION,Jocelyn Flores,31,0,27,110810,1597765,Spotify MY Weekly Chart,https://kworb.net/spotify/country/my_weekly_totals.html
Hailee Steinfeld,Rock Bottom,31,0,30,77843,1597749,Spotify MY Weekly Chart,https://kworb.net/spotify/country/my_weekly_totals.html
Jessie J,Bang Bang,83,4,8,41771,1597563,Spotify MY Weekly Chart,https://kworb.net/spotify/country/my_weekly_totals.html
JJ Lin,不為誰而作的歌,64,0,53,38416,1597322,Spotify MY Weekly Chart,https://kworb.net/spotify/country/my_weekly_totals.html
Irfan Haris,Redha,46,0,70,43943,1593686,Spotify MY Weekly Chart,https://kworb.net/spotify/country/my_weekly_totals.html
Chombi,Sayunk I Love You,16,0,76,132827,1592836,Spotify MY Weekly Chart,https://kworb.net/spotify/country/my_weekly_totals.html
One Direction,History,45,0,26,61203,1592714,Spotify MY Weekly Chart,https://kworb.net/spotify/country/my_weekly_totals.html
Cigarettes After Sex,K.,19,0,127,130582,1591058,Spotify MY Weekly Chart,https://kworb.net/spotify/country/my_weekly_totals.html
Billie Eilish,my future,15,2,5,219777,1590568,Spotify MY Weekly Chart,https://kworb.net/spotify/country/my_weekly_totals.html
Hailee Steinfeld,Love Myself,45,0,14,67652,1589705,Spotify MY Weekly Chart,https://kworb.net/spotify/country/my_weekly_totals.html
OneRepublic,Rescue Me,18,0,30,128615,1588858,Spotify MY Weekly Chart,https://kworb.net/spotify/country/my_weekly_totals.html
LAUV,Love Somebody,20,0,35,129446,1585218,Spotify MY Weekly Chart,https://kworb.net/spotify/country/my_weekly_totals.html
MOMOLAND,BBoom BBoom,39,0,99,46532,1585216,Spotify MY Weekly Chart,https://kworb.net/spotify/country/my_weekly_totals.html
Why Don't We,Fallin’ (Adrenaline),24,0,31,120862,1577813,Spotify MY Weekly Chart,https://kworb.net/spotify/country/my_weekly_totals.html
Firdhaus,能遇見，就很不錯了,13,0,85,148806,1574133,Spotify MY Weekly Chart,https://kworb.net/spotify/country/my_weekly_totals.html
aespa,Black Mamba,19,0,16,187834,1568807,Spotify MY Weekly Chart,https://kworb.net/spotify/country/my_weekly_totals.html
Afgan,Bukan Cinta Biasa,14,0,140,120760,1563264,Spotify MY Weekly Chart,https://kworb.net/spotify/country/my_weekly_totals.html
Ben Ladin,Hikayat Benladin,21,0,22,122070,1557611,Spotify MY Weekly Chart,https://kworb.net/spotify/country/my_weekly_totals.html
GIVĒON,LIKE I WANT YOU,26,0,57,84009,1557449,Spotify MY Weekly Chart,https://kworb.net/spotify/country/my_weekly_totals.html
Akbar Chalay,Astaga Bercanda,4,2,5,537626,1555395,Spotify MY Weekly Chart,https://kworb.net/spotify/country/my_weekly_totals.html
Maroon 5,Animals,60,12,2,135759,1545846,Spotify MY Weekly Chart,https://kworb.net/spotify/country/my_weekly_totals.html
SZA,I Hate U,15,0,23,172450,1544383,Spotify MY Weekly Chart,https://kworb.net/spotify/country/my_weekly_totals.html
Shawn Mendes,When You're Gone,17,0,35,133096,1543637,Spotify MY Weekly Chart,https://kworb.net/spotify/country/my_weekly_totals.html
NCT DREAM,Hot Sauce,21,0,27,134909,1541992,Spotify MY Weekly Chart,https://kworb.net/spotify/country/my_weekly_totals.html
Jimin,Like Crazy (English Version),10,0,29,259408,1538894,Spotify MY Weekly Chart,https://kworb.net/spotify/country/my_weekly_totals.html
Calvin Harris,Outside,70,13,2,52380,1537400,Spotify MY Weekly Chart,https://kworb.net/spotify/country/my_weekly_totals.html
Don Toliver,No Pole,13,0,128,137439,1537107,Spotify MY Weekly Chart,https://kworb.net/spotify/country/my_weekly_totals.html
Shawn Hook,Reminding Me,24,0,30,97007,1534261,Spotify MY Weekly Chart,https://kworb.net/spotify/country/my_weekly_totals.html
Megan Thee Stallion,Sweetest Pie,19,0,61,110400,1532603,Spotify MY Weekly Chart,https://kworb.net/spotify/country/my_weekly_totals.html
Portugal. The Man,Feel It Still,35,0,46,81303,1531711,Spotify MY Weekly Chart,https://kworb.net/spotify/country/my_weekly_totals.html
Andi Bernadee,Shimmy,28,0,65,75941,1530445,Spotify MY Weekly Chart,https://kworb.net/spotify/country/my_weekly_totals.html
Projector Band,Meskipun Kau Tahu,33,0,76,101182,1529335,Spotify MY Weekly Chart,https://kworb.net/spotify/country/my_weekly_totals.html
Sufian Suhaimi,Janji,28,0,103,62980,1527331,Spotify MY Weekly Chart,https://kworb.net/spotify/country/my_weekly_totals.html
Katy Perry,Chained To The Rhythm,23,0,16,140675,1525582,Spotify MY Weekly Chart,https://kworb.net/spotify/country/my_weekly_totals.html
BLACKPINK,PLAYING WITH FIRE,38,0,30,95936,1525031,Spotify MY Weekly Chart,https://kworb.net/spotify/country/my_weekly_totals.html
Floor 88,Zalikha,34,0,63,63461,1520983,Spotify MY Weekly Chart,https://kworb.net/spotify/country/my_weekly_totals.html
Irwansyah,Pencinta Wanita,13,0,103,132138,1520456,Spotify MY Weekly Chart,https://kworb.net/spotify/country/my_weekly_totals.html
Tenxi,hoRRReg,9,0,45,214081,1518759,Spotify MY Weekly Chart,https://kworb.net/spotify/country/my_weekly_totals.html
Lil Tjay,Calling My Phone,23,0,32,113133,1517773,Spotify MY Weekly Chart,https://kworb.net/spotify/country/my_weekly_totals.html
Claire Rosinkranz,Backyard Boy,20,0,24,127461,1516965,Spotify MY Weekly Chart,https://kworb.net/spotify/country/my_weekly_totals.html
Taylor Swift,Down Bad,7,0,12,440136,1515658,Spotify MY Weekly Chart,https://kworb.net/spotify/country/my_weekly_totals.html
Meghan Trainor,NO,30,0,12,102905,1508727,Spotify MY Weekly Chart,https://kworb.net/spotify/country/my_weekly_totals.html
Mimi,Angkat,12,0,111,150141,1506052,Spotify MY Weekly Chart,https://kworb.net/spotify/country/my_weekly_totals.html
Dua Lipa,We're Good,18,0,31,117611,1504578,Spotify MY Weekly Chart,https://kworb.net/spotify/country/my_weekly_totals.html
Rahmat,Kekasihku,10,0,77,180280,1504539,Spotify MY Weekly Chart,https://kworb.net/spotify/country/my_weekly_totals.html
Tate McRae,Sports car,12,0,104,135105,1504183,Spotify MY Weekly Chart,https://kworb.net/spotify/country/my_weekly_totals.html
PinkPantheress,Boy's a liar,13,0,58,145071,1503477,Spotify MY Weekly Chart,https://kworb.net/spotify/country/my_weekly_totals.html
Jung Kook,Yes or No,12,0,33,224146,1501282,Spotify MY Weekly Chart,https://kworb.net/spotify/country/my_weekly_totals.html
Khairil Johari Johar,Sepasang Kurung Biru,14,0,79,221127,1500842,Spotify MY Weekly Chart,https://kworb.net/spotify/country/my_weekly_totals.html
LiSA,紅蓮華,31,0,126,56583,1495366,Spotify MY Weekly Chart,https://kworb.net/spotify/country/my_weekly_totals.html
Loren Allred,Never Enough,21,0,17,146253,1489944,Spotify MY Weekly Chart,https://kworb.net/spotify/country/my_weekly_totals.html
Fattah Amin,Wanita Terakhir,30,1,9,130563,1489684,Spotify MY Weekly Chart,https://kworb.net/spotify/country/my_weekly_totals.html
Zaki Yamani,Aku Ada,10,0,46,218925,1489434,Spotify MY Weekly Chart,https://kworb.net/spotify/country/my_weekly_totals.html
NewJeans,Supernatural,10,0,54,189032,1483038,Spotify MY Weekly Chart,https://kworb.net/spotify/country/my_weekly_totals.html
Marsha Milan,Hening Rindu,10,0,40,240242,1480338,Spotify MY Weekly Chart,https://kworb.net/spotify/country/my_weekly_totals.html
BTS,FYA,7,0,24,326910,1479716,Spotify MY Weekly Chart,https://kworb.net/spotify/country/my_weekly_totals.html
BLACKPINK,WHISTLE,41,0,43,90213,1479605,Spotify MY Weekly Chart,https://kworb.net/spotify/country/my_weekly_totals.html
Keenan Te,Scars,15,0,79,129229,1477378,Spotify MY Weekly Chart,https://kworb.net/spotify/country/my_weekly_totals.html
OMI,Cheerleader (Felix Jaehn Remix),41,9,2,80404,1476137,Spotify MY Weekly Chart,https://kworb.net/spotify/country/my_weekly_totals.html
Arvian Dwi,Ajarkan Aku...,23,0,98,77391,1475052,Spotify MY Weekly Chart,https://kworb.net/spotify/country/my_weekly_totals.html
Faizal Tahir,X Missing U,11,0,62,173115,1473510,Spotify MY Weekly Chart,https://kworb.net/spotify/country/my_weekly_totals.html
David Guetta,Don't Leave Me Alone,18,0,22,116325,1473394,Spotify MY Weekly Chart,https://kworb.net/spotify/country/my_weekly_totals.html
J Balvin,Mi Gente,26,0,42,89075,1472006,Spotify MY Weekly Chart,https://kworb.net/spotify/country/my_weekly_totals.html
Joe Flizzow,"Sang Saka Biru (From ""Polis Evo 2: Jaga Jaga Boh"")",33,0,147,48723,1471126,Spotify MY Weekly Chart,https://kworb.net/spotify/country/my_weekly_totals.html
The Chainsmokers,Sick Boy,15,0,13,149818,1467731,Spotify MY Weekly Chart,https://kworb.net/spotify/country/my_weekly_totals.html
Martin Garrix,Summer Days,17,0,32,123184,1466917,Spotify MY Weekly Chart,https://kworb.net/spotify/country/my_weekly_totals.html
The Weeknd,Die For You - Remix,2,2,1,837861,1466577,Spotify MY Weekly Chart,https://kworb.net/spotify/country/my_weekly_totals.html
Najwa Latif,Tak Kisah Pun,26,0,103,63817,1463812,Spotify MY Weekly Chart,https://kworb.net/spotify/country/my_weekly_totals.html
BTS,IDOL,26,1,4,197234,1462720,Spotify MY Weekly Chart,https://kworb.net/spotify/country/my_weekly_totals.html
Marcell,Firasat,10,0,72,167389,1461096,Spotify MY Weekly Chart,https://kworb.net/spotify/country/my_weekly_totals.html
Kaka Azraff,Gila,18,0,12,203100,1458308,Spotify MY Weekly Chart,https://kworb.net/spotify/country/my_weekly_totals.html
Lyodra,Tak Selalu Memiliki - Ipar Adalah Maut Original Soundtrack,12,0,92,143319,1457612,Spotify MY Weekly Chart,https://kworb.net/spotify/country/my_weekly_totals.html
Dato' Sri Siti Nurhaliza,Aidilfitri Di Alaf Baru,11,0,50,181537,1457055,Spotify MY Weekly Chart,https://kworb.net/spotify/country/my_weekly_totals.html
Drake,Rich Flex,13,0,49,161938,1453963,Spotify MY Weekly Chart,https://kworb.net/spotify/country/my_weekly_totals.html
EXO,Love Shot,22,0,12,144442,1453788,Spotify MY Weekly Chart,https://kworb.net/spotify/country/my_weekly_totals.html
The Script,Hall of Fame,60,0,12,114821,1449643,Spotify MY Weekly Chart,https://kworb.net/spotify/country/my_weekly_totals.html
Zivilia,Aishiteru 2,10,0,98,172214,1445383,Spotify MY Weekly Chart,https://kworb.net/spotify/country/my_weekly_totals.html
Hazama,Malaikat,27,0,88,159393,1444606,Spotify MY Weekly Chart,https://kworb.net/spotify/country/my_weekly_totals.html
Crush,Beautiful,32,0,37,81682,1441571,Spotify MY Weekly Chart,https://kworb.net/spotify/country/my_weekly_totals.html
Hozier,Take Me To Church,68,6,7,40344,1440414,Spotify MY Weekly Chart,https://kworb.net/spotify/country/my_weekly_totals.html
SEVENTEEN,Darl+ing,16,0,13,186013,1439851,Spotify MY Weekly Chart,https://kworb.net/spotify/country/my_weekly_totals.html
V,Rainy Days,10,0,33,225415,1439123,Spotify MY Weekly Chart,https://kworb.net/spotify/country/my_weekly_totals.html
ILLIT,It's Me,10,0,97,163771,1437092,Spotify MY Weekly Chart,https://kworb.net/spotify/country/my_weekly_totals.html
Jin,The Astronaut,8,0,14,288422,1437035,Spotify MY Weekly Chart,https://kworb.net/spotify/country/my_weekly_totals.html
DATA,Permaisuri,10,0,108,158654,1434620,Spotify MY Weekly Chart,https://kworb.net/spotify/country/my_weekly_totals.html
Olivia Rodrigo,"jealousy, jealousy",21,0,44,119986,1433632,Spotify MY Weekly Chart,https://kworb.net/spotify/country/my_weekly_totals.html
Metro Boomin,Too Many Nights,13,0,97,133293,1433193,Spotify MY Weekly Chart,https://kworb.net/spotify/country/my_weekly_totals.html
LAUV,Enemies,19,0,20,121358,1432338,Spotify MY Weekly Chart,https://kworb.net/spotify/country/my_weekly_totals.html
Jackson Wang,LMLY,20,0,51,89892,1430508,Spotify MY Weekly Chart,https://kworb.net/spotify/country/my_weekly_totals.html
Haqiem Rusli,Jatuh Bangun (Feat. Aman Ra),30,0,62,64213,1429423,Spotify MY Weekly Chart,https://kworb.net/spotify/country/my_weekly_totals.html
Lizzy McAlpine,Staying,11,0,146,137506,1428248,Spotify MY Weekly Chart,https://kworb.net/spotify/country/my_weekly_totals.html
Jason Derulo,Take You Dancing,25,0,77,72305,1426620,Spotify MY Weekly Chart,https://kworb.net/spotify/country/my_weekly_totals.html
Lyn Lapid,In My Mind,18,0,52,114876,1425774,Spotify MY Weekly Chart,https://kworb.net/spotify/country/my_weekly_totals.html
Ariana Grande,imagine,15,0,11,155534,1425555,Spotify MY Weekly Chart,https://kworb.net/spotify/country/my_weekly_totals.html
Lana Del Rey,Radio,14,0,134,112903,1425047,Spotify MY Weekly Chart,https://kworb.net/spotify/country/my_weekly_totals.html
BTS,Like Animals,7,0,25,303245,1424539,Spotify MY Weekly Chart,https://kworb.net/spotify/country/my_weekly_totals.html
MEOVV,HANDS UP,9,0,42,212328,1424390,Spotify MY Weekly Chart,https://kworb.net/spotify/country/my_weekly_totals.html
Alif Satar,Sesungguhnya2019,21,0,31,117991,1423926,Spotify MY Weekly Chart,https://kworb.net/spotify/country/my_weekly_totals.html
JEON SOMI,What You Waiting For,16,0,16,178848,1419656,Spotify MY Weekly Chart,https://kworb.net/spotify/country/my_weekly_totals.html
ASTN,Happier Than Ever,18,0,49,126164,1418974,Spotify MY Weekly Chart,https://kworb.net/spotify/country/my_weekly_totals.html
IZ*ONE,La Vie en Rose,22,0,31,111646,1417606,Spotify MY Weekly Chart,https://kworb.net/spotify/country/my_weekly_totals.html
Lil Pump,Gucci Gang,21,0,26,109423,1417248,Spotify MY Weekly Chart,https://kworb.net/spotify/country/my_weekly_totals.html
Ed Sheeran,Afterglow,15,0,12,181861,1416270,Spotify MY Weekly Chart,https://kworb.net/spotify/country/my_weekly_totals.html
Slam,Tak Mungkin Berpaling,10,0,104,161534,1413561,Spotify MY Weekly Chart,https://kworb.net/spotify/country/my_weekly_totals.html
Snakehips,All My Friends,43,0,38,60665,1409436,Spotify MY Weekly Chart,https://kworb.net/spotify/country/my_weekly_totals.html
Justin Bieber,One Less Lonely Girl,7,0,35,287483,1406490,Spotify MY Weekly Chart,https://kworb.net/spotify/country/my_weekly_totals.html
Future,Mask Off,24,0,35,85630,1404993,Spotify MY Weekly Chart,https://kworb.net/spotify/country/my_weekly_totals.html
Datuk Sharifah Aini,Nostalgia Aidilfitri,15,0,59,163590,1402881,Spotify MY Weekly Chart,https://kworb.net/spotify/country/my_weekly_totals.html
The Macarons Project,Fly Me to the Moon,30,0,123,53241,1402489,Spotify MY Weekly Chart,https://kworb.net/spotify/country/my_weekly_totals.html
Fifth Harmony,All In My Head (Flex),26,0,32,81715,1400791,Spotify MY Weekly Chart,https://kworb.net/spotify/country/my_weekly_totals.html
Adira Suhaimi,Pujaan Hati,29,0,79,68432,1400208,Spotify MY Weekly Chart,https://kworb.net/spotify/country/my_weekly_totals.html
BLACKPINK,PLAYING WITH FIRE - KR Ver.,34,0,100,59853,1395380,Spotify MY Weekly Chart,https://kworb.net/spotify/country/my_weekly_totals.html
Ziva Magnolya,Peri Cintaku,18,0,84,98230,1395299,Spotify MY Weekly Chart,https://kworb.net/spotify/country/my_weekly_totals.html
Hael Husaini,Hajat,25,0,46,79756,1395011,Spotify MY Weekly Chart,https://kworb.net/spotify/country/my_weekly_totals.html
KAI,Rover,13,0,50,171693,1390890,Spotify MY Weekly Chart,https://kworb.net/spotify/country/my_weekly_totals.html
keshi,like i need u,21,0,87,117106,1388154,Spotify MY Weekly Chart,https://kworb.net/spotify/country/my_weekly_totals.html
Meghan Trainor,All About That Bass,62,14,1,60548,1386321,Spotify MY Weekly Chart,https://kworb.net/spotify/country/my_weekly_totals.html
Syamel,Hidup Dalam Mati,61,0,61,34212,1386127,Spotify MY Weekly Chart,https://kworb.net/spotify/country/my_weekly_totals.html
NMIXX,DICE,15,0,57,123435,1385756,Spotify MY Weekly Chart,https://kworb.net/spotify/country/my_weekly_totals.html
Raffa Affar,Cinta Sampai Mati,17,0,49,113629,1382051,Spotify MY Weekly Chart,https://kworb.net/spotify/country/my_weekly_totals.html
NCT U,Make A Wish (Birthday Song),21,0,38,117499,1381894,Spotify MY Weekly Chart,https://kworb.net/spotify/country/my_weekly_totals.html
BTS,Dis-ease,17,1,7,337276,1380611,Spotify MY Weekly Chart,https://kworb.net/spotify/country/my_weekly_totals.html
Jimin,With you,11,0,15,201444,1380419,Spotify MY Weekly Chart,https://kworb.net/spotify/country/my_weekly_totals.html
"Tyler, The Creator",Like Him,11,0,116,141840,1379866,Spotify MY Weekly Chart,https://kworb.net/spotify/country/my_weekly_totals.html
Kodak Black,Angel Pt. 1,8,0,33,233406,1379641,Spotify MY Weekly Chart,https://kworb.net/spotify/country/my_weekly_totals.html
TWICE,CRY FOR ME,16,0,16,161979,1379105,Spotify MY Weekly Chart,https://kworb.net/spotify/country/my_weekly_totals.html
TWICE,MOONLIGHT SUNRISE,11,0,29,225823,1378959,Spotify MY Weekly Chart,https://kworb.net/spotify/country/my_weekly_totals.html
Echosmith,Bright,72,0,16,42258,1377594,Spotify MY Weekly Chart,https://kworb.net/spotify/country/my_weekly_totals.html
Bryant Barnes,I'd Rather Pretend,10,0,79,156451,1375842,Spotify MY Weekly Chart,https://kworb.net/spotify/country/my_weekly_totals.html
Rex Orange County,Pluto Projector,20,0,117,78630,1372563,Spotify MY Weekly Chart,https://kworb.net/spotify/country/my_weekly_totals.html
Yazid Izaham,Mudahnya Kau Berubah,32,0,82,56888,1369987,Spotify MY Weekly Chart,https://kworb.net/spotify/country/my_weekly_totals.html
Tiësto,Jackie Chan,19,0,33,103946,1369548,Spotify MY Weekly Chart,https://kworb.net/spotify/country/my_weekly_totals.html
Central Cee,BAND4BAND,10,0,76,164782,1368033,Spotify MY Weekly Chart,https://kworb.net/spotify/country/my_weekly_totals.html
Stray Kids,Chk Chk Boom,9,0,45,221351,1365925,Spotify MY Weekly Chart,https://kworb.net/spotify/country/my_weekly_totals.html
IU,Love wins all,8,0,14,315115,1362914,Spotify MY Weekly Chart,https://kworb.net/spotify/country/my_weekly_totals.html
TWICE,Dance The Night Away,26,0,32,105470,1360160,Spotify MY Weekly Chart,https://kworb.net/spotify/country/my_weekly_totals.html
Dawin,Dessert,42,0,23,50832,1359604,Spotify MY Weekly Chart,https://kworb.net/spotify/country/my_weekly_totals.html
Flo Rida,My House,42,0,33,67598,1354386,Spotify MY Weekly Chart,https://kworb.net/spotify/country/my_weekly_totals.html
Tove Lo,Cool Girl,19,0,31,86083,1354293,Spotify MY Weekly Chart,https://kworb.net/spotify/country/my_weekly_totals.html
Liam Payne,For You (Fifty Shades Freed) (& Rita Ora),20,0,33,114189,1350749,Spotify MY Weekly Chart,https://kworb.net/spotify/country/my_weekly_totals.html
Future,Like That,10,0,66,175011,1346294,Spotify MY Weekly Chart,https://kworb.net/spotify/country/my_weekly_totals.html
BTS,The Truth Untold,21,1,2,230823,1345574,Spotify MY Weekly Chart,https://kworb.net/spotify/country/my_weekly_totals.html
Girls' Generation,FOREVER 1,11,0,26,181095,1344812,Spotify MY Weekly Chart,https://kworb.net/spotify/country/my_weekly_totals.html
BTS,they don’t know ’bout us,7,0,35,277533,1343946,Spotify MY Weekly Chart,https://kworb.net/spotify/country/my_weekly_totals.html
LANY,Thru These Tears,18,0,26,108471,1342687,Spotify MY Weekly Chart,https://kworb.net/spotify/country/my_weekly_totals.html
Harry,Suaramu Syairku,24,0,82,75309,1336317,Spotify MY Weekly Chart,https://kworb.net/spotify/country/my_weekly_totals.html
Sufian Suhaimi,Harus Aku,36,0,57,51846,1335629,Spotify MY Weekly Chart,https://kworb.net/spotify/country/my_weekly_totals.html
Lizzy McAlpine,ceilings,12,0,60,143671,1335416,Spotify MY Weekly Chart,https://kworb.net/spotify/country/my_weekly_totals.html
Bebe Rexha,Last Hurrah,14,0,25,150648,1335310,Spotify MY Weekly Chart,https://kworb.net/spotify/country/my_weekly_totals.html
IVE,Baddie,10,0,42,190645,1334116,Spotify MY Weekly Chart,https://kworb.net/spotify/country/my_weekly_totals.html
Lil Dicky,Freaky Friday,14,0,16,142663,1332697,Spotify MY Weekly Chart,https://kworb.net/spotify/country/my_weekly_totals.html
MAMAMOO,HIP,19,0,39,123757,1331246,Spotify MY Weekly Chart,https://kworb.net/spotify/country/my_weekly_totals.html
Joji,Daylight,15,0,21,144652,1331126,Spotify MY Weekly Chart,https://kworb.net/spotify/country/my_weekly_totals.html
The Chainsmokers,Hope,16,0,15,167969,1330579,Spotify MY Weekly Chart,https://kworb.net/spotify/country/my_weekly_totals.html
BLACKPINK,BOOMBAYAH,46,0,56,49601,1329991,Spotify MY Weekly Chart,https://kworb.net/spotify/country/my_weekly_totals.html
Bad Bunny,MIA,23,0,36,91938,1328393,Spotify MY Weekly Chart,https://kworb.net/spotify/country/my_weekly_totals.html
Jimin,Set Me Free Pt.2,9,0,16,285523,1328354,Spotify MY Weekly Chart,https://kworb.net/spotify/country/my_weekly_totals.html
Alessia Cara,Here,41,0,21,57600,1327420,Spotify MY Weekly Chart,https://kworb.net/spotify/country/my_weekly_totals.html
Pop Smoke,For The Night,20,0,50,95804,1325001,Spotify MY Weekly Chart,https://kworb.net/spotify/country/my_weekly_totals.html
Aiman Tino,Ku Hanya Sayang Padamu,28,0,60,64940,1323459,Spotify MY Weekly Chart,https://kworb.net/spotify/country/my_weekly_totals.html
Curtis Waters,Stunnin',15,0,37,114879,1323381,Spotify MY Weekly Chart,https://kworb.net/spotify/country/my_weekly_totals.html
Kygo,Stole the Show,61,1,10,42345,1320640,Spotify MY Weekly Chart,https://kworb.net/spotify/country/my_weekly_totals.html
Michael Jackson,Beat It,8,0,64,193561,1319740,Spotify MY Weekly Chart,https://kworb.net/spotify/country/my_weekly_totals.html
Overnight,Kita Lewati Berdua,5,0,24,299197,1318730,Spotify MY Weekly Chart,https://kworb.net/spotify/country/my_weekly_totals.html
OneRepublic,Start Again,17,0,15,147405,1318553,Spotify MY Weekly Chart,https://kworb.net/spotify/country/my_weekly_totals.html
Conan Gray,Memories,17,0,128,97915,1317428,Spotify MY Weekly Chart,https://kworb.net/spotify/country/my_weekly_totals.html
Lizzo,Truth Hurts,25,0,99,60831,1315879,Spotify MY Weekly Chart,https://kworb.net/spotify/country/my_weekly_totals.html
Wahyu Selow,Selow,22,0,51,82509,1313458,Spotify MY Weekly Chart,https://kworb.net/spotify/country/my_weekly_totals.html
Stray Kids,S-Class,9,0,35,232650,1312549,Spotify MY Weekly Chart,https://kworb.net/spotify/country/my_weekly_totals.html
Metro Boomin,"Calling (Spider-Man: Across the Spider-Verse) (Metro Boomin & Swae Lee, NAV, feat. A Boogie Wit da Hoodie)",7,0,27,249637,1312340,Spotify MY Weekly Chart,https://kworb.net/spotify/country/my_weekly_totals.html
GIVĒON,TWENTIES,9,0,49,220212,1310831,Spotify MY Weekly Chart,https://kworb.net/spotify/country/my_weekly_totals.html
Lay Bankz,Tell Ur Girlfriend,7,0,36,252386,1305862,Spotify MY Weekly Chart,https://kworb.net/spotify/country/my_weekly_totals.html
Big Shaq,Man's Not Hot,21,0,36,94055,1300979,Spotify MY Weekly Chart,https://kworb.net/spotify/country/my_weekly_totals.html
Ronghao Li,烏梅子醬,8,0,31,239608,1289306,Spotify MY Weekly Chart,https://kworb.net/spotify/country/my_weekly_totals.html
Clean Bandit,Rather Be,102,8,5,22818,1288854,Spotify MY Weekly Chart,https://kworb.net/spotify/country/my_weekly_totals.html
David Guetta,Flames,19,0,34,96381,1286510,Spotify MY Weekly Chart,https://kworb.net/spotify/country/my_weekly_totals.html
Tyga,Taste,20,0,29,109924,1282745,Spotify MY Weekly Chart,https://kworb.net/spotify/country/my_weekly_totals.html
Nadhif Basalamah,jatuh cinta lagi,9,0,117,166782,1281244,Spotify MY Weekly Chart,https://kworb.net/spotify/country/my_weekly_totals.html
TOMORROW X TOGETHER,Good Boy Gone Bad,12,0,16,200571,1280581,Spotify MY Weekly Chart,https://kworb.net/spotify/country/my_weekly_totals.html
Marsha Milan,Cinta,17,0,48,115824,1279455,Spotify MY Weekly Chart,https://kworb.net/spotify/country/my_weekly_totals.html
Joe Flizzow,CIAO,17,0,17,153694,1278124,Spotify MY Weekly Chart,https://kworb.net/spotify/country/my_weekly_totals.html
IVE,HEYA,8,0,40,240333,1278110,Spotify MY Weekly Chart,https://kworb.net/spotify/country/my_weekly_totals.html
D.O.,I'm Gonna Love You,16,0,39,113795,1277395,Spotify MY Weekly Chart,https://kworb.net/spotify/country/my_weekly_totals.html
Ayda Jebat,Pencuri Hati,48,0,55,40402,1273755,Spotify MY Weekly Chart,https://kworb.net/spotify/country/my_weekly_totals.html
Michael Bublé,Holly Jolly Christmas,21,0,50,142614,1273206,Spotify MY Weekly Chart,https://kworb.net/spotify/country/my_weekly_totals.html
The Weeknd,Heartless,13,0,18,203735,1272785,Spotify MY Weekly Chart,https://kworb.net/spotify/country/my_weekly_totals.html
Miley Cyrus,Prisoner,17,0,34,142319,1272294,Spotify MY Weekly Chart,https://kworb.net/spotify/country/my_weekly_totals.html
Vedo,You Got It,17,0,25,128101,1272037,Spotify MY Weekly Chart,https://kworb.net/spotify/country/my_weekly_totals.html
The Weeknd,Earned It (Fifty Shades Of Grey),57,1,9,42646,1271047,Spotify MY Weekly Chart,https://kworb.net/spotify/country/my_weekly_totals.html
A Great Big World,Say Something,108,14,1,19160,1270811,Spotify MY Weekly Chart,https://kworb.net/spotify/country/my_weekly_totals.html
Malcolm Todd,Chest Pain (I Love),9,0,66,168922,1267554,Spotify MY Weekly Chart,https://kworb.net/spotify/country/my_weekly_totals.html
Sia,The Greatest,12,0,12,132328,1267530,Spotify MY Weekly Chart,https://kworb.net/spotify/country/my_weekly_totals.html
Echosmith,Cool Kids,57,16,3,47827,1266194,Spotify MY Weekly Chart,https://kworb.net/spotify/country/my_weekly_totals.html
Imagine Dragons,Natural,19,0,36,93805,1266112,Spotify MY Weekly Chart,https://kworb.net/spotify/country/my_weekly_totals.html
Calvin Harris,Summer,72,15,1,34328,1264958,Spotify MY Weekly Chart,https://kworb.net/spotify/country/my_weekly_totals.html
TOMORROW X TOGETHER,Sugar Rush Ride,10,0,27,228617,1263524,Spotify MY Weekly Chart,https://kworb.net/spotify/country/my_weekly_totals.html
BLACKPINK,Yeah Yeah Yeah,8,1,8,435641,1262619,Spotify MY Weekly Chart,https://kworb.net/spotify/country/my_weekly_totals.html
Pamungkas,Risalah Hati,14,0,86,100700,1261382,Spotify MY Weekly Chart,https://kworb.net/spotify/country/my_weekly_totals.html
Chris Brown,Go Crazy,16,0,36,103454,1261341,Spotify MY Weekly Chart,https://kworb.net/spotify/country/my_weekly_totals.html
Trevor Daniel,Past Life,17,0,44,113314,1260862,Spotify MY Weekly Chart,https://kworb.net/spotify/country/my_weekly_totals.html
BTS,Stay,15,1,8,330042,1260334,Spotify MY Weekly Chart,https://kworb.net/spotify/country/my_weekly_totals.html
Taylor Swift,You’re Losing Me (From The Vault),8,0,17,296288,1259563,Spotify MY Weekly Chart,https://kworb.net/spotify/country/my_weekly_totals.html
Drake,Laugh Now Cry Later,15,0,24,137721,1258490,Spotify MY Weekly Chart,https://kworb.net/spotify/country/my_weekly_totals.html
Drake,Passionfruit,18,0,14,149611,1258142,Spotify MY Weekly Chart,https://kworb.net/spotify/country/my_weekly_totals.html
LE SSERAFIM,"Eve, Psyche & The Bluebeard’s wife",12,0,134,115383,1257860,Spotify MY Weekly Chart,https://kworb.net/spotify/country/my_weekly_totals.html
David Guetta,Bang My Head,30,0,22,65107,1257199,Spotify MY Weekly Chart,https://kworb.net/spotify/country/my_weekly_totals.html
Sam Smith,To Die For,12,0,30,161699,1256377,Spotify MY Weekly Chart,https://kworb.net/spotify/country/my_weekly_totals.html
Ariana Grande,bloodline,12,0,29,136036,1254282,Spotify MY Weekly Chart,https://kworb.net/spotify/country/my_weekly_totals.html
Saweetie,Best Friend,25,0,100,61366,1253391,Spotify MY Weekly Chart,https://kworb.net/spotify/country/my_weekly_totals.html
Joker Xue,演員,44,0,136,30826,1253003,Spotify MY Weekly Chart,https://kworb.net/spotify/country/my_weekly_totals.html
SEVENTEEN,Rock with you,15,0,19,215010,1252806,Spotify MY Weekly Chart,https://kworb.net/spotify/country/my_weekly_totals.html
Rihanna,Needed Me,34,0,54,48417,1252237,Spotify MY Weekly Chart,https://kworb.net/spotify/country/my_weekly_totals.html
攬佬SKAI ISYOURGOD,八方來財,11,0,98,135789,1251550,Spotify MY Weekly Chart,https://kworb.net/spotify/country/my_weekly_totals.html
Kygo,Born To Be Yours,13,0,19,144936,1251114,Spotify MY Weekly Chart,https://kworb.net/spotify/country/my_weekly_totals.html
Snakehips,Don't Leave,22,0,38,95068,1250022,Spotify MY Weekly Chart,https://kworb.net/spotify/country/my_weekly_totals.html
Carly Rae Jepsen,I Really Like You,45,9,7,59197,1246444,Spotify MY Weekly Chart,https://kworb.net/spotify/country/my_weekly_totals.html
Dato' Sudirman,Inang Aidilfitri,12,0,60,152198,1244693,Spotify MY Weekly Chart,https://kworb.net/spotify/country/my_weekly_totals.html
BTS,ON (Feat. Sia),11,1,7,310384,1244199,Spotify MY Weekly Chart,https://kworb.net/spotify/country/my_weekly_totals.html
Weird Genius,LATHI (ꦭꦛꦶ),12,0,19,167531,1243405,Spotify MY Weekly Chart,https://kworb.net/spotify/country/my_weekly_totals.html
Naughty Boy,La La La,64,0,13,161791,1242385,Spotify MY Weekly Chart,https://kworb.net/spotify/country/my_weekly_totals.html
My Chemical Romance,Helena,7,0,27,320109,1241537,Spotify MY Weekly Chart,https://kworb.net/spotify/country/my_weekly_totals.html
NewJeans,ASAP,8,0,19,309170,1237578,Spotify MY Weekly Chart,https://kworb.net/spotify/country/my_weekly_totals.html
sped up 8282,Cupid – Twin Ver. (FIFTY FIFTY) – Sped Up Version,10,0,63,164909,1236973,Spotify MY Weekly Chart,https://kworb.net/spotify/country/my_weekly_totals.html
SEVENTEEN,MAESTRO,7,0,32,275789,1236308,Spotify MY Weekly Chart,https://kworb.net/spotify/country/my_weekly_totals.html
Olivia Rodrigo,bad idea right?,9,0,38,202049,1235884,Spotify MY Weekly Chart,https://kworb.net/spotify/country/my_weekly_totals.html
The Weeknd,Cry For Me,6,0,26,303659,1235495,Spotify MY Weekly Chart,https://kworb.net/spotify/country/my_weekly_totals.html
Jack Harlow,Lovin On Me,10,0,66,159121,1234683,Spotify MY Weekly Chart,https://kworb.net/spotify/country/my_weekly_totals.html
Estranged,Hancur Aku,45,0,65,145880,1234391,Spotify MY Weekly Chart,https://kworb.net/spotify/country/my_weekly_totals.html
Cash Cash,All My Love,19,0,39,91050,1233012,Spotify MY Weekly Chart,https://kworb.net/spotify/country/my_weekly_totals.html
5 Seconds of Summer,Teeth,15,0,42,109807,1229981,Spotify MY Weekly Chart,https://kworb.net/spotify/country/my_weekly_totals.html
Shirley Chen,你的酒馆对我打了烊,25,0,131,56884,1228040,Spotify MY Weekly Chart,https://kworb.net/spotify/country/my_weekly_totals.html
Cheat Codes,Sex,29,0,32,70249,1224793,Spotify MY Weekly Chart,https://kworb.net/spotify/country/my_weekly_totals.html
TWICE,THIS IS FOR,8,0,47,240185,1223554,Spotify MY Weekly Chart,https://kworb.net/spotify/country/my_weekly_totals.html
Lola Young,Messy,10,0,124,137689,1223034,Spotify MY Weekly Chart,https://kworb.net/spotify/country/my_weekly_totals.html
Calvin Harris,Promises,13,0,17,132630,1222227,Spotify MY Weekly Chart,https://kworb.net/spotify/country/my_weekly_totals.html
Doja Cat,Get Into It (Yuh),18,0,65,83798,1220703,Spotify MY Weekly Chart,https://kworb.net/spotify/country/my_weekly_totals.html
Aya Nakamura,Copines,17,0,39,101161,1219140,Spotify MY Weekly Chart,https://kworb.net/spotify/country/my_weekly_totals.html
Taylor Swift,...Ready For It?,19,1,8,180835,1218822,Spotify MY Weekly Chart,https://kworb.net/spotify/country/my_weekly_totals.html
aespa,LEMONADE,7,0,43,223682,1210763,Spotify MY Weekly Chart,https://kworb.net/spotify/country/my_weekly_totals.html
Travis Scott,TELEKINESIS,10,0,74,135341,1208781,Spotify MY Weekly Chart,https://kworb.net/spotify/country/my_weekly_totals.html
James Arthur,A Thousand Years,12,0,129,116908,1208707,Spotify MY Weekly Chart,https://kworb.net/spotify/country/my_weekly_totals.html
5 Seconds of Summer,Lie To Me,12,0,26,127303,1208645,Spotify MY Weekly Chart,https://kworb.net/spotify/country/my_weekly_totals.html
Justin Bieber,Never Say Never,6,0,28,317790,1207541,Spotify MY Weekly Chart,https://kworb.net/spotify/country/my_weekly_totals.html
THE ANXIETY,Meet Me At Our Spot,17,0,76,90999,1205673,Spotify MY Weekly Chart,https://kworb.net/spotify/country/my_weekly_totals.html
Carolina Gaitán - La Gaita,We Don't Talk About Bruno,13,0,47,119078,1203035,Spotify MY Weekly Chart,https://kworb.net/spotify/country/my_weekly_totals.html
THE SCOTTS,THE SCOTTS,11,1,9,178358,1202397,Spotify MY Weekly Chart,https://kworb.net/spotify/country/my_weekly_totals.html
A-Wall,Loverboy,16,0,48,106194,1201455,Spotify MY Weekly Chart,https://kworb.net/spotify/country/my_weekly_totals.html
Astrid,Terpukau,8,0,100,162658,1201221,Spotify MY Weekly Chart,https://kworb.net/spotify/country/my_weekly_totals.html
Zara Larsson,Ain't My Fault,22,0,30,86617,1200650,Spotify MY Weekly Chart,https://kworb.net/spotify/country/my_weekly_totals.html
Jeremy Zucker,"always, i'll care",16,0,56,115561,1200584,Spotify MY Weekly Chart,https://kworb.net/spotify/country/my_weekly_totals.html
Nicki Minaj,Barbie World,8,0,43,219488,1197512,Spotify MY Weekly Chart,https://kworb.net/spotify/country/my_weekly_totals.html
EXO,Tempo,16,0,13,172687,1196755,Spotify MY Weekly Chart,https://kworb.net/spotify/country/my_weekly_totals.html
Gunna,fukumean,12,0,135,105882,1195823,Spotify MY Weekly Chart,https://kworb.net/spotify/country/my_weekly_totals.html
Taylor Swift,Maroon,7,0,11,368688,1195396,Spotify MY Weekly Chart,https://kworb.net/spotify/country/my_weekly_totals.html
BTS,Mikrokosmos,12,1,4,307507,1195254,Spotify MY Weekly Chart,https://kworb.net/spotify/country/my_weekly_totals.html
King Princess,1950,19,0,33,92806,1194861,Spotify MY Weekly Chart,https://kworb.net/spotify/country/my_weekly_totals.html
FIFTY FIFTY,Cupid - Twin Version,4,1,5,418358,1194386,Spotify MY Weekly Chart,https://kworb.net/spotify/country/my_weekly_totals.html
DJ Snake,SG,11,0,32,167345,1194074,Spotify MY Weekly Chart,https://kworb.net/spotify/country/my_weekly_totals.html
The Marías,Heavy,11,0,143,117899,1193443,Spotify MY Weekly Chart,https://kworb.net/spotify/country/my_weekly_totals.html
Doja Cat,Like That,18,0,53,89785,1193082,Spotify MY Weekly Chart,https://kworb.net/spotify/country/my_weekly_totals.html
Adele,Oh My God,12,0,18,205777,1192528,Spotify MY Weekly Chart,https://kworb.net/spotify/country/my_weekly_totals.html
Ning Baizura,Joget Aidilfitri,14,0,81,149670,1191083,Spotify MY Weekly Chart,https://kworb.net/spotify/country/my_weekly_totals.html
Jaz,Dari Mata,34,0,59,46704,1188384,Spotify MY Weekly Chart,https://kworb.net/spotify/country/my_weekly_totals.html
Billie Eilish,Bored,19,0,85,95004,1186383,Spotify MY Weekly Chart,https://kworb.net/spotify/country/my_weekly_totals.html
Topic,Breaking Me,20,0,82,71328,1184123,Spotify MY Weekly Chart,https://kworb.net/spotify/country/my_weekly_totals.html
OneRepublic,Rich Love,14,0,33,100267,1183003,Spotify MY Weekly Chart,https://kworb.net/spotify/country/my_weekly_totals.html
Cardi B,Please Me,11,0,23,144753,1182558,Spotify MY Weekly Chart,https://kworb.net/spotify/country/my_weekly_totals.html
Adele,Someone Like You,79,0,76,85349,1179649,Spotify MY Weekly Chart,https://kworb.net/spotify/country/my_weekly_totals.html
Lil Nas X,HOLIDAY,15,0,36,112723,1176831,Spotify MY Weekly Chart,https://kworb.net/spotify/country/my_weekly_totals.html
Rizky Febian,Bermuara,10,0,84,160255,1172718,Spotify MY Weekly Chart,https://kworb.net/spotify/country/my_weekly_totals.html
Aisha Retno,W.H.U.T,17,0,82,88615,1172594,Spotify MY Weekly Chart,https://kworb.net/spotify/country/my_weekly_totals.html
Fifth Harmony,Down,15,0,38,91830,1172456,Spotify MY Weekly Chart,https://kworb.net/spotify/country/my_weekly_totals.html
James Blunt,You're Beautiful,83,0,107,35059,1170423,Spotify MY Weekly Chart,https://kworb.net/spotify/country/my_weekly_totals.html
XXXTENTACION,Arms Around You,14,0,34,107343,1169561,Spotify MY Weekly Chart,https://kworb.net/spotify/country/my_weekly_totals.html
benny blanco,"I Can’t Get Enough (benny blanco, Selena Gomez, J Balvin, Tainy)",10,0,20,157805,1168473,Spotify MY Weekly Chart,https://kworb.net/spotify/country/my_weekly_totals.html
Hafiz Suip,Ku Akui,9,0,118,140763,1168173,Spotify MY Weekly Chart,https://kworb.net/spotify/country/my_weekly_totals.html
Danial Kifli,Ku Yang Berjuang,8,0,109,155897,1166795,Spotify MY Weekly Chart,https://kworb.net/spotify/country/my_weekly_totals.html
Why Don't We,I Don't Belong In This Club,14,0,36,109401,1164563,Spotify MY Weekly Chart,https://kworb.net/spotify/country/my_weekly_totals.html
Alan Walker,Who I Am,9,0,79,151505,1163619,Spotify MY Weekly Chart,https://kworb.net/spotify/country/my_weekly_totals.html
Jonas Blue,Polaroid,25,0,63,69782,1163258,Spotify MY Weekly Chart,https://kworb.net/spotify/country/my_weekly_totals.html
Katy Perry,Unconditionally,40,0,11,72086,1162259,Spotify MY Weekly Chart,https://kworb.net/spotify/country/my_weekly_totals.html
Siti Nordiana,Terus Mencintai,30,0,91,49042,1161214,Spotify MY Weekly Chart,https://kworb.net/spotify/country/my_weekly_totals.html
SUNMI,Gashina,29,0,87,52274,1159944,Spotify MY Weekly Chart,https://kworb.net/spotify/country/my_weekly_totals.html
Andy Williams,It's the Most Wonderful Time of the Year,22,0,39,113766,1159033,Spotify MY Weekly Chart,https://kworb.net/spotify/country/my_weekly_totals.html
Shila Amzah,Selamanya Cinta,27,0,45,63208,1158648,Spotify MY Weekly Chart,https://kworb.net/spotify/country/my_weekly_totals.html
The Chainsmokers,Setting Fires,17,0,18,100977,1158261,Spotify MY Weekly Chart,https://kworb.net/spotify/country/my_weekly_totals.html
PSY,That That (prod. & feat. SUGA of BTS),10,0,13,196642,1157518,Spotify MY Weekly Chart,https://kworb.net/spotify/country/my_weekly_totals.html
MEOVV,MEOW,9,0,93,141084,1157163,Spotify MY Weekly Chart,https://kworb.net/spotify/country/my_weekly_totals.html
Ammar Haikal,Gila Bayang,5,0,37,252843,1156917,Spotify MY Weekly Chart,https://kworb.net/spotify/country/my_weekly_totals.html
DJ Khaled,POPSTAR,15,0,33,112010,1156420,Spotify MY Weekly Chart,https://kworb.net/spotify/country/my_weekly_totals.html
Sal Priadi,Gala bunga matahari,9,0,66,160359,1154947,Spotify MY Weekly Chart,https://kworb.net/spotify/country/my_weekly_totals.html
Lil Nas X,Old Town Road,19,0,80,71366,1153009,Spotify MY Weekly Chart,https://kworb.net/spotify/country/my_weekly_totals.html
BLACKPINK,GO,5,1,8,419981,1152046,Spotify MY Weekly Chart,https://kworb.net/spotify/country/my_weekly_totals.html
The Weeknd,Take My Breath,14,0,28,147416,1151465,Spotify MY Weekly Chart,https://kworb.net/spotify/country/my_weekly_totals.html
Amira Othman,Bincang Raya,4,0,11,423392,1149571,Spotify MY Weekly Chart,https://kworb.net/spotify/country/my_weekly_totals.html
Gryffin,Nobody Compares To You,26,0,81,51142,1149183,Spotify MY Weekly Chart,https://kworb.net/spotify/country/my_weekly_totals.html
Sam Smith,Fire On Fire,16,0,36,100190,1148040,Spotify MY Weekly Chart,https://kworb.net/spotify/country/my_weekly_totals.html
CHEN,Everytime,37,0,41,59657,1146864,Spotify MY Weekly Chart,https://kworb.net/spotify/country/my_weekly_totals.html
Justin Bieber,YUKON,9,0,101,164046,1146155,Spotify MY Weekly Chart,https://kworb.net/spotify/country/my_weekly_totals.html
Aman Aziz,Sulit,28,0,89,54348,1146128,Spotify MY Weekly Chart,https://kworb.net/spotify/country/my_weekly_totals.html
MASDO,Bunga,11,0,135,133860,1144358,Spotify MY Weekly Chart,https://kworb.net/spotify/country/my_weekly_totals.html
Macklemore,Glorious,19,0,35,93647,1144357,Spotify MY Weekly Chart,https://kworb.net/spotify/country/my_weekly_totals.html
Linkin Park,Numb,12,0,16,153049,1143615,Spotify MY Weekly Chart,https://kworb.net/spotify/country/my_weekly_totals.html
Ronan Keating,When You Say Nothing At All,49,0,100,28519,1143186,Spotify MY Weekly Chart,https://kworb.net/spotify/country/my_weekly_totals.html
Eminem,Lucky You,12,1,9,157419,1141697,Spotify MY Weekly Chart,https://kworb.net/spotify/country/my_weekly_totals.html
Ziv Zaifman,A Million Dreams,17,0,28,124603,1140587,Spotify MY Weekly Chart,https://kworb.net/spotify/country/my_weekly_totals.html
Taylor Swift,Wildest Dreams (Taylor's Version),14,0,39,183774,1134069,Spotify MY Weekly Chart,https://kworb.net/spotify/country/my_weekly_totals.html
LAUV,Never Not,19,0,36,96634,1134018,Spotify MY Weekly Chart,https://kworb.net/spotify/country/my_weekly_totals.html
Kendrick Lamar,tv off,8,0,54,196414,1133073,Spotify MY Weekly Chart,https://kworb.net/spotify/country/my_weekly_totals.html
Ariana Grande,Break Free,57,13,5,46076,1132395,Spotify MY Weekly Chart,https://kworb.net/spotify/country/my_weekly_totals.html
Sam Smith,Writing's On The Wall,34,1,10,92353,1131782,Spotify MY Weekly Chart,https://kworb.net/spotify/country/my_weekly_totals.html
Bebe Rexha,I Got You,32,0,67,53708,1131666,Spotify MY Weekly Chart,https://kworb.net/spotify/country/my_weekly_totals.html
Cardi B,Up,16,0,51,93166,1131037,Spotify MY Weekly Chart,https://kworb.net/spotify/country/my_weekly_totals.html
TWICE,SCIENTIST,14,0,30,158630,1129499,Spotify MY Weekly Chart,https://kworb.net/spotify/country/my_weekly_totals.html
Floor 88,Aqilah,28,0,110,47316,1126996,Spotify MY Weekly Chart,https://kworb.net/spotify/country/my_weekly_totals.html
Firdhaus,友谊长存,8,0,42,194908,1125985,Spotify MY Weekly Chart,https://kworb.net/spotify/country/my_weekly_totals.html
Selena Gomez,Rare,10,0,16,217781,1124728,Spotify MY Weekly Chart,https://kworb.net/spotify/country/my_weekly_totals.html
Post Malone,Saint-Tropez,8,0,16,191210,1123805,Spotify MY Weekly Chart,https://kworb.net/spotify/country/my_weekly_totals.html
Selena Gomez,Look At Her Now,12,0,22,189247,1121210,Spotify MY Weekly Chart,https://kworb.net/spotify/country/my_weekly_totals.html
NewJeans,Get Up,7,0,20,304094,1120361,Spotify MY Weekly Chart,https://kworb.net/spotify/country/my_weekly_totals.html
ZAYN,Vibez,14,0,13,175197,1119688,Spotify MY Weekly Chart,https://kworb.net/spotify/country/my_weekly_totals.html
IU,Blueming,16,0,42,126247,1119563,Spotify MY Weekly Chart,https://kworb.net/spotify/country/my_weekly_totals.html
Ronghao Li,年少有為,27,0,159,50043,1118303,Spotify MY Weekly Chart,https://kworb.net/spotify/country/my_weekly_totals.html
Sarah Suhairi,Entah Apa,19,0,58,87284,1117646,Spotify MY Weekly Chart,https://kworb.net/spotify/country/my_weekly_totals.html
BTS,Aliens,5,0,30,306154,1117114,Spotify MY Weekly Chart,https://kworb.net/spotify/country/my_weekly_totals.html
Ed Sheeran,Don't,63,1,10,31484,1116663,Spotify MY Weekly Chart,https://kworb.net/spotify/country/my_weekly_totals.html
Macklemore,Good Old Days,13,0,30,103126,1116041,Spotify MY Weekly Chart,https://kworb.net/spotify/country/my_weekly_totals.html
Syamel,Aku Cinta,23,0,57,69262,1115600,Spotify MY Weekly Chart,https://kworb.net/spotify/country/my_weekly_totals.html
Kali Uchis,Melting,12,0,93,117795,1115567,Spotify MY Weekly Chart,https://kworb.net/spotify/country/my_weekly_totals.html
WILLOW,Wait a Minute!,14,0,79,97933,1115266,Spotify MY Weekly Chart,https://kworb.net/spotify/country/my_weekly_totals.html
Jay Chou,不該,36,0,44,59306,1114153,Spotify MY Weekly Chart,https://kworb.net/spotify/country/my_weekly_totals.html
J.Tajor,Like I Do,10,0,110,130200,1112622,Spotify MY Weekly Chart,https://kworb.net/spotify/country/my_weekly_totals.html
Alpha,P Ramlee & Saloma,5,0,40,240133,1112304,Spotify MY Weekly Chart,https://kworb.net/spotify/country/my_weekly_totals.html
Bakar,Hell N Back,10,0,129,122265,1111136,Spotify MY Weekly Chart,https://kworb.net/spotify/country/my_weekly_totals.html
XXXTENTACION,Moonlight,23,0,46,87246,1110974,Spotify MY Weekly Chart,https://kworb.net/spotify/country/my_weekly_totals.html
Sabrina Carpenter,Alien,15,0,25,100745,1109123,Spotify MY Weekly Chart,https://kworb.net/spotify/country/my_weekly_totals.html
Sarah Cothran,As the World Caves In,17,0,53,86045,1108683,Spotify MY Weekly Chart,https://kworb.net/spotify/country/my_weekly_totals.html
GFRIEND,MAGO,16,0,29,131677,1107619,Spotify MY Weekly Chart,https://kworb.net/spotify/country/my_weekly_totals.html
Amaarae,SAD GIRLZ LUV MONEY Remix,15,0,75,96360,1104868,Spotify MY Weekly Chart,https://kworb.net/spotify/country/my_weekly_totals.html
TAEYEON,INVU,11,0,25,169822,1103980,Spotify MY Weekly Chart,https://kworb.net/spotify/country/my_weekly_totals.html
Little Mix,Shout Out to My Ex,20,0,22,93456,1103655,Spotify MY Weekly Chart,https://kworb.net/spotify/country/my_weekly_totals.html
Cheat Codes,Feels Great,16,0,44,84721,1102648,Spotify MY Weekly Chart,https://kworb.net/spotify/country/my_weekly_totals.html
BTS,Go Go,24,0,25,128627,1101359,Spotify MY Weekly Chart,https://kworb.net/spotify/country/my_weekly_totals.html
Kungs,This Girl - Kungs Vs. Cookin' On 3 Burners,23,0,31,81650,1099880,Spotify MY Weekly Chart,https://kworb.net/spotify/country/my_weekly_totals.html
Khalid,Know Your Worth,19,0,56,101402,1097152,Spotify MY Weekly Chart,https://kworb.net/spotify/country/my_weekly_totals.html
Mayday,後來的我們,46,0,74,35929,1097124,Spotify MY Weekly Chart,https://kworb.net/spotify/country/my_weekly_totals.html
Rizky Febian,Makna Cinta,21,0,76,72397,1095627,Spotify MY Weekly Chart,https://kworb.net/spotify/country/my_weekly_totals.html
Haqiem Rusli,Adlina Marie,20,0,91,66362,1095277,Spotify MY Weekly Chart,https://kworb.net/spotify/country/my_weekly_totals.html
Kelly Clarkson,Underneath the Tree,12,0,38,170898,1092209,Spotify MY Weekly Chart,https://kworb.net/spotify/country/my_weekly_totals.html
Ariana Grande,intro (end of the world) - extended,6,0,29,266594,1091139,Spotify MY Weekly Chart,https://kworb.net/spotify/country/my_weekly_totals.html
Ariana Grande,eternal sunshine,7,0,36,213821,1087852,Spotify MY Weekly Chart,https://kworb.net/spotify/country/my_weekly_totals.html
Alphaville,Forever Young,9,0,110,135438,1086768,Spotify MY Weekly Chart,https://kworb.net/spotify/country/my_weekly_totals.html
BLACKPINK,Kick It,12,1,8,228270,1084258,Spotify MY Weekly Chart,https://kworb.net/spotify/country/my_weekly_totals.html
Hugh Jackman,The Greatest Show,16,0,26,127679,1083950,Spotify MY Weekly Chart,https://kworb.net/spotify/country/my_weekly_totals.html
Calvin Harris,Blame,47,7,4,51153,1083083,Spotify MY Weekly Chart,https://kworb.net/spotify/country/my_weekly_totals.html
Shawn Hook,Sound Of Your Heart,33,0,36,57521,1081895,Spotify MY Weekly Chart,https://kworb.net/spotify/country/my_weekly_totals.html
Jeremy Zucker,you were good to me (bonus track),21,0,101,57684,1078421,Spotify MY Weekly Chart,https://kworb.net/spotify/country/my_weekly_totals.html
Gamma1,Jomblo Happy,35,0,53,51435,1077707,Spotify MY Weekly Chart,https://kworb.net/spotify/country/my_weekly_totals.html
j-hope,Killin' It Girl,7,0,48,214402,1076814,Spotify MY Weekly Chart,https://kworb.net/spotify/country/my_weekly_totals.html
Tajul,Di Sana Cinta Di Sini Rindu,26,0,71,56331,1073681,Spotify MY Weekly Chart,https://kworb.net/spotify/country/my_weekly_totals.html
EVERGLOW,DUN DUN,14,0,29,160456,1072286,Spotify MY Weekly Chart,https://kworb.net/spotify/country/my_weekly_totals.html
1119,福气马上来,5,0,13,366954,1070396,Spotify MY Weekly Chart,https://kworb.net/spotify/country/my_weekly_totals.html
KISS OF LIFE,Midas Touch,8,0,60,171325,1070107,Spotify MY Weekly Chart,https://kworb.net/spotify/country/my_weekly_totals.html
R3HAB,I Just Can't,21,0,42,86850,1069248,Spotify MY Weekly Chart,https://kworb.net/spotify/country/my_weekly_totals.html
Iman Troye,Raya ya ya,6,0,58,242359,1068585,Spotify MY Weekly Chart,https://kworb.net/spotify/country/my_weekly_totals.html
Benson Boone,Slow It Down,10,0,151,115314,1068549,Spotify MY Weekly Chart,https://kworb.net/spotify/country/my_weekly_totals.html
Demi Lovato,Body Say,19,0,37,73616,1067325,Spotify MY Weekly Chart,https://kworb.net/spotify/country/my_weekly_totals.html
FINNEAS,Break My Heart Again,18,0,70,80060,1065084,Spotify MY Weekly Chart,https://kworb.net/spotify/country/my_weekly_totals.html
Bad Bunny,DtMF,5,0,26,289941,1062567,Spotify MY Weekly Chart,https://kworb.net/spotify/country/my_weekly_totals.html
NIKI,Lose,12,0,24,122867,1062104,Spotify MY Weekly Chart,https://kworb.net/spotify/country/my_weekly_totals.html
Avicii,Wake Me Up,86,21,1,110064,1060237,Spotify MY Weekly Chart,https://kworb.net/spotify/country/my_weekly_totals.html
Ricky Montgomery,Line Without a Hook,15,0,92,91586,1059054,Spotify MY Weekly Chart,https://kworb.net/spotify/country/my_weekly_totals.html
Nico & Vinz,Am I Wrong,59,14,4,37349,1058371,Spotify MY Weekly Chart,https://kworb.net/spotify/country/my_weekly_totals.html
Dalia Farhana,Beban,8,0,105,156943,1058207,Spotify MY Weekly Chart,https://kworb.net/spotify/country/my_weekly_totals.html
Iman Troye,Terasing,7,0,78,181457,1056562,Spotify MY Weekly Chart,https://kworb.net/spotify/country/my_weekly_totals.html
JEON SOMI,BIRTHDAY,13,0,29,136355,1056187,Spotify MY Weekly Chart,https://kworb.net/spotify/country/my_weekly_totals.html
BTS,Merry Go Round,5,0,37,291599,1055758,Spotify MY Weekly Chart,https://kworb.net/spotify/country/my_weekly_totals.html
Andy Grammer,"Don't Give Up On Me - (From ""Five Feet Apart"")",14,0,42,107820,1054004,Spotify MY Weekly Chart,https://kworb.net/spotify/country/my_weekly_totals.html
Billie Eilish,Your Power,10,1,8,248801,1052707,Spotify MY Weekly Chart,https://kworb.net/spotify/country/my_weekly_totals.html
David Guetta,Like I Do,13,0,26,105541,1051673,Spotify MY Weekly Chart,https://kworb.net/spotify/country/my_weekly_totals.html
BTS,Dream Glow (BTS World Original Soundtrack) - Pt. 1,9,1,6,238463,1051630,Spotify MY Weekly Chart,https://kworb.net/spotify/country/my_weekly_totals.html
BTS,Airplane pt.2,16,1,8,166146,1051457,Spotify MY Weekly Chart,https://kworb.net/spotify/country/my_weekly_totals.html
Juice WRLD,Smile,10,0,15,160861,1048908,Spotify MY Weekly Chart,https://kworb.net/spotify/country/my_weekly_totals.html
Ali Gatie,Used to You,9,0,22,188510,1048677,Spotify MY Weekly Chart,https://kworb.net/spotify/country/my_weekly_totals.html
Kygo,Stranger Things,14,0,28,102978,1048379,Spotify MY Weekly Chart,https://kworb.net/spotify/country/my_weekly_totals.html
Taylor Swift,Karma,8,0,27,268983,1045987,Spotify MY Weekly Chart,https://kworb.net/spotify/country/my_weekly_totals.html
Drake,Don’t Matter To Me,8,3,4,215813,1044461,Spotify MY Weekly Chart,https://kworb.net/spotify/country/my_weekly_totals.html
Ashnikko,Daisy,17,0,75,72998,1043634,Spotify MY Weekly Chart,https://kworb.net/spotify/country/my_weekly_totals.html
P!nk,What About Us,17,0,43,83333,1041486,Spotify MY Weekly Chart,https://kworb.net/spotify/country/my_weekly_totals.html
Nicki Minaj,Bed,10,0,16,149334,1041187,Spotify MY Weekly Chart,https://kworb.net/spotify/country/my_weekly_totals.html
Aruma,Muak,11,0,108,104193,1040601,Spotify MY Weekly Chart,https://kworb.net/spotify/country/my_weekly_totals.html
Avicii,SOS,11,0,25,137114,1038780,Spotify MY Weekly Chart,https://kworb.net/spotify/country/my_weekly_totals.html
One Direction,Steal My Girl,46,11,3,138945,1038245,Spotify MY Weekly Chart,https://kworb.net/spotify/country/my_weekly_totals.html
Rosemaria,Di Pagi Aidilfitri,13,0,69,136331,1037551,Spotify MY Weekly Chart,https://kworb.net/spotify/country/my_weekly_totals.html
Travis Scott,Goosebumps - Remix,20,0,103,58868,1033957,Spotify MY Weekly Chart,https://kworb.net/spotify/country/my_weekly_totals.html
BTS,We are Bulletproof : the Eternal,16,0,28,192313,1033580,Spotify MY Weekly Chart,https://kworb.net/spotify/country/my_weekly_totals.html
Olivia Rodrigo,enough for you,11,0,18,199515,1033386,Spotify MY Weekly Chart,https://kworb.net/spotify/country/my_weekly_totals.html
LiSA,Gurenge,20,0,103,60534,1032391,Spotify MY Weekly Chart,https://kworb.net/spotify/country/my_weekly_totals.html
Taylor Swift,"You're On Your Own, Kid",6,0,14,332017,1032162,Spotify MY Weekly Chart,https://kworb.net/spotify/country/my_weekly_totals.html
BIGBANG,FXXK IT,24,0,27,98393,1031513,Spotify MY Weekly Chart,https://kworb.net/spotify/country/my_weekly_totals.html
Dato' Sri Siti Nurhaliza,Anta Permana,21,0,68,67631,1030812,Spotify MY Weekly Chart,https://kworb.net/spotify/country/my_weekly_totals.html
BLACKPINK,Ready For Love,7,0,11,364083,1030403,Spotify MY Weekly Chart,https://kworb.net/spotify/country/my_weekly_totals.html
Drake,Nice For What,17,0,19,123684,1030087,Spotify MY Weekly Chart,https://kworb.net/spotify/country/my_weekly_totals.html
G.E.M.,光年之外 (電影 《Passengers》 中國區主題曲),35,0,117,33836,1028672,Spotify MY Weekly Chart,https://kworb.net/spotify/country/my_weekly_totals.html
LAUV,Tattoos Together,13,0,50,110160,1027757,Spotify MY Weekly Chart,https://kworb.net/spotify/country/my_weekly_totals.html
Cashmere Cat,Trust Nobody,18,0,36,74844,1022705,Spotify MY Weekly Chart,https://kworb.net/spotify/country/my_weekly_totals.html
Justin Bieber,I'll Show You,24,5,5,119958,1020880,Spotify MY Weekly Chart,https://kworb.net/spotify/country/my_weekly_totals.html
Juan Reza,PICA PICA,8,0,99,139616,1020098,Spotify MY Weekly Chart,https://kworb.net/spotify/country/my_weekly_totals.html
Hael Husaini,Hari Ini,21,0,136,55628,1019724,Spotify MY Weekly Chart,https://kworb.net/spotify/country/my_weekly_totals.html
YOON MIRAE,ALWAYS,34,0,40,61776,1019652,Spotify MY Weekly Chart,https://kworb.net/spotify/country/my_weekly_totals.html
aespa,Girls,10,0,27,162239,1019259,Spotify MY Weekly Chart,https://kworb.net/spotify/country/my_weekly_totals.html
Harry Styles,Golden,16,0,54,88833,1017918,Spotify MY Weekly Chart,https://kworb.net/spotify/country/my_weekly_totals.html
Flo Rida,"I Don't Like It, I Love It",39,0,11,54283,1017849,Spotify MY Weekly Chart,https://kworb.net/spotify/country/my_weekly_totals.html
Olivia Holt,History,18,0,47,81709,1017429,Spotify MY Weekly Chart,https://kworb.net/spotify/country/my_weekly_totals.html
ALYPH,OBVIOUS,22,0,99,56097,1017071,Spotify MY Weekly Chart,https://kworb.net/spotify/country/my_weekly_totals.html
The Chainsmokers,Inside Out,34,0,55,46858,1016596,Spotify MY Weekly Chart,https://kworb.net/spotify/country/my_weekly_totals.html
LE SSERAFIM,Sour Grapes,14,0,99,79212,1014149,Spotify MY Weekly Chart,https://kworb.net/spotify/country/my_weekly_totals.html
Reedzwann,Adakah Ini Mimpi,20,0,108,57888,1011075,Spotify MY Weekly Chart,https://kworb.net/spotify/country/my_weekly_totals.html
Tori Kelly,Hollow,29,0,39,46360,1010613,Spotify MY Weekly Chart,https://kworb.net/spotify/country/my_weekly_totals.html
Tyla,PUSH 2 START,8,0,97,149678,1010474,Spotify MY Weekly Chart,https://kworb.net/spotify/country/my_weekly_totals.html
Bilal Indrajaya,Niscaya,8,0,99,147058,1010191,Spotify MY Weekly Chart,https://kworb.net/spotify/country/my_weekly_totals.html
Sam Smith,Lay Me Down,52,5,7,48864,1009613,Spotify MY Weekly Chart,https://kworb.net/spotify/country/my_weekly_totals.html
LAUV,Getting Over You,12,0,26,109585,1008803,Spotify MY Weekly Chart,https://kworb.net/spotify/country/my_weekly_totals.html
Ariana Grande,Problem,60,15,3,31575,1007077,Spotify MY Weekly Chart,https://kworb.net/spotify/country/my_weekly_totals.html
Lady Gaga,Abracadabra,7,0,48,243090,1006859,Spotify MY Weekly Chart,https://kworb.net/spotify/country/my_weekly_totals.html
Tinashe,Nasty,8,0,90,145909,1006429,Spotify MY Weekly Chart,https://kworb.net/spotify/country/my_weekly_totals.html
Sarah Suhairi,Pedih,21,0,79,60301,1004984,Spotify MY Weekly Chart,https://kworb.net/spotify/country/my_weekly_totals.html
Kygo,Remind Me to Forget,13,0,31,97047,1004262,Spotify MY Weekly Chart,https://kworb.net/spotify/country/my_weekly_totals.html
Leon Thomas,MUTT,8,0,91,142704,1003440,Spotify MY Weekly Chart,https://kworb.net/spotify/country/my_weekly_totals.html
Major Lazer,Run Up,15,0,36,97765,1002691,Spotify MY Weekly Chart,https://kworb.net/spotify/country/my_weekly_totals.html
Megan Thee Stallion,Savage Remix,12,0,32,115801,1000695,Spotify MY Weekly Chart,https://kworb.net/spotify/country/my_weekly_totals.html
Imagine Dragons,Follow You,14,0,43,110233,1000518,Spotify MY Weekly Chart,https://kworb.net/spotify/country/my_weekly_totals.html
IU,BBIBBI,17,0,44,88014,999850,Spotify MY Weekly Chart,https://kworb.net/spotify/country/my_weekly_totals.html
Sam Smith,Like I Can,59,0,14,54186,999383,Spotify MY Weekly Chart,https://kworb.net/spotify/country/my_weekly_totals.html
Cardi B,Bodak Yellow,23,0,59,65887,999138,Spotify MY Weekly Chart,https://kworb.net/spotify/country/my_weekly_totals.html
NCT DREAM,Hello Future,15,0,44,107162,998312,Spotify MY Weekly Chart,https://kworb.net/spotify/country/my_weekly_totals.html
BROCKHAMPTON,SUGAR,16,0,64,85726,996808,Spotify MY Weekly Chart,https://kworb.net/spotify/country/my_weekly_totals.html
Shakira,Dai Dai,6,0,52,215705,996112,Spotify MY Weekly Chart,https://kworb.net/spotify/country/my_weekly_totals.html
Kodak Black,ZEZE,19,0,73,65731,996002,Spotify MY Weekly Chart,https://kworb.net/spotify/country/my_weekly_totals.html
Harris Baba,Katakan,36,0,77,37093,995816,Spotify MY Weekly Chart,https://kworb.net/spotify/country/my_weekly_totals.html
BTS,Dionysus,12,1,10,241673,995385,Spotify MY Weekly Chart,https://kworb.net/spotify/country/my_weekly_totals.html
6ixth Sense,Yang Sempurnakanku,12,0,100,107945,994374,Spotify MY Weekly Chart,https://kworb.net/spotify/country/my_weekly_totals.html
Vance Joy,Riptide,80,0,18,24572,994297,Spotify MY Weekly Chart,https://kworb.net/spotify/country/my_weekly_totals.html
Avril Lavigne,Head Above Water,11,0,17,135202,992969,Spotify MY Weekly Chart,https://kworb.net/spotify/country/my_weekly_totals.html
KYLE,Playinwitme,13,0,27,103702,992518,Spotify MY Weekly Chart,https://kworb.net/spotify/country/my_weekly_totals.html
Dean Martin,Let It Snow! Let It Snow! Let It Snow!,12,0,52,158666,990495,Spotify MY Weekly Chart,https://kworb.net/spotify/country/my_weekly_totals.html
Dimitri Vegas & Like Mike,Complicated,19,0,62,63025,990368,Spotify MY Weekly Chart,https://kworb.net/spotify/country/my_weekly_totals.html
Wany Hasrita,Belenggu Rindu,16,0,85,76746,988570,Spotify MY Weekly Chart,https://kworb.net/spotify/country/my_weekly_totals.html
ZAYN,LIKE I WOULD,18,0,20,88235,986365,Spotify MY Weekly Chart,https://kworb.net/spotify/country/my_weekly_totals.html
JENNIE,Seoul City,8,0,96,140372,985906,Spotify MY Weekly Chart,https://kworb.net/spotify/country/my_weekly_totals.html
Destiny Rogers,Tomboy,14,0,44,96805,981345,Spotify MY Weekly Chart,https://kworb.net/spotify/country/my_weekly_totals.html
Taylor Swift,Gorgeous,16,1,9,193740,980604,Spotify MY Weekly Chart,https://kworb.net/spotify/country/my_weekly_totals.html
NCT 127,Favorite (Vampire),11,0,31,165532,975006,Spotify MY Weekly Chart,https://kworb.net/spotify/country/my_weekly_totals.html
TAEYANG,"EYES, NOSE, LIPS - KR Ver.",12,0,129,129796,973558,Spotify MY Weekly Chart,https://kworb.net/spotify/country/my_weekly_totals.html
Chappell Roan,The Subway,6,0,40,214447,973208,Spotify MY Weekly Chart,https://kworb.net/spotify/country/my_weekly_totals.html
Gery Gany,Sesaat Kau Hadir,10,0,141,103838,972199,Spotify MY Weekly Chart,https://kworb.net/spotify/country/my_weekly_totals.html
BIGBANG,IF YOU,50,0,16,40538,971426,Spotify MY Weekly Chart,https://kworb.net/spotify/country/my_weekly_totals.html
Unknown Artist,Anugerah Aidilfitri,9,0,91,205564,970149,Spotify MY Weekly Chart,https://kworb.net/spotify/country/my_weekly_totals.html
Shawn Mendes,Youth feat. Khalid,12,0,15,147134,970038,Spotify MY Weekly Chart,https://kworb.net/spotify/country/my_weekly_totals.html
Pitbull,Time of Our Lives,40,6,6,49317,969961,Spotify MY Weekly Chart,https://kworb.net/spotify/country/my_weekly_totals.html
Ava Max,Kings & Queens,18,0,105,60984,969286,Spotify MY Weekly Chart,https://kworb.net/spotify/country/my_weekly_totals.html
Post Malone,Take What You Want,15,0,77,77593,968968,Spotify MY Weekly Chart,https://kworb.net/spotify/country/my_weekly_totals.html
Seventeen,Kemarin,17,0,58,80383,965855,Spotify MY Weekly Chart,https://kworb.net/spotify/country/my_weekly_totals.html
Tove Lo,Talking Body,39,0,12,52248,965079,Spotify MY Weekly Chart,https://kworb.net/spotify/country/my_weekly_totals.html
Bastille,Pompeii,106,11,6,21775,963819,Spotify MY Weekly Chart,https://kworb.net/spotify/country/my_weekly_totals.html
Fetty Wap,Trap Queen,44,0,23,36869,961364,Spotify MY Weekly Chart,https://kworb.net/spotify/country/my_weekly_totals.html
Ali Gatie,Can't Lie,18,0,88,68265,961099,Spotify MY Weekly Chart,https://kworb.net/spotify/country/my_weekly_totals.html
Sabrina Carpenter,Skin,12,0,30,119753,958747,Spotify MY Weekly Chart,https://kworb.net/spotify/country/my_weekly_totals.html
BTS,Please,5,0,47,254767,958347,Spotify MY Weekly Chart,https://kworb.net/spotify/country/my_weekly_totals.html
Lifehouse,You And Me,49,0,137,30307,957499,Spotify MY Weekly Chart,https://kworb.net/spotify/country/my_weekly_totals.html
Hazama,Sampai Mati,60,0,79,132827,957445,Spotify MY Weekly Chart,https://kworb.net/spotify/country/my_weekly_totals.html
Jamal Abdillah,Salam Aidilfitri,9,0,82,150250,957212,Spotify MY Weekly Chart,https://kworb.net/spotify/country/my_weekly_totals.html
Dante Klein,Let Me Hold You (Turn Me On),24,0,51,54403,955227,Spotify MY Weekly Chart,https://kworb.net/spotify/country/my_weekly_totals.html
Taylor Swift,I Can See You (Taylor’s Version) (From The Vault),7,0,45,209847,954945,Spotify MY Weekly Chart,https://kworb.net/spotify/country/my_weekly_totals.html
Childish Gambino,This Is America,12,1,3,184755,949747,Spotify MY Weekly Chart,https://kworb.net/spotify/country/my_weekly_totals.html
Wani,Pendusta Cinta,19,0,66,67924,947434,Spotify MY Weekly Chart,https://kworb.net/spotify/country/my_weekly_totals.html
BIGBANG,LOSER,50,1,8,45158,945588,Spotify MY Weekly Chart,https://kworb.net/spotify/country/my_weekly_totals.html
BlocBoy JB,Look Alive,19,0,56,74188,945167,Spotify MY Weekly Chart,https://kworb.net/spotify/country/my_weekly_totals.html
Rita Ora,Let You Love Me,15,0,34,94084,943314,Spotify MY Weekly Chart,https://kworb.net/spotify/country/my_weekly_totals.html
CHUNG HA,Gotta Go,16,0,50,83112,940769,Spotify MY Weekly Chart,https://kworb.net/spotify/country/my_weekly_totals.html
keshi,Say,7,0,62,174728,939144,Spotify MY Weekly Chart,https://kworb.net/spotify/country/my_weekly_totals.html
NCT DREAM,Candy,9,0,68,140681,938398,Spotify MY Weekly Chart,https://kworb.net/spotify/country/my_weekly_totals.html
K/DA,POP/STARS,12,0,15,159610,937485,Spotify MY Weekly Chart,https://kworb.net/spotify/country/my_weekly_totals.html
CKay,love nwantiti,12,0,55,97312,936928,Spotify MY Weekly Chart,https://kworb.net/spotify/country/my_weekly_totals.html
Achey,Yang Terindah,21,0,71,58153,936785,Spotify MY Weekly Chart,https://kworb.net/spotify/country/my_weekly_totals.html
Sufi Rashid,Aku Sanggup,29,0,110,38554,934964,Spotify MY Weekly Chart,https://kworb.net/spotify/country/my_weekly_totals.html
Jinbara,Kasihnya Laila,7,0,157,142188,933091,Spotify MY Weekly Chart,https://kworb.net/spotify/country/my_weekly_totals.html
Ariana Grande,Focus,20,2,10,89015,933063,Spotify MY Weekly Chart,https://kworb.net/spotify/country/my_weekly_totals.html
OneRepublic,Connection,12,0,33,96285,932578,Spotify MY Weekly Chart,https://kworb.net/spotify/country/my_weekly_totals.html
Julia Michaels,Heaven,16,0,36,94143,930819,Spotify MY Weekly Chart,https://kworb.net/spotify/country/my_weekly_totals.html
Coldplay,Paradise,19,0,40,206320,930340,Spotify MY Weekly Chart,https://kworb.net/spotify/country/my_weekly_totals.html
Taylor Swift,This Love (Taylor’s Version),10,0,29,147304,929727,Spotify MY Weekly Chart,https://kworb.net/spotify/country/my_weekly_totals.html
Arctic Monkeys,Do I Wanna Know?,50,0,30,71460,926476,Spotify MY Weekly Chart,https://kworb.net/spotify/country/my_weekly_totals.html
Malcolm Todd,Sweet Boy,7,0,170,139570,925613,Spotify MY Weekly Chart,https://kworb.net/spotify/country/my_weekly_totals.html
Misha Omar,Break,7,0,65,162927,925396,Spotify MY Weekly Chart,https://kworb.net/spotify/country/my_weekly_totals.html
Pharrell Williams,Happy,90,9,4,18163,925382,Spotify MY Weekly Chart,https://kworb.net/spotify/country/my_weekly_totals.html
The Weeknd,Dancing In The Flames,6,0,44,223150,923964,Spotify MY Weekly Chart,https://kworb.net/spotify/country/my_weekly_totals.html
Stray Kids,God’s Menu,12,0,46,107967,923251,Spotify MY Weekly Chart,https://kworb.net/spotify/country/my_weekly_totals.html
The Kid LAROI,TOO MUCH,5,0,22,262596,921437,Spotify MY Weekly Chart,https://kworb.net/spotify/country/my_weekly_totals.html
Malique,Ayuh,7,0,54,185201,920489,Spotify MY Weekly Chart,https://kworb.net/spotify/country/my_weekly_totals.html
Justin Bieber,One Time,5,0,44,273045,920483,Spotify MY Weekly Chart,https://kworb.net/spotify/country/my_weekly_totals.html
Flo Rida,GDFR,40,0,11,45254,916904,Spotify MY Weekly Chart,https://kworb.net/spotify/country/my_weekly_totals.html
BIGBANG,Let's not fall in love,39,1,8,66318,916709,Spotify MY Weekly Chart,https://kworb.net/spotify/country/my_weekly_totals.html
G-Eazy,No Limit,18,0,65,70174,916240,Spotify MY Weekly Chart,https://kworb.net/spotify/country/my_weekly_totals.html
Meek Mill,Going Bad,17,0,74,62915,915813,Spotify MY Weekly Chart,https://kworb.net/spotify/country/my_weekly_totals.html
Faizal Tahir,Negaraku,35,0,101,30221,915510,Spotify MY Weekly Chart,https://kworb.net/spotify/country/my_weekly_totals.html
TAEYEON,All about you,18,0,105,64153,913684,Spotify MY Weekly Chart,https://kworb.net/spotify/country/my_weekly_totals.html
Metro Boomin,Self Love (Spider-Man: Across the Spider-Verse) (Metro Boomin & Coi Leray),6,0,50,196116,913314,Spotify MY Weekly Chart,https://kworb.net/spotify/country/my_weekly_totals.html
mgk,Bad Things,23,0,47,73219,913083,Spotify MY Weekly Chart,https://kworb.net/spotify/country/my_weekly_totals.html
Firdaus Rahmat,Sentiasa,18,0,96,62482,912610,Spotify MY Weekly Chart,https://kworb.net/spotify/country/my_weekly_totals.html
Childish Gambino,Redbone,20,0,56,63628,912419,Spotify MY Weekly Chart,https://kworb.net/spotify/country/my_weekly_totals.html
Noh Salleh,Angin Kencang,13,0,119,98834,911314,Spotify MY Weekly Chart,https://kworb.net/spotify/country/my_weekly_totals.html
Namewee,飄向北方,28,0,91,43795,910807,Spotify MY Weekly Chart,https://kworb.net/spotify/country/my_weekly_totals.html
Dennis Lloyd,Nevermind,19,0,41,82888,909110,Spotify MY Weekly Chart,https://kworb.net/spotify/country/my_weekly_totals.html
Coldplay,Let Somebody Go,10,0,38,156854,908859,Spotify MY Weekly Chart,https://kworb.net/spotify/country/my_weekly_totals.html
Macklemore & Ryan Lewis,Downtown,27,0,19,60675,907876,Spotify MY Weekly Chart,https://kworb.net/spotify/country/my_weekly_totals.html
Gucci Mane,Wake Up in the Sky,19,0,52,79762,907681,Spotify MY Weekly Chart,https://kworb.net/spotify/country/my_weekly_totals.html
Noah Cyrus,Make Me (Cry),19,0,42,84106,906404,Spotify MY Weekly Chart,https://kworb.net/spotify/country/my_weekly_totals.html
Post Malone,Cooped Up,9,0,41,148139,905956,Spotify MY Weekly Chart,https://kworb.net/spotify/country/my_weekly_totals.html
Chris Brown,No Guidance,15,0,63,81533,905601,Spotify MY Weekly Chart,https://kworb.net/spotify/country/my_weekly_totals.html
Jung Kook,Never Let Go,5,0,32,277383,903840,Spotify MY Weekly Chart,https://kworb.net/spotify/country/my_weekly_totals.html
21 Savage,Bank Account,22,0,87,47478,902365,Spotify MY Weekly Chart,https://kworb.net/spotify/country/my_weekly_totals.html
Jessi,Cold Blooded,12,0,63,96278,901700,Spotify MY Weekly Chart,https://kworb.net/spotify/country/my_weekly_totals.html
Major Lazer,Know No Better,13,0,36,92903,901644,Spotify MY Weekly Chart,https://kworb.net/spotify/country/my_weekly_totals.html
Billie Eilish,BLUE,7,0,91,153567,901531,Spotify MY Weekly Chart,https://kworb.net/spotify/country/my_weekly_totals.html
Olivia Rodrigo,brutal,12,0,33,140531,900907,Spotify MY Weekly Chart,https://kworb.net/spotify/country/my_weekly_totals.html
Red Velvet - IRENE & SEULGI,Monster,10,0,14,186184,900392,Spotify MY Weekly Chart,https://kworb.net/spotify/country/my_weekly_totals.html
Alok,Hear Me Now,15,0,35,87542,899279,Spotify MY Weekly Chart,https://kworb.net/spotify/country/my_weekly_totals.html
Ellie Goulding,Hate Me,17,0,91,71595,899101,Spotify MY Weekly Chart,https://kworb.net/spotify/country/my_weekly_totals.html
Adam Lambert,Ghost Town,36,0,22,52548,898486,Spotify MY Weekly Chart,https://kworb.net/spotify/country/my_weekly_totals.html
TAEYEON,Fine,20,0,78,54502,897750,Spotify MY Weekly Chart,https://kworb.net/spotify/country/my_weekly_totals.html
Noah,Bintang di Surga,10,0,70,125921,896882,Spotify MY Weekly Chart,https://kworb.net/spotify/country/my_weekly_totals.html
BTS,Your eyes tell,13,0,29,131258,896024,Spotify MY Weekly Chart,https://kworb.net/spotify/country/my_weekly_totals.html
Luvia band,Orang Yang Salah,9,0,133,105039,894628,Spotify MY Weekly Chart,https://kworb.net/spotify/country/my_weekly_totals.html
Olivia Rodrigo,less,5,0,49,217245,894604,Spotify MY Weekly Chart,https://kworb.net/spotify/country/my_weekly_totals.html
LAUV,Chasing Fire,11,0,26,105356,894158,Spotify MY Weekly Chart,https://kworb.net/spotify/country/my_weekly_totals.html
Hyper Act,Mengejar Rindu,18,0,124,150853,892922,Spotify MY Weekly Chart,https://kworb.net/spotify/country/my_weekly_totals.html
JISOO,All Eyes On Me,5,0,13,356530,891273,Spotify MY Weekly Chart,https://kworb.net/spotify/country/my_weekly_totals.html
Ariana Grande,bye,6,0,40,203262,890667,Spotify MY Weekly Chart,https://kworb.net/spotify/country/my_weekly_totals.html
Amelia Moore,next door,8,0,131,122783,890295,Spotify MY Weekly Chart,https://kworb.net/spotify/country/my_weekly_totals.html
The Calling,Wherever You Will Go,34,0,148,37398,890245,Spotify MY Weekly Chart,https://kworb.net/spotify/country/my_weekly_totals.html
BTS,Into the Sun,5,0,58,235185,889866,Spotify MY Weekly Chart,https://kworb.net/spotify/country/my_weekly_totals.html
Juice WRLD,Come & Go,11,0,24,136836,889759,Spotify MY Weekly Chart,https://kworb.net/spotify/country/my_weekly_totals.html
Selena Gomez,The Heart Wants What It Wants,42,11,5,44900,889752,Spotify MY Weekly Chart,https://kworb.net/spotify/country/my_weekly_totals.html
Zedd,365,10,0,32,115640,888753,Spotify MY Weekly Chart,https://kworb.net/spotify/country/my_weekly_totals.html
League of Legends,GODS,7,0,48,181145,887401,Spotify MY Weekly Chart,https://kworb.net/spotify/country/my_weekly_totals.html
Doja Cat,Ain't Shit,12,0,43,102848,887300,Spotify MY Weekly Chart,https://kworb.net/spotify/country/my_weekly_totals.html
Billie Eilish,i love you,17,0,57,85490,884125,Spotify MY Weekly Chart,https://kworb.net/spotify/country/my_weekly_totals.html
Luis Fonsi,Échame La Culpa,17,0,37,92529,881095,Spotify MY Weekly Chart,https://kworb.net/spotify/country/my_weekly_totals.html
Zizan Razak,Nyam Nyam Ketupat,5,0,40,287962,880190,Spotify MY Weekly Chart,https://kworb.net/spotify/country/my_weekly_totals.html
aespa,Illusion,12,0,74,90011,879138,Spotify MY Weekly Chart,https://kworb.net/spotify/country/my_weekly_totals.html
Jason Derulo,Tip Toe,16,0,70,62679,879126,Spotify MY Weekly Chart,https://kworb.net/spotify/country/my_weekly_totals.html
Ippo Hafiz,Kekal Bahagia,43,0,78,25268,879113,Spotify MY Weekly Chart,https://kworb.net/spotify/country/my_weekly_totals.html
Adele,All I Ask,16,0,84,79674,878546,Spotify MY Weekly Chart,https://kworb.net/spotify/country/my_weekly_totals.html
Maty Noyes,in my miNd,32,0,81,35473,878322,Spotify MY Weekly Chart,https://kworb.net/spotify/country/my_weekly_totals.html
Taylor Swift,Bejeweled,6,0,26,270290,877679,Spotify MY Weekly Chart,https://kworb.net/spotify/country/my_weekly_totals.html
Normani,Motivation,14,0,80,72201,876959,Spotify MY Weekly Chart,https://kworb.net/spotify/country/my_weekly_totals.html
Shila Amzah,Tiada Dirimu,19,0,140,53151,876375,Spotify MY Weekly Chart,https://kworb.net/spotify/country/my_weekly_totals.html
M. Nasir,Salam Dunia,10,0,117,177893,874235,Spotify MY Weekly Chart,https://kworb.net/spotify/country/my_weekly_totals.html
Adam Levine,Lost Stars,70,0,81,19669,874186,Spotify MY Weekly Chart,https://kworb.net/spotify/country/my_weekly_totals.html
BTS,HOME,10,1,7,271598,873289,Spotify MY Weekly Chart,https://kworb.net/spotify/country/my_weekly_totals.html
My Chemical Romance,Welcome to the Black Parade,6,0,40,261095,869239,Spotify MY Weekly Chart,https://kworb.net/spotify/country/my_weekly_totals.html
RealestK,WFM,13,0,59,101310,868507,Spotify MY Weekly Chart,https://kworb.net/spotify/country/my_weekly_totals.html
LAUV,Superhero,12,0,28,111802,867770,Spotify MY Weekly Chart,https://kworb.net/spotify/country/my_weekly_totals.html
BTS,00:00 (Zero O’Clock),11,0,21,224232,866762,Spotify MY Weekly Chart,https://kworb.net/spotify/country/my_weekly_totals.html
Madison Beer,Selfish,16,0,83,61513,866484,Spotify MY Weekly Chart,https://kworb.net/spotify/country/my_weekly_totals.html
Taylor Swift,Elizabeth Taylor,4,0,16,339502,865770,Spotify MY Weekly Chart,https://kworb.net/spotify/country/my_weekly_totals.html
Jonas Brothers,What A Man Gotta Do,10,0,48,122198,865121,Spotify MY Weekly Chart,https://kworb.net/spotify/country/my_weekly_totals.html
Taylor Swift,The Archer,9,0,26,146104,864648,Spotify MY Weekly Chart,https://kworb.net/spotify/country/my_weekly_totals.html
SEVENTEEN,THUNDER,5,0,38,230911,864376,Spotify MY Weekly Chart,https://kworb.net/spotify/country/my_weekly_totals.html
Dayang Nurfaizah,X Missing U,17,0,108,72478,863088,Spotify MY Weekly Chart,https://kworb.net/spotify/country/my_weekly_totals.html
Beach Bunny,Prom Queen,12,0,107,84778,862926,Spotify MY Weekly Chart,https://kworb.net/spotify/country/my_weekly_totals.html
OneRepublic,Wherever I Go,25,0,50,47856,862626,Spotify MY Weekly Chart,https://kworb.net/spotify/country/my_weekly_totals.html
David Guetta,Hey Mama,33,3,10,52362,861341,Spotify MY Weekly Chart,https://kworb.net/spotify/country/my_weekly_totals.html
LAUV,Changes,11,0,36,138339,860964,Spotify MY Weekly Chart,https://kworb.net/spotify/country/my_weekly_totals.html
Lady Gaga,Hold My Hand,10,0,56,113376,860018,Spotify MY Weekly Chart,https://kworb.net/spotify/country/my_weekly_totals.html
Arijit Singh,Janam Janam,21,3,3,126665,859664,Spotify MY Weekly Chart,https://kworb.net/spotify/country/my_weekly_totals.html
Beach Bunny,Cloud 9,12,0,40,98312,858509,Spotify MY Weekly Chart,https://kworb.net/spotify/country/my_weekly_totals.html
beabadoobee,Glue Song,8,0,76,131770,858027,Spotify MY Weekly Chart,https://kworb.net/spotify/country/my_weekly_totals.html
The Rare Occasions,Notion,13,0,96,79830,857738,Spotify MY Weekly Chart,https://kworb.net/spotify/country/my_weekly_totals.html
ITZY,SNEAKERS,9,0,43,127323,855234,Spotify MY Weekly Chart,https://kworb.net/spotify/country/my_weekly_totals.html
My Chemical Romance,Cancer,5,0,41,258521,854855,Spotify MY Weekly Chart,https://kworb.net/spotify/country/my_weekly_totals.html
Charli xcx,Guess featuring billie eilish,7,0,93,143709,853235,Spotify MY Weekly Chart,https://kworb.net/spotify/country/my_weekly_totals.html
Tenxi,Berubah,6,0,140,149155,852932,Spotify MY Weekly Chart,https://kworb.net/spotify/country/my_weekly_totals.html
Nuh...,Teruntuk Mia,7,0,101,141115,850584,Spotify MY Weekly Chart,https://kworb.net/spotify/country/my_weekly_totals.html
Lil Tecca,Ransom,12,0,53,87974,850544,Spotify MY Weekly Chart,https://kworb.net/spotify/country/my_weekly_totals.html
Ed Sheeran,How Would You Feel (Paean),17,0,23,130223,845472,Spotify MY Weekly Chart,https://kworb.net/spotify/country/my_weekly_totals.html
Ryan Cabrera,True,55,0,106,21641,844822,Spotify MY Weekly Chart,https://kworb.net/spotify/country/my_weekly_totals.html
Lee Young Ji,Small girl,6,0,47,209666,844372,Spotify MY Weekly Chart,https://kworb.net/spotify/country/my_weekly_totals.html
Cakra Khan,Mencari Cinta Sejati,19,0,133,128763,842136,Spotify MY Weekly Chart,https://kworb.net/spotify/country/my_weekly_totals.html
Coldplay,Magic,62,13,2,27437,838367,Spotify MY Weekly Chart,https://kworb.net/spotify/country/my_weekly_totals.html
Lizzo,Good As Hell,12,0,52,97632,837938,Spotify MY Weekly Chart,https://kworb.net/spotify/country/my_weekly_totals.html
Miley Cyrus,Midnight Sky,11,0,38,107291,837180,Spotify MY Weekly Chart,https://kworb.net/spotify/country/my_weekly_totals.html
GANGGA,Blue Jeans,13,0,119,73694,836500,Spotify MY Weekly Chart,https://kworb.net/spotify/country/my_weekly_totals.html
ROSÉ,two years,4,0,23,330004,835863,Spotify MY Weekly Chart,https://kworb.net/spotify/country/my_weekly_totals.html
STAYC,RUN2U,9,0,31,137682,835280,Spotify MY Weekly Chart,https://kworb.net/spotify/country/my_weekly_totals.html
Hyper Act,Bukan Untukku,25,0,90,41471,834303,Spotify MY Weekly Chart,https://kworb.net/spotify/country/my_weekly_totals.html
Regard,Ride It,14,0,89,72790,833171,Spotify MY Weekly Chart,https://kworb.net/spotify/country/my_weekly_totals.html
Rae Sremmurd,Black Beatles,18,0,33,78309,832240,Spotify MY Weekly Chart,https://kworb.net/spotify/country/my_weekly_totals.html
Taylor Swift,"So Long, London",4,0,18,362580,831701,Spotify MY Weekly Chart,https://kworb.net/spotify/country/my_weekly_totals.html
BTS,One More Night,4,0,46,262578,831485,Spotify MY Weekly Chart,https://kworb.net/spotify/country/my_weekly_totals.html
BTS,Jamais Vu,9,1,8,264524,830651,Spotify MY Weekly Chart,https://kworb.net/spotify/country/my_weekly_totals.html
Eda Ezrin,Adek Saye Abe Sore,6,0,126,153886,830418,Spotify MY Weekly Chart,https://kworb.net/spotify/country/my_weekly_totals.html
Anne-Marie,Alarm,27,0,60,48239,830266,Spotify MY Weekly Chart,https://kworb.net/spotify/country/my_weekly_totals.html
Vanessa Carlton,A Thousand Miles,44,0,125,28065,830252,Spotify MY Weekly Chart,https://kworb.net/spotify/country/my_weekly_totals.html
G-DRAGON,TOO BAD,5,0,36,231596,829767,Spotify MY Weekly Chart,https://kworb.net/spotify/country/my_weekly_totals.html
Y2K,Lalala,15,0,99,66042,829496,Spotify MY Weekly Chart,https://kworb.net/spotify/country/my_weekly_totals.html
Yoyo Sham,追光者 - 電視劇夏至未至插曲,24,0,128,39678,828761,Spotify MY Weekly Chart,https://kworb.net/spotify/country/my_weekly_totals.html
Gaho,시작,14,0,58,84129,828456,Spotify MY Weekly Chart,https://kworb.net/spotify/country/my_weekly_totals.html
Kordhell,Murder In My Mind,11,0,102,93805,827659,Spotify MY Weekly Chart,https://kworb.net/spotify/country/my_weekly_totals.html
Liam Payne,Bedroom Floor,16,0,39,91568,827051,Spotify MY Weekly Chart,https://kworb.net/spotify/country/my_weekly_totals.html
The Fray,How to Save a Life,64,0,129,20369,826951,Spotify MY Weekly Chart,https://kworb.net/spotify/country/my_weekly_totals.html
Taylor Swift,The Tortured Poets Department,4,0,15,403793,825726,Spotify MY Weekly Chart,https://kworb.net/spotify/country/my_weekly_totals.html
ROSÉ,3am,4,0,24,327273,825525,Spotify MY Weekly Chart,https://kworb.net/spotify/country/my_weekly_totals.html
Taylor Swift,Wi$h Li$t,4,0,22,293339,825404,Spotify MY Weekly Chart,https://kworb.net/spotify/country/my_weekly_totals.html
IamNeeta,Hari Raya,5,0,64,229458,824907,Spotify MY Weekly Chart,https://kworb.net/spotify/country/my_weekly_totals.html
Afgan,Ku Dengannya Kau Dengan Dia,6,0,128,143915,823375,Spotify MY Weekly Chart,https://kworb.net/spotify/country/my_weekly_totals.html
Putera Band,Rebahku Tanpamu,25,0,106,37982,822925,Spotify MY Weekly Chart,https://kworb.net/spotify/country/my_weekly_totals.html
Datuk Sharifah Aini,Hari Yang Mulia,9,0,72,130964,822571,Spotify MY Weekly Chart,https://kworb.net/spotify/country/my_weekly_totals.html
The Script,Superheroes,54,1,10,37905,822271,Spotify MY Weekly Chart,https://kworb.net/spotify/country/my_weekly_totals.html
Shawn Mendes,Imagination,38,0,80,59668,821461,Spotify MY Weekly Chart,https://kworb.net/spotify/country/my_weekly_totals.html
Sia,Elastic Heart,39,4,6,48602,818227,Spotify MY Weekly Chart,https://kworb.net/spotify/country/my_weekly_totals.html
BAEKHYUN,Candy,11,0,29,124855,817407,Spotify MY Weekly Chart,https://kworb.net/spotify/country/my_weekly_totals.html
Silk City,Electricity,9,0,19,120634,815766,Spotify MY Weekly Chart,https://kworb.net/spotify/country/my_weekly_totals.html
Alesso,Heroes (we could be),29,5,8,42522,815068,Spotify MY Weekly Chart,https://kworb.net/spotify/country/my_weekly_totals.html
Red Velvet,Queendom,10,0,38,123891,813496,Spotify MY Weekly Chart,https://kworb.net/spotify/country/my_weekly_totals.html
Becky G,Shower,46,4,7,40109,813303,Spotify MY Weekly Chart,https://kworb.net/spotify/country/my_weekly_totals.html
Idina Menzel,Show Yourself,10,0,31,150990,811834,Spotify MY Weekly Chart,https://kworb.net/spotify/country/my_weekly_totals.html
keshi,SOMEBODY,10,0,60,111328,811422,Spotify MY Weekly Chart,https://kworb.net/spotify/country/my_weekly_totals.html
OneRepublic,Apologize,25,0,133,42127,810228,Spotify MY Weekly Chart,https://kworb.net/spotify/country/my_weekly_totals.html
yung kai,do you think you could love me?,6,0,77,147911,809333,Spotify MY Weekly Chart,https://kworb.net/spotify/country/my_weekly_totals.html
Jack Harlow,WHATS POPPIN,15,0,93,62439,808781,Spotify MY Weekly Chart,https://kworb.net/spotify/country/my_weekly_totals.html
Drake,Controlla,28,0,74,34677,808703,Spotify MY Weekly Chart,https://kworb.net/spotify/country/my_weekly_totals.html
Justin Bieber,Forever,8,0,24,169973,807744,Spotify MY Weekly Chart,https://kworb.net/spotify/country/my_weekly_totals.html
Linkin Park,The Emptiness Machine,5,0,52,189832,805562,Spotify MY Weekly Chart,https://kworb.net/spotify/country/my_weekly_totals.html
The Vamps,Middle Of The Night,21,0,92,42419,805393,Spotify MY Weekly Chart,https://kworb.net/spotify/country/my_weekly_totals.html
NewJeans,Bubble Gum,5,0,49,218442,804935,Spotify MY Weekly Chart,https://kworb.net/spotify/country/my_weekly_totals.html
Jalil Hamid,Raya,8,0,91,157752,802798,Spotify MY Weekly Chart,https://kworb.net/spotify/country/my_weekly_totals.html
Jesse McCartney,Beautiful Soul,54,0,132,20193,802373,Spotify MY Weekly Chart,https://kworb.net/spotify/country/my_weekly_totals.html
felix jaehn,Ain't Nobody (Loves Me Better),43,0,40,34947,802365,Spotify MY Weekly Chart,https://kworb.net/spotify/country/my_weekly_totals.html
j-hope,Sweet Dreams,5,0,45,211528,800925,Spotify MY Weekly Chart,https://kworb.net/spotify/country/my_weekly_totals.html
Linkin Park,In the End,16,1,9,169298,800896,Spotify MY Weekly Chart,https://kworb.net/spotify/country/my_weekly_totals.html
Asfan Shah,Sumpah Cintaku,23,0,137,39681,800849,Spotify MY Weekly Chart,https://kworb.net/spotify/country/my_weekly_totals.html
Taylor Swift,Question...?,5,0,18,306809,800179,Spotify MY Weekly Chart,https://kworb.net/spotify/country/my_weekly_totals.html
OMI,Cheerleader - Felix Jaehn Remix Radio Edit,31,0,20,55194,799600,Spotify MY Weekly Chart,https://kworb.net/spotify/country/my_weekly_totals.html
BTS,Come Over,4,0,28,276763,797201,Spotify MY Weekly Chart,https://kworb.net/spotify/country/my_weekly_totals.html
Måneskin,I WANNA BE YOUR SLAVE,13,0,71,68919,797022,Spotify MY Weekly Chart,https://kworb.net/spotify/country/my_weekly_totals.html
ATEEZ,BAD,5,0,90,170175,795783,Spotify MY Weekly Chart,https://kworb.net/spotify/country/my_weekly_totals.html
vaultboy,everything sucks,12,0,59,83017,793872,Spotify MY Weekly Chart,https://kworb.net/spotify/country/my_weekly_totals.html
Maluma,Hawái - Remix,11,0,44,104206,792858,Spotify MY Weekly Chart,https://kworb.net/spotify/country/my_weekly_totals.html
Jimin,Smeraldo Garden Marching Band,5,0,51,195881,791468,Spotify MY Weekly Chart,https://kworb.net/spotify/country/my_weekly_totals.html
TAEYONG,ZOO,11,0,72,94626,791266,Spotify MY Weekly Chart,https://kworb.net/spotify/country/my_weekly_totals.html
Hael Husaini,Bersyukur Seadanya,7,0,68,205713,790908,Spotify MY Weekly Chart,https://kworb.net/spotify/country/my_weekly_totals.html
VIVIZ,MANIAC,7,0,108,131223,790819,Spotify MY Weekly Chart,https://kworb.net/spotify/country/my_weekly_totals.html
Ayda Jebat,Temberang,15,0,82,64509,790714,Spotify MY Weekly Chart,https://kworb.net/spotify/country/my_weekly_totals.html
Joji,Past Won't Leave My Bed,4,0,29,261181,790534,Spotify MY Weekly Chart,https://kworb.net/spotify/country/my_weekly_totals.html
Misellia,Akhir Tak Bahagia,7,0,141,125521,789886,Spotify MY Weekly Chart,https://kworb.net/spotify/country/my_weekly_totals.html
Taylor Swift,My Boy Only Breaks His Favorite Toys,4,0,19,356271,789462,Spotify MY Weekly Chart,https://kworb.net/spotify/country/my_weekly_totals.html
Ashe,Moral of the Story,11,0,57,102940,789048,Spotify MY Weekly Chart,https://kworb.net/spotify/country/my_weekly_totals.html
StaySolidRocky,Party Girl,12,0,53,86998,788427,Spotify MY Weekly Chart,https://kworb.net/spotify/country/my_weekly_totals.html
aespa,Spicy,7,0,90,141201,788396,Spotify MY Weekly Chart,https://kworb.net/spotify/country/my_weekly_totals.html
Ed Sheeran,I See Fire,67,0,13,20994,788033,Spotify MY Weekly Chart,https://kworb.net/spotify/country/my_weekly_totals.html
Ed Sheeran,Tenerife Sea,62,0,44,31271,786131,Spotify MY Weekly Chart,https://kworb.net/spotify/country/my_weekly_totals.html
Hujan,Aku Skandal,10,0,90,100111,784246,Spotify MY Weekly Chart,https://kworb.net/spotify/country/my_weekly_totals.html
Ndotz,Embrace It,6,0,107,140369,780900,Spotify MY Weekly Chart,https://kworb.net/spotify/country/my_weekly_totals.html
ITZY,Cheshire,8,0,77,122097,780900,Spotify MY Weekly Chart,https://kworb.net/spotify/country/my_weekly_totals.html
Loco,Say Yes,24,0,95,68791,779164,Spotify MY Weekly Chart,https://kworb.net/spotify/country/my_weekly_totals.html
YUNGBLUD,11 Minutes,10,0,41,97706,778852,Spotify MY Weekly Chart,https://kworb.net/spotify/country/my_weekly_totals.html
Alan Walker,The Spectre,18,0,61,63317,778511,Spotify MY Weekly Chart,https://kworb.net/spotify/country/my_weekly_totals.html
BE'O,Counting Stars,11,0,78,92354,777943,Spotify MY Weekly Chart,https://kworb.net/spotify/country/my_weekly_totals.html
Kaleb J,Kebutuhan Hati,6,0,177,135701,774668,Spotify MY Weekly Chart,https://kworb.net/spotify/country/my_weekly_totals.html
The Script,Rain,18,0,93,50250,773928,Spotify MY Weekly Chart,https://kworb.net/spotify/country/my_weekly_totals.html
John Legend,Love Me Now,17,0,40,78300,773912,Spotify MY Weekly Chart,https://kworb.net/spotify/country/my_weekly_totals.html
Silentó,Watch Me (Whip / Nae Nae),32,0,18,48458,773898,Spotify MY Weekly Chart,https://kworb.net/spotify/country/my_weekly_totals.html
Drake,Money In The Grave (Drake ft. Rick Ross),11,0,47,104261,770626,Spotify MY Weekly Chart,https://kworb.net/spotify/country/my_weekly_totals.html
Kent Jones,Don't Mind,19,0,51,57282,768435,Spotify MY Weekly Chart,https://kworb.net/spotify/country/my_weekly_totals.html
JP Cooper,September Song,24,0,81,47256,767945,Spotify MY Weekly Chart,https://kworb.net/spotify/country/my_weekly_totals.html
TOMORROW X TOGETHER,CROWN,10,0,25,135076,765812,Spotify MY Weekly Chart,https://kworb.net/spotify/country/my_weekly_totals.html
BTS,My Time,10,0,23,209965,765705,Spotify MY Weekly Chart,https://kworb.net/spotify/country/my_weekly_totals.html
BTS,Heartbeat (BTS World Original Soundtrack),8,0,15,219338,763203,Spotify MY Weekly Chart,https://kworb.net/spotify/country/my_weekly_totals.html
JEON SOMI,Fast Forward,7,0,94,128900,762205,Spotify MY Weekly Chart,https://kworb.net/spotify/country/my_weekly_totals.html
Kehlani,Nights Like This,11,0,32,97642,761886,Spotify MY Weekly Chart,https://kworb.net/spotify/country/my_weekly_totals.html
BLACKPINK,Hope Not,9,0,12,206981,757390,Spotify MY Weekly Chart,https://kworb.net/spotify/country/my_weekly_totals.html
Mabel,Don't Call Me Up,12,0,55,83043,757274,Spotify MY Weekly Chart,https://kworb.net/spotify/country/my_weekly_totals.html
Khalid,My Bad,7,0,27,135871,757175,Spotify MY Weekly Chart,https://kworb.net/spotify/country/my_weekly_totals.html
XG,SHOOTING STAR,7,0,68,144187,755717,Spotify MY Weekly Chart,https://kworb.net/spotify/country/my_weekly_totals.html
BIGBANG,LAST DANCE,18,0,32,85314,755660,Spotify MY Weekly Chart,https://kworb.net/spotify/country/my_weekly_totals.html
Rihanna,FourFiveSeconds,36,3,5,53647,755653,Spotify MY Weekly Chart,https://kworb.net/spotify/country/my_weekly_totals.html
G-DRAGON,CROOKED,6,0,101,157773,754090,Spotify MY Weekly Chart,https://kworb.net/spotify/country/my_weekly_totals.html
JENNIE,Less than a Lover,2,0,13,378557,754086,Spotify MY Weekly Chart,https://kworb.net/spotify/country/my_weekly_totals.html
BTS,Not Today,17,0,43,84878,754046,Spotify MY Weekly Chart,https://kworb.net/spotify/country/my_weekly_totals.html
Axwell /\ Ingrosso,Dreamer,14,0,52,80456,752704,Spotify MY Weekly Chart,https://kworb.net/spotify/country/my_weekly_totals.html
Maroon 5,Nobody's Love,8,0,26,125977,752548,Spotify MY Weekly Chart,https://kworb.net/spotify/country/my_weekly_totals.html
Shawn Mendes,Teach Me How To Love,10,0,41,110874,752290,Spotify MY Weekly Chart,https://kworb.net/spotify/country/my_weekly_totals.html
Ariana Grande,Daydreamin',9,0,141,92864,751697,Spotify MY Weekly Chart,https://kworb.net/spotify/country/my_weekly_totals.html
ENHYPEN,XO (Only If You Say Yes),5,0,48,202802,750981,Spotify MY Weekly Chart,https://kworb.net/spotify/country/my_weekly_totals.html
Oasis,Wonderwall - Remastered,13,0,85,174426,750652,Spotify MY Weekly Chart,https://kworb.net/spotify/country/my_weekly_totals.html
Ziana Zain,Indah Di Hari Raya,8,0,75,136538,749554,Spotify MY Weekly Chart,https://kworb.net/spotify/country/my_weekly_totals.html
BØRNS,Electric Love,22,0,104,58303,749375,Spotify MY Weekly Chart,https://kworb.net/spotify/country/my_weekly_totals.html
Khalid,Up All Night,9,0,51,106230,749222,Spotify MY Weekly Chart,https://kworb.net/spotify/country/my_weekly_totals.html
Mawi,Kalah Dalam Menang (OST Filem MUNAFIK),36,0,90,28567,748443,Spotify MY Weekly Chart,https://kworb.net/spotify/country/my_weekly_totals.html
Justin Bieber,As I Am,7,0,21,152111,746580,Spotify MY Weekly Chart,https://kworb.net/spotify/country/my_weekly_totals.html
MXZI,MONTAGEM XONADA,6,0,147,130387,745436,Spotify MY Weekly Chart,https://kworb.net/spotify/country/my_weekly_totals.html
Ed Sheeran,Cross Me,10,0,34,120282,742735,Spotify MY Weekly Chart,https://kworb.net/spotify/country/my_weekly_totals.html
Megan Thee Stallion,Savage,10,0,31,117817,741479,Spotify MY Weekly Chart,https://kworb.net/spotify/country/my_weekly_totals.html
NAYEON,ABCD,5,0,67,172019,740482,Spotify MY Weekly Chart,https://kworb.net/spotify/country/my_weekly_totals.html
Ali Gatie,Running On My Mind,11,0,53,86913,740234,Spotify MY Weekly Chart,https://kworb.net/spotify/country/my_weekly_totals.html
MEDUZA,Lose Control,15,0,124,61367,739937,Spotify MY Weekly Chart,https://kworb.net/spotify/country/my_weekly_totals.html
Stray Kids,Back Door,11,0,32,112569,739910,Spotify MY Weekly Chart,https://kworb.net/spotify/country/my_weekly_totals.html
ANGGA DERMAWAN,DOLA,5,0,60,183008,739391,Spotify MY Weekly Chart,https://kworb.net/spotify/country/my_weekly_totals.html
Paul Partohap,P.S. I LOVE YOU,11,0,123,72137,736283,Spotify MY Weekly Chart,https://kworb.net/spotify/country/my_weekly_totals.html
大籽,白月光与朱砂痣,14,0,103,57681,736128,Spotify MY Weekly Chart,https://kworb.net/spotify/country/my_weekly_totals.html
Dayang Nurfaizah,Lelaki Teragung,20,0,52,134539,735881,Spotify MY Weekly Chart,https://kworb.net/spotify/country/my_weekly_totals.html
Adele,Water Under the Bridge,25,0,69,46177,735364,Spotify MY Weekly Chart,https://kworb.net/spotify/country/my_weekly_totals.html
Bazzi,Renee's Song,7,0,21,157987,735016,Spotify MY Weekly Chart,https://kworb.net/spotify/country/my_weekly_totals.html
Ernie Zakri,Boneka,15,0,124,54816,734031,Spotify MY Weekly Chart,https://kworb.net/spotify/country/my_weekly_totals.html
Tate McRae,r u ok,12,0,59,77874,734027,Spotify MY Weekly Chart,https://kworb.net/spotify/country/my_weekly_totals.html
Nick Jonas,Find You,12,0,55,71912,733251,Spotify MY Weekly Chart,https://kworb.net/spotify/country/my_weekly_totals.html
Taylor Swift,You Belong With Me (Taylor’s Version),7,0,59,137177,729657,Spotify MY Weekly Chart,https://kworb.net/spotify/country/my_weekly_totals.html
Khalid,Outta My Head,7,0,21,155803,729631,Spotify MY Weekly Chart,https://kworb.net/spotify/country/my_weekly_totals.html
SEVENTEEN,_WORLD,9,0,50,122079,729477,Spotify MY Weekly Chart,https://kworb.net/spotify/country/my_weekly_totals.html
Zara Larsson,I Would Like,15,0,42,75559,729318,Spotify MY Weekly Chart,https://kworb.net/spotify/country/my_weekly_totals.html
Altimet,Bunga,20,0,123,41780,729221,Spotify MY Weekly Chart,https://kworb.net/spotify/country/my_weekly_totals.html
Sasha Alex Sloan,Older,16,0,140,54905,728142,Spotify MY Weekly Chart,https://kworb.net/spotify/country/my_weekly_totals.html
Issam Alnajjar,Hadal Ahbek,10,0,41,96162,728100,Spotify MY Weekly Chart,https://kworb.net/spotify/country/my_weekly_totals.html
LAUV,Drugs & The Internet,8,0,30,125543,727705,Spotify MY Weekly Chart,https://kworb.net/spotify/country/my_weekly_totals.html
Joji,Run,7,0,17,208490,727681,Spotify MY Weekly Chart,https://kworb.net/spotify/country/my_weekly_totals.html
j-hope,MONA LISA,5,0,83,175824,727341,Spotify MY Weekly Chart,https://kworb.net/spotify/country/my_weekly_totals.html
Ariana Grande,motive,13,0,36,122895,727261,Spotify MY Weekly Chart,https://kworb.net/spotify/country/my_weekly_totals.html
Iggy Azalea,Fancy,45,9,5,25708,726000,Spotify MY Weekly Chart,https://kworb.net/spotify/country/my_weekly_totals.html
Lupe Fiasco,Battle Scars,11,0,56,92000,725724,Spotify MY Weekly Chart,https://kworb.net/spotify/country/my_weekly_totals.html
Metro Boomin,"Am I Dreaming (Metro Boomin & A$AP Rocky, Roisee)",5,0,58,179477,725489,Spotify MY Weekly Chart,https://kworb.net/spotify/country/my_weekly_totals.html
KAI,Mmmh,14,0,110,56603,723589,Spotify MY Weekly Chart,https://kworb.net/spotify/country/my_weekly_totals.html
BTS,Anpanman,12,0,20,137206,722779,Spotify MY Weekly Chart,https://kworb.net/spotify/country/my_weekly_totals.html
Dayang Nurfaizah,Senyum Gugur Di Penghujung Doa,4,0,68,237892,722246,Spotify MY Weekly Chart,https://kworb.net/spotify/country/my_weekly_totals.html
Aina Abdul,Berkunjung Di Hari Raya,4,0,72,213171,721950,Spotify MY Weekly Chart,https://kworb.net/spotify/country/my_weekly_totals.html
Jin,Yours,8,0,40,140701,721440,Spotify MY Weekly Chart,https://kworb.net/spotify/country/my_weekly_totals.html
Witt Lowry,Into Your Arms,14,0,105,56866,717924,Spotify MY Weekly Chart,https://kworb.net/spotify/country/my_weekly_totals.html
Raffa Affar,Hal Hebat,11,0,104,75016,716253,Spotify MY Weekly Chart,https://kworb.net/spotify/country/my_weekly_totals.html
Olivia Rodrigo,"1 step forward, 3 steps back",10,0,31,143771,716246,Spotify MY Weekly Chart,https://kworb.net/spotify/country/my_weekly_totals.html
Marshmello,One Thing Right,9,0,47,110652,715507,Spotify MY Weekly Chart,https://kworb.net/spotify/country/my_weekly_totals.html
Niall Horan,Nice To Meet Ya,12,0,81,73984,715295,Spotify MY Weekly Chart,https://kworb.net/spotify/country/my_weekly_totals.html
Agust D,Daechwita,9,1,10,173684,714121,Spotify MY Weekly Chart,https://kworb.net/spotify/country/my_weekly_totals.html
Faizal Tahir,Sejati - Remastered,26,0,97,36863,713589,Spotify MY Weekly Chart,https://kworb.net/spotify/country/my_weekly_totals.html
Eminem,Houdini,5,0,49,201415,713089,Spotify MY Weekly Chart,https://kworb.net/spotify/country/my_weekly_totals.html
Halsey,Nightmare,8,0,23,141927,712895,Spotify MY Weekly Chart,https://kworb.net/spotify/country/my_weekly_totals.html
Metro Boomin,"Annihilate (Spider-Man: Across the Spider-Verse) (Metro Boomin & Swae Lee, Lil Wayne, Offset)",5,0,57,181183,711952,Spotify MY Weekly Chart,https://kworb.net/spotify/country/my_weekly_totals.html
K/DA,THE BADDEST,9,0,23,129962,711629,Spotify MY Weekly Chart,https://kworb.net/spotify/country/my_weekly_totals.html
Taylor Swift,The Man,8,0,15,192621,710767,Spotify MY Weekly Chart,https://kworb.net/spotify/country/my_weekly_totals.html
Katy Perry,Dark Horse,67,16,2,20127,710505,Spotify MY Weekly Chart,https://kworb.net/spotify/country/my_weekly_totals.html
Mac Miller,Cinderella,4,0,54,217687,710308,Spotify MY Weekly Chart,https://kworb.net/spotify/country/my_weekly_totals.html
Aina Abdul,Terus Hidup,7,0,86,124279,709763,Spotify MY Weekly Chart,https://kworb.net/spotify/country/my_weekly_totals.html
Hugh Jackman,The Other Side,12,0,38,95882,709584,Spotify MY Weekly Chart,https://kworb.net/spotify/country/my_weekly_totals.html
Michael Jackson,Chicago,5,0,113,155799,709271,Spotify MY Weekly Chart,https://kworb.net/spotify/country/my_weekly_totals.html
Conan Gray,Astronomy,12,0,56,75576,707947,Spotify MY Weekly Chart,https://kworb.net/spotify/country/my_weekly_totals.html
SEVENTEEN,"LOVE, MONEY, FAME",4,0,31,263527,707851,Spotify MY Weekly Chart,https://kworb.net/spotify/country/my_weekly_totals.html
Taylor Swift,End Game,16,0,54,80739,706952,Spotify MY Weekly Chart,https://kworb.net/spotify/country/my_weekly_totals.html
Zack Tabudlo,Give Me Your Forever,12,0,99,73894,705577,Spotify MY Weekly Chart,https://kworb.net/spotify/country/my_weekly_totals.html
G.E.M.,句號,13,0,103,65550,705309,Spotify MY Weekly Chart,https://kworb.net/spotify/country/my_weekly_totals.html
Disney,Zoo,5,0,137,148190,704073,Spotify MY Weekly Chart,https://kworb.net/spotify/country/my_weekly_totals.html
Tove Lo,Habits (Stay High),42,4,8,42810,703223,Spotify MY Weekly Chart,https://kworb.net/spotify/country/my_weekly_totals.html
Sai Abhyankkar,Aasa Kooda,5,0,64,175591,700894,Spotify MY Weekly Chart,https://kworb.net/spotify/country/my_weekly_totals.html
Sixpence None The Richer,Kiss Me,51,0,100,17094,700601,Spotify MY Weekly Chart,https://kworb.net/spotify/country/my_weekly_totals.html
Amir Masdi,Nurcinta,6,0,121,128252,700231,Spotify MY Weekly Chart,https://kworb.net/spotify/country/my_weekly_totals.html
Unic,Qunut Nazilah,6,0,101,132326,700002,Spotify MY Weekly Chart,https://kworb.net/spotify/country/my_weekly_totals.html
SuperM,Jopping,9,0,30,165858,699691,Spotify MY Weekly Chart,https://kworb.net/spotify/country/my_weekly_totals.html
ITZY,ICY,11,0,45,110309,698948,Spotify MY Weekly Chart,https://kworb.net/spotify/country/my_weekly_totals.html
Zedd,Beautiful Now,45,0,26,41934,698264,Spotify MY Weekly Chart,https://kworb.net/spotify/country/my_weekly_totals.html
Jung Seung Hwan,Day & Night,13,0,103,68507,697568,Spotify MY Weekly Chart,https://kworb.net/spotify/country/my_weekly_totals.html
Anjulie,Where The Love Goes,18,0,93,46268,697270,Spotify MY Weekly Chart,https://kworb.net/spotify/country/my_weekly_totals.html
Siti Nordiana,Hari Ini Hari Raya,7,0,66,121174,696569,Spotify MY Weekly Chart,https://kworb.net/spotify/country/my_weekly_totals.html
BTS,Friends,9,0,24,207026,696330,Spotify MY Weekly Chart,https://kworb.net/spotify/country/my_weekly_totals.html
IVE,REBEL HEART,5,0,85,169491,695941,Spotify MY Weekly Chart,https://kworb.net/spotify/country/my_weekly_totals.html
Ava Max,Who's Laughing Now,10,0,58,84226,695592,Spotify MY Weekly Chart,https://kworb.net/spotify/country/my_weekly_totals.html
3P,南北大道,4,0,41,248886,695137,Spotify MY Weekly Chart,https://kworb.net/spotify/country/my_weekly_totals.html
J. Cole,MIDDLE CHILD,10,0,32,100333,694814,Spotify MY Weekly Chart,https://kworb.net/spotify/country/my_weekly_totals.html
Janna Nick,Mungkin Saja,30,0,69,35081,693173,Spotify MY Weekly Chart,https://kworb.net/spotify/country/my_weekly_totals.html
BLACKPINK,Champion,3,0,14,334855,691624,Spotify MY Weekly Chart,https://kworb.net/spotify/country/my_weekly_totals.html
Ideal Sisters,Hari Raya Hari Bahagia,7,0,79,133045,689945,Spotify MY Weekly Chart,https://kworb.net/spotify/country/my_weekly_totals.html
Alicia Keys,If I Ain't Got You,12,0,128,122962,688973,Spotify MY Weekly Chart,https://kworb.net/spotify/country/my_weekly_totals.html
NCT U,90's Love,12,0,66,85308,688948,Spotify MY Weekly Chart,https://kworb.net/spotify/country/my_weekly_totals.html
Cashmere Cat,Quit,11,0,29,108155,686257,Spotify MY Weekly Chart,https://kworb.net/spotify/country/my_weekly_totals.html
Halsey,New Americana,31,0,34,37749,685752,Spotify MY Weekly Chart,https://kworb.net/spotify/country/my_weekly_totals.html
ZAYN,Still Got Time,11,0,30,93306,685353,Spotify MY Weekly Chart,https://kworb.net/spotify/country/my_weekly_totals.html
Maroon 5,Priceless,4,0,42,209483,684992,Spotify MY Weekly Chart,https://kworb.net/spotify/country/my_weekly_totals.html
Little Mix,Black Magic,30,0,21,49184,684630,Spotify MY Weekly Chart,https://kworb.net/spotify/country/my_weekly_totals.html
Sheppard,Geronimo,42,0,14,33572,684108,Spotify MY Weekly Chart,https://kworb.net/spotify/country/my_weekly_totals.html
KYLE,iSpy,17,0,72,53456,683716,Spotify MY Weekly Chart,https://kworb.net/spotify/country/my_weekly_totals.html
KATSEYE,PINKY UP,4,0,67,207435,683499,Spotify MY Weekly Chart,https://kworb.net/spotify/country/my_weekly_totals.html
SUNMI,Siren,13,0,50,80424,681316,Spotify MY Weekly Chart,https://kworb.net/spotify/country/my_weekly_totals.html
Bernadya,Lama-Lama,6,0,117,132288,681156,Spotify MY Weekly Chart,https://kworb.net/spotify/country/my_weekly_totals.html
Dua Lipa,"Swan Song (From the Motion Picture ""Alita: Battle Angel"")",7,0,29,119473,680662,Spotify MY Weekly Chart,https://kworb.net/spotify/country/my_weekly_totals.html
Sia,Audio,12,0,57,74771,677875,Spotify MY Weekly Chart,https://kworb.net/spotify/country/my_weekly_totals.html
LANY,heart won't let me,11,0,48,100727,677585,Spotify MY Weekly Chart,https://kworb.net/spotify/country/my_weekly_totals.html
Ungu,Cinta Dalam Hati,11,0,35,109504,675825,Spotify MY Weekly Chart,https://kworb.net/spotify/country/my_weekly_totals.html
SZA,Blind,7,0,65,140828,675518,Spotify MY Weekly Chart,https://kworb.net/spotify/country/my_weekly_totals.html
Red Velvet,피카부 Peek-A-Boo,18,0,69,59426,675379,Spotify MY Weekly Chart,https://kworb.net/spotify/country/my_weekly_totals.html
Aiman Tino,Permata Cinta,20,0,73,42720,674773,Spotify MY Weekly Chart,https://kworb.net/spotify/country/my_weekly_totals.html
Sabrina Carpenter,Why,14,0,66,59577,674391,Spotify MY Weekly Chart,https://kworb.net/spotify/country/my_weekly_totals.html
Jeremy Zucker,all the kids are depressed,15,0,101,50490,673167,Spotify MY Weekly Chart,https://kworb.net/spotify/country/my_weekly_totals.html
Miley Cyrus,Malibu,10,0,24,121977,671917,Spotify MY Weekly Chart,https://kworb.net/spotify/country/my_weekly_totals.html
iKON,I’M OK,9,0,19,140008,671350,Spotify MY Weekly Chart,https://kworb.net/spotify/country/my_weekly_totals.html
Conan Gray,People Watching,9,0,47,99958,671322,Spotify MY Weekly Chart,https://kworb.net/spotify/country/my_weekly_totals.html
j-hope,on the street,5,0,52,173564,669206,Spotify MY Weekly Chart,https://kworb.net/spotify/country/my_weekly_totals.html
Calvin Harris,Rollin,14,0,47,70979,668565,Spotify MY Weekly Chart,https://kworb.net/spotify/country/my_weekly_totals.html
Taylor Swift,Vigilante Shit,4,0,22,282504,667724,Spotify MY Weekly Chart,https://kworb.net/spotify/country/my_weekly_totals.html
Najwa Latif,Aku,6,0,160,116854,666606,Spotify MY Weekly Chart,https://kworb.net/spotify/country/my_weekly_totals.html
Regard,You,10,0,42,95933,664397,Spotify MY Weekly Chart,https://kworb.net/spotify/country/my_weekly_totals.html
.Feast,Tarot,6,0,144,122821,663889,Spotify MY Weekly Chart,https://kworb.net/spotify/country/my_weekly_totals.html
Crying City,Urn,5,0,49,172799,663370,Spotify MY Weekly Chart,https://kworb.net/spotify/country/my_weekly_totals.html
EVERGLOW,Adios,9,0,31,125275,661916,Spotify MY Weekly Chart,https://kworb.net/spotify/country/my_weekly_totals.html
Top Barry,一半一半,5,0,149,140516,661169,Spotify MY Weekly Chart,https://kworb.net/spotify/country/my_weekly_totals.html
Hearts2Hearts,The Chase,6,0,143,116669,660662,Spotify MY Weekly Chart,https://kworb.net/spotify/country/my_weekly_totals.html
BTS,Louder than bombs,8,0,22,214023,660345,Spotify MY Weekly Chart,https://kworb.net/spotify/country/my_weekly_totals.html
MeloMance,"Love, Maybe",6,0,127,133269,659966,Spotify MY Weekly Chart,https://kworb.net/spotify/country/my_weekly_totals.html
Imagine Dragons,Radioactive,82,21,2,16767,659247,Spotify MY Weekly Chart,https://kworb.net/spotify/country/my_weekly_totals.html
Lorde,Team,59,17,3,24635,658531,Spotify MY Weekly Chart,https://kworb.net/spotify/country/my_weekly_totals.html
Hael Husaini,Suara Lebaran Kita,4,0,66,201459,658412,Spotify MY Weekly Chart,https://kworb.net/spotify/country/my_weekly_totals.html
Lost Kings,First Love,18,0,111,42396,658011,Spotify MY Weekly Chart,https://kworb.net/spotify/country/my_weekly_totals.html
mgk,Home,10,0,46,81674,657945,Spotify MY Weekly Chart,https://kworb.net/spotify/country/my_weekly_totals.html
Taylor Swift,Enchanted (Taylor's Version),5,0,34,235660,657558,Spotify MY Weekly Chart,https://kworb.net/spotify/country/my_weekly_totals.html
Pitbull,Timber,56,19,2,18172,656473,Spotify MY Weekly Chart,https://kworb.net/spotify/country/my_weekly_totals.html
Meghan Trainor,Dear Future Husband,36,0,12,42945,656016,Spotify MY Weekly Chart,https://kworb.net/spotify/country/my_weekly_totals.html
The Weeknd,Sacrifice,6,0,24,176242,654497,Spotify MY Weekly Chart,https://kworb.net/spotify/country/my_weekly_totals.html
Post Malone,Candy Paint,14,0,54,77017,654381,Spotify MY Weekly Chart,https://kworb.net/spotify/country/my_weekly_totals.html
MOMOLAND,BAAM,14,0,60,68148,653683,Spotify MY Weekly Chart,https://kworb.net/spotify/country/my_weekly_totals.html
Zedd,I Want You To Know,31,1,9,45069,653086,Spotify MY Weekly Chart,https://kworb.net/spotify/country/my_weekly_totals.html
Charli xcx,1999,9,0,38,90892,652489,Spotify MY Weekly Chart,https://kworb.net/spotify/country/my_weekly_totals.html
Kygo,Happy Now,11,0,46,86032,652456,Spotify MY Weekly Chart,https://kworb.net/spotify/country/my_weekly_totals.html
G.E.M.,倒數,16,0,123,44944,651590,Spotify MY Weekly Chart,https://kworb.net/spotify/country/my_weekly_totals.html
Joker Xue,演员,26,0,102,31388,651085,Spotify MY Weekly Chart,https://kworb.net/spotify/country/my_weekly_totals.html
Drake,Fair Trade,7,0,28,148648,650942,Spotify MY Weekly Chart,https://kworb.net/spotify/country/my_weekly_totals.html
Drake,Nonstop,12,0,28,108498,649101,Spotify MY Weekly Chart,https://kworb.net/spotify/country/my_weekly_totals.html
Øneheart,snowfall,8,0,151,96945,648991,Spotify MY Weekly Chart,https://kworb.net/spotify/country/my_weekly_totals.html
LEEHI,NO ONE,9,0,41,108119,648528,Spotify MY Weekly Chart,https://kworb.net/spotify/country/my_weekly_totals.html
Rixton,Me And My Broken Heart,43,1,10,26900,648226,Spotify MY Weekly Chart,https://kworb.net/spotify/country/my_weekly_totals.html
BSS,The Reasons of My Smiles,5,0,88,149170,647965,Spotify MY Weekly Chart,https://kworb.net/spotify/country/my_weekly_totals.html
Talitha.,Okay,26,0,88,31251,647457,Spotify MY Weekly Chart,https://kworb.net/spotify/country/my_weekly_totals.html
ENHYPEN,Sweet Venom,5,0,66,153385,647411,Spotify MY Weekly Chart,https://kworb.net/spotify/country/my_weekly_totals.html
Neeta,Hanya Mimpi,14,0,158,49654,645304,Spotify MY Weekly Chart,https://kworb.net/spotify/country/my_weekly_totals.html
KATSEYE,Gameboy,4,0,64,188618,645260,Spotify MY Weekly Chart,https://kworb.net/spotify/country/my_weekly_totals.html
Ed Sheeran,Overpass Graffiti,7,0,46,133837,645137,Spotify MY Weekly Chart,https://kworb.net/spotify/country/my_weekly_totals.html
Peterpan,Menghapus Jejakmu,8,0,116,98269,644804,Spotify MY Weekly Chart,https://kworb.net/spotify/country/my_weekly_totals.html
BLACKPINK,THE GIRLS - BLACKPINK THE GAME OST,5,0,52,186954,644429,Spotify MY Weekly Chart,https://kworb.net/spotify/country/my_weekly_totals.html
LE SSERAFIM,BOOMPALA,4,0,63,194135,644345,Spotify MY Weekly Chart,https://kworb.net/spotify/country/my_weekly_totals.html
Wany Hasrita,Terlalu Memuja,10,0,130,149337,643559,Spotify MY Weekly Chart,https://kworb.net/spotify/country/my_weekly_totals.html
Nick Jonas,Jealous,28,0,13,31809,642247,Spotify MY Weekly Chart,https://kworb.net/spotify/country/my_weekly_totals.html
88rising,Walking,8,0,54,98813,640898,Spotify MY Weekly Chart,https://kworb.net/spotify/country/my_weekly_totals.html
GUMMY,You Are My Everything,26,0,55,42747,640756,Spotify MY Weekly Chart,https://kworb.net/spotify/country/my_weekly_totals.html
Atmosfera,Tak Tau Malu,18,0,125,41189,639541,Spotify MY Weekly Chart,https://kworb.net/spotify/country/my_weekly_totals.html
BTS,Best Of Me,11,0,26,127006,639018,Spotify MY Weekly Chart,https://kworb.net/spotify/country/my_weekly_totals.html
G-Eazy,Sober,9,0,32,96837,638713,Spotify MY Weekly Chart,https://kworb.net/spotify/country/my_weekly_totals.html
Juice WRLD,Girl Of My Dreams,7,0,32,152977,637711,Spotify MY Weekly Chart,https://kworb.net/spotify/country/my_weekly_totals.html
Beach House,Space Song,7,0,113,109910,637632,Spotify MY Weekly Chart,https://kworb.net/spotify/country/my_weekly_totals.html
Mike Perry,Hands,14,0,70,53057,637321,Spotify MY Weekly Chart,https://kworb.net/spotify/country/my_weekly_totals.html
K-Clique,Merais,10,0,76,73984,636659,Spotify MY Weekly Chart,https://kworb.net/spotify/country/my_weekly_totals.html
Mark Ronson,Nothing Breaks Like a Heart,12,0,84,60305,636466,Spotify MY Weekly Chart,https://kworb.net/spotify/country/my_weekly_totals.html
Hugh Jackman,From Now On,11,0,42,93363,635685,Spotify MY Weekly Chart,https://kworb.net/spotify/country/my_weekly_totals.html
Faizal Tahir,Bisa Aja,14,0,88,59293,635468,Spotify MY Weekly Chart,https://kworb.net/spotify/country/my_weekly_totals.html
Justin Bieber,The Feeling,22,0,15,77036,634726,Spotify MY Weekly Chart,https://kworb.net/spotify/country/my_weekly_totals.html
Lorde,Royals,58,23,3,32836,634585,Spotify MY Weekly Chart,https://kworb.net/spotify/country/my_weekly_totals.html
JJ Lin,可惜沒如果,56,0,89,33394,633876,Spotify MY Weekly Chart,https://kworb.net/spotify/country/my_weekly_totals.html
1119,你説蛇,3,0,26,281507,633789,Spotify MY Weekly Chart,https://kworb.net/spotify/country/my_weekly_totals.html
ALYPH,PUN BOLEH,14,0,93,52979,632552,Spotify MY Weekly Chart,https://kworb.net/spotify/country/my_weekly_totals.html
no na,rollerblade,4,0,87,172474,632243,Spotify MY Weekly Chart,https://kworb.net/spotify/country/my_weekly_totals.html
Charli xcx,Boys,13,0,59,60904,632241,Spotify MY Weekly Chart,https://kworb.net/spotify/country/my_weekly_totals.html
Joseph Vincent,Can't Take My Eyes Off You,14,0,88,55686,632040,Spotify MY Weekly Chart,https://kworb.net/spotify/country/my_weekly_totals.html
Kiiara,Whippin,10,0,37,83089,631787,Spotify MY Weekly Chart,https://kworb.net/spotify/country/my_weekly_totals.html
TREASURE,HELLO,6,0,46,144645,630912,Spotify MY Weekly Chart,https://kworb.net/spotify/country/my_weekly_totals.html
Lorde,Green Light,9,0,36,103162,630718,Spotify MY Weekly Chart,https://kworb.net/spotify/country/my_weekly_totals.html
Lady Gaga,Bloody Mary,7,0,102,113142,630216,Spotify MY Weekly Chart,https://kworb.net/spotify/country/my_weekly_totals.html
Gracie Abrams,"I miss you, I’m sorry",6,0,162,124967,629446,Spotify MY Weekly Chart,https://kworb.net/spotify/country/my_weekly_totals.html
KATSEYE,Animal,2,0,17,371719,629249,Spotify MY Weekly Chart,https://kworb.net/spotify/country/my_weekly_totals.html
EXO,Obsession,9,0,32,149222,627157,Spotify MY Weekly Chart,https://kworb.net/spotify/country/my_weekly_totals.html
Jonas Brothers,Cool,9,0,48,91214,627089,Spotify MY Weekly Chart,https://kworb.net/spotify/country/my_weekly_totals.html
i-dle,HANN (Alone),11,0,42,84385,626642,Spotify MY Weekly Chart,https://kworb.net/spotify/country/my_weekly_totals.html
K/DA,MORE,7,0,26,144558,626399,Spotify MY Weekly Chart,https://kworb.net/spotify/country/my_weekly_totals.html
5 Seconds of Summer,Want You Back,8,0,33,103987,626001,Spotify MY Weekly Chart,https://kworb.net/spotify/country/my_weekly_totals.html
NIKI,Oceans & Engines,9,0,72,93902,625452,Spotify MY Weekly Chart,https://kworb.net/spotify/country/my_weekly_totals.html
Lil J,IMSO,11,0,96,68131,625416,Spotify MY Weekly Chart,https://kworb.net/spotify/country/my_weekly_totals.html
Lilly Wood and The Prick,Prayer in C - Robin Schulz Radio Edit,42,0,18,28874,625227,Spotify MY Weekly Chart,https://kworb.net/spotify/country/my_weekly_totals.html
Michelle Williams,Tightrope,11,0,44,87077,624796,Spotify MY Weekly Chart,https://kworb.net/spotify/country/my_weekly_totals.html
ROSÉ,gameboy,3,0,31,297485,624680,Spotify MY Weekly Chart,https://kworb.net/spotify/country/my_weekly_totals.html
Redfoo,New Thang,33,0,20,44893,624215,Spotify MY Weekly Chart,https://kworb.net/spotify/country/my_weekly_totals.html
Drake,Way 2 Sexy,9,0,47,106794,623491,Spotify MY Weekly Chart,https://kworb.net/spotify/country/my_weekly_totals.html
Marshmello,OK Not To Be OK,10,0,70,72133,621918,Spotify MY Weekly Chart,https://kworb.net/spotify/country/my_weekly_totals.html
EXO,Ko Ko Bop,14,0,34,103825,621579,Spotify MY Weekly Chart,https://kworb.net/spotify/country/my_weekly_totals.html
Taylor Swift,Father Figure,3,0,20,298149,620105,Spotify MY Weekly Chart,https://kworb.net/spotify/country/my_weekly_totals.html
Akim And The Majistret,Mewangi,66,0,87,13910,619140,Spotify MY Weekly Chart,https://kworb.net/spotify/country/my_weekly_totals.html
Ara (AF 2016),Warkah Untukku,10,0,51,74338,618385,Spotify MY Weekly Chart,https://kworb.net/spotify/country/my_weekly_totals.html
XG,WOKE UP,5,0,101,148207,618147,Spotify MY Weekly Chart,https://kworb.net/spotify/country/my_weekly_totals.html
SEVENTEEN,F*ck My Life,5,0,62,159567,617677,Spotify MY Weekly Chart,https://kworb.net/spotify/country/my_weekly_totals.html
Rachel Platten,Stand By You,32,0,59,25194,617554,Spotify MY Weekly Chart,https://kworb.net/spotify/country/my_weekly_totals.html
CJ,Whoopty,11,0,88,64099,617548,Spotify MY Weekly Chart,https://kworb.net/spotify/country/my_weekly_totals.html
Shawn Mendes,Summer of Love (Shawn Mendes & Tainy),8,0,55,96265,617314,Spotify MY Weekly Chart,https://kworb.net/spotify/country/my_weekly_totals.html
SZA,30 For 30,5,0,110,135642,616499,Spotify MY Weekly Chart,https://kworb.net/spotify/country/my_weekly_totals.html
Myles Smith,Stargazing,6,0,168,104951,616287,Spotify MY Weekly Chart,https://kworb.net/spotify/country/my_weekly_totals.html
i-dle,LATATA,15,0,86,51347,615513,Spotify MY Weekly Chart,https://kworb.net/spotify/country/my_weekly_totals.html
Polo G,RAPSTAR,11,0,68,74177,614964,Spotify MY Weekly Chart,https://kworb.net/spotify/country/my_weekly_totals.html
blackbear,me & ur ghost,9,0,75,82114,614491,Spotify MY Weekly Chart,https://kworb.net/spotify/country/my_weekly_totals.html
HONNE,no song without you,9,0,56,93163,614443,Spotify MY Weekly Chart,https://kworb.net/spotify/country/my_weekly_totals.html
Eminem,Venom - Music From The Motion Picture,10,0,28,103356,614051,Spotify MY Weekly Chart,https://kworb.net/spotify/country/my_weekly_totals.html
The Weeknd,In The Night,17,0,34,49819,613254,Spotify MY Weekly Chart,https://kworb.net/spotify/country/my_weekly_totals.html
ROSÉ,stay a little longer,3,0,29,305350,612539,Spotify MY Weekly Chart,https://kworb.net/spotify/country/my_weekly_totals.html
Taylor Swift,Now That We Don't Talk (Taylor's Version) (From The Vault),4,0,34,223713,612032,Spotify MY Weekly Chart,https://kworb.net/spotify/country/my_weekly_totals.html
Safiey Illias,Syinta Gila,10,0,47,81423,611984,Spotify MY Weekly Chart,https://kworb.net/spotify/country/my_weekly_totals.html
One Direction,Infinity,21,0,12,71743,610996,Spotify MY Weekly Chart,https://kworb.net/spotify/country/my_weekly_totals.html
Ed Sheeran,Supermarket Flowers,14,0,28,117977,609107,Spotify MY Weekly Chart,https://kworb.net/spotify/country/my_weekly_totals.html
Demi Lovato,Confident,25,0,27,48801,607367,Spotify MY Weekly Chart,https://kworb.net/spotify/country/my_weekly_totals.html
Flume,Say It,24,0,84,28642,607285,Spotify MY Weekly Chart,https://kworb.net/spotify/country/my_weekly_totals.html
Luqman Podolski,Sorang,11,0,102,64085,606705,Spotify MY Weekly Chart,https://kworb.net/spotify/country/my_weekly_totals.html
Andmesh,Nyaman,11,0,105,65315,606309,Spotify MY Weekly Chart,https://kworb.net/spotify/country/my_weekly_totals.html
keshi,WANTCHU,4,0,42,204643,606156,Spotify MY Weekly Chart,https://kworb.net/spotify/country/my_weekly_totals.html
Billie Eilish,Lost Cause,7,0,25,142095,605948,Spotify MY Weekly Chart,https://kworb.net/spotify/country/my_weekly_totals.html
Martin Garrix,Used To Love,10,0,72,77713,605659,Spotify MY Weekly Chart,https://kworb.net/spotify/country/my_weekly_totals.html
Tate McRae,exes,6,0,163,105990,604827,Spotify MY Weekly Chart,https://kworb.net/spotify/country/my_weekly_totals.html
BTS,Magic Shop,10,0,16,146531,603594,Spotify MY Weekly Chart,https://kworb.net/spotify/country/my_weekly_totals.html
音阙诗听,芒种,13,0,165,49005,603135,Spotify MY Weekly Chart,https://kworb.net/spotify/country/my_weekly_totals.html
UMI,wherever u r,5,0,79,138438,602684,Spotify MY Weekly Chart,https://kworb.net/spotify/country/my_weekly_totals.html
Katy Perry,Roar,76,23,1,13404,602556,Spotify MY Weekly Chart,https://kworb.net/spotify/country/my_weekly_totals.html
aespa,Rich Man,4,0,61,182700,601524,Spotify MY Weekly Chart,https://kworb.net/spotify/country/my_weekly_totals.html
Astro Artiste,Happy龙龙Way,4,0,31,241382,600491,Spotify MY Weekly Chart,https://kworb.net/spotify/country/my_weekly_totals.html
Hugh Jackman,Come Alive,11,0,47,87790,599756,Spotify MY Weekly Chart,https://kworb.net/spotify/country/my_weekly_totals.html
Faizal Tahir,Empat Dara 2020,10,0,72,82420,599554,Spotify MY Weekly Chart,https://kworb.net/spotify/country/my_weekly_totals.html
Katy Perry,Daisies,9,0,59,79107,598807,Spotify MY Weekly Chart,https://kworb.net/spotify/country/my_weekly_totals.html
American Authors,Best Day Of My Life,64,0,11,21619,598268,Spotify MY Weekly Chart,https://kworb.net/spotify/country/my_weekly_totals.html
Kenshi Yonezu,KICK BACK,7,0,103,106745,597999,Spotify MY Weekly Chart,https://kworb.net/spotify/country/my_weekly_totals.html
Sam Feldt,Post Malone,9,0,58,93491,597511,Spotify MY Weekly Chart,https://kworb.net/spotify/country/my_weekly_totals.html
Ai Higuchi,Akuma no Ko,9,0,97,79117,596318,Spotify MY Weekly Chart,https://kworb.net/spotify/country/my_weekly_totals.html
Taylor Swift,Labyrinth,4,0,30,251243,595661,Spotify MY Weekly Chart,https://kworb.net/spotify/country/my_weekly_totals.html
Ed Sheeran,Eyes Closed,5,0,68,135134,594900,Spotify MY Weekly Chart,https://kworb.net/spotify/country/my_weekly_totals.html
ENHYPEN,Tamed-Dashed,8,0,51,117056,594651,Spotify MY Weekly Chart,https://kworb.net/spotify/country/my_weekly_totals.html
iKON,Why Why Why,8,0,21,138004,594530,Spotify MY Weekly Chart,https://kworb.net/spotify/country/my_weekly_totals.html
Juice WRLD,Wishing Well,10,0,66,80120,594417,Spotify MY Weekly Chart,https://kworb.net/spotify/country/my_weekly_totals.html
Sam Smith,I’m Ready,8,0,38,101053,594247,Spotify MY Weekly Chart,https://kworb.net/spotify/country/my_weekly_totals.html
Sam Smith,Latch - Acoustic,54,0,42,16136,593348,Spotify MY Weekly Chart,https://kworb.net/spotify/country/my_weekly_totals.html
Taylor Swift,Mr. Perfectly Fine (Taylor’s Version) (From The Vault),7,0,27,127647,593319,Spotify MY Weekly Chart,https://kworb.net/spotify/country/my_weekly_totals.html
Jonas Brothers,Only Human,8,0,52,95202,592576,Spotify MY Weekly Chart,https://kworb.net/spotify/country/my_weekly_totals.html
NCT 127,Sticker,8,0,45,125860,592439,Spotify MY Weekly Chart,https://kworb.net/spotify/country/my_weekly_totals.html
Shoti,LDR - Sped Up,6,0,154,107614,592198,Spotify MY Weekly Chart,https://kworb.net/spotify/country/my_weekly_totals.html
Apink,Dumhdurum,8,0,34,108228,592168,Spotify MY Weekly Chart,https://kworb.net/spotify/country/my_weekly_totals.html
Charlie Puth,That’s Not How This Works,5,0,68,156389,591899,Spotify MY Weekly Chart,https://kworb.net/spotify/country/my_weekly_totals.html
Joji,Gimme Love,7,0,25,136288,591847,Spotify MY Weekly Chart,https://kworb.net/spotify/country/my_weekly_totals.html
TREASURE,BONA BONA,2,0,12,361563,591683,Spotify MY Weekly Chart,https://kworb.net/spotify/country/my_weekly_totals.html
Kanye West,I Love It (& Lil Pump),8,0,26,109119,591641,Spotify MY Weekly Chart,https://kworb.net/spotify/country/my_weekly_totals.html
Ava Max,Salt,13,0,151,50049,591578,Spotify MY Weekly Chart,https://kworb.net/spotify/country/my_weekly_totals.html
GARD WUZGUT,Wonderland,10,0,61,80862,590871,Spotify MY Weekly Chart,https://kworb.net/spotify/country/my_weekly_totals.html
Taylor Swift,Who’s Afraid of Little Old Me?,4,0,43,242319,590711,Spotify MY Weekly Chart,https://kworb.net/spotify/country/my_weekly_totals.html
Joe Flizzow,Sampai Jadi,15,0,86,55950,590658,Spotify MY Weekly Chart,https://kworb.net/spotify/country/my_weekly_totals.html
Post Malone,Goodbyes,12,0,122,53818,590509,Spotify MY Weekly Chart,https://kworb.net/spotify/country/my_weekly_totals.html
LANY,you!,9,0,40,100664,590343,Spotify MY Weekly Chart,https://kworb.net/spotify/country/my_weekly_totals.html
Meghan Trainor,Lips Are Movin,30,3,9,37258,589819,Spotify MY Weekly Chart,https://kworb.net/spotify/country/my_weekly_totals.html
DJ Snake,You Know You Like It,34,0,14,46591,589399,Spotify MY Weekly Chart,https://kworb.net/spotify/country/my_weekly_totals.html
Dato Hattan,Memburu Rindu,4,0,119,152629,586115,Spotify MY Weekly Chart,https://kworb.net/spotify/country/my_weekly_totals.html
Spin,Mengusung Rindu,4,0,120,151822,586083,Spotify MY Weekly Chart,https://kworb.net/spotify/country/my_weekly_totals.html
Katy Perry,Harleys In Hawaii,9,0,63,91403,585915,Spotify MY Weekly Chart,https://kworb.net/spotify/country/my_weekly_totals.html
Elle King,Ex's & Oh's,26,0,32,43123,584377,Spotify MY Weekly Chart,https://kworb.net/spotify/country/my_weekly_totals.html
Fall Out Boy,Centuries,46,0,17,30873,583341,Spotify MY Weekly Chart,https://kworb.net/spotify/country/my_weekly_totals.html
SOYOU,I Miss You,16,0,57,56592,582455,Spotify MY Weekly Chart,https://kworb.net/spotify/country/my_weekly_totals.html
Ed Sheeran,Sing,44,4,7,21967,582071,Spotify MY Weekly Chart,https://kworb.net/spotify/country/my_weekly_totals.html
Tiësto,Ritual,10,0,91,71279,581939,Spotify MY Weekly Chart,https://kworb.net/spotify/country/my_weekly_totals.html
Camila Cabello,Don't Go Yet,8,0,45,103523,581866,Spotify MY Weekly Chart,https://kworb.net/spotify/country/my_weekly_totals.html
Lil Dicky,Earth,6,0,32,117295,581639,Spotify MY Weekly Chart,https://kworb.net/spotify/country/my_weekly_totals.html
LEEHI,HOLO,7,0,22,133061,579209,Spotify MY Weekly Chart,https://kworb.net/spotify/country/my_weekly_totals.html
Ariana Grande,don't wanna break up again,4,0,48,192566,579123,Spotify MY Weekly Chart,https://kworb.net/spotify/country/my_weekly_totals.html
Jay Chou,不愛我就拉倒,11,0,35,103486,576917,Spotify MY Weekly Chart,https://kworb.net/spotify/country/my_weekly_totals.html
Charlie Puth,Dangerously,9,0,81,101423,574381,Spotify MY Weekly Chart,https://kworb.net/spotify/country/my_weekly_totals.html
Iggy Azalea,Black Widow,30,0,12,38218,573523,Spotify MY Weekly Chart,https://kworb.net/spotify/country/my_weekly_totals.html
CORTIS,TNT,4,0,96,164560,573105,Spotify MY Weekly Chart,https://kworb.net/spotify/country/my_weekly_totals.html
Faizal Tahir,Sayang,32,0,86,24860,572665,Spotify MY Weekly Chart,https://kworb.net/spotify/country/my_weekly_totals.html
Billie Eilish,you should see me in a crown,11,0,56,85677,571732,Spotify MY Weekly Chart,https://kworb.net/spotify/country/my_weekly_totals.html
Roddy Ricch,High Fashion,10,0,102,67522,570412,Spotify MY Weekly Chart,https://kworb.net/spotify/country/my_weekly_totals.html
Ariana Grande,Beauty and the Beast,10,0,24,103690,570367,Spotify MY Weekly Chart,https://kworb.net/spotify/country/my_weekly_totals.html
Natalie La Rose,Somebody,27,0,15,34049,570107,Spotify MY Weekly Chart,https://kworb.net/spotify/country/my_weekly_totals.html
Sam Smith,Pray,8,0,26,116057,570093,Spotify MY Weekly Chart,https://kworb.net/spotify/country/my_weekly_totals.html
Taylor Swift,The Life of a Showgirl,3,0,30,263560,569998,Spotify MY Weekly Chart,https://kworb.net/spotify/country/my_weekly_totals.html
Migos,Bad and Boujee,15,0,60,48247,569802,Spotify MY Weekly Chart,https://kworb.net/spotify/country/my_weekly_totals.html
Galantis,Runaway (U & I),49,0,55,20167,569800,Spotify MY Weekly Chart,https://kworb.net/spotify/country/my_weekly_totals.html
BTS,For Youth,4,0,11,255473,569020,Spotify MY Weekly Chart,https://kworb.net/spotify/country/my_weekly_totals.html
Chris Brown,Don't Check On Me,8,0,56,93999,569009,Spotify MY Weekly Chart,https://kworb.net/spotify/country/my_weekly_totals.html
Troye Sivan,Dance To This,11,0,47,85793,568833,Spotify MY Weekly Chart,https://kworb.net/spotify/country/my_weekly_totals.html
Black Eyed Peas,RITMO (Bad Boys For Life),12,0,126,56637,568779,Spotify MY Weekly Chart,https://kworb.net/spotify/country/my_weekly_totals.html
Bernadya,Kata Mereka Ini Berlebihan,5,0,132,126230,568607,Spotify MY Weekly Chart,https://kworb.net/spotify/country/my_weekly_totals.html
Lorde,"Homemade Dynamite (Feat. Khalid, Post Malone & SZA) - REMIX",9,0,47,85911,568411,Spotify MY Weekly Chart,https://kworb.net/spotify/country/my_weekly_totals.html
DOLLA,DAMELO,6,0,158,100096,568293,Spotify MY Weekly Chart,https://kworb.net/spotify/country/my_weekly_totals.html
Kelly Clarkson,Heartbeat Song,33,3,8,43729,567605,Spotify MY Weekly Chart,https://kworb.net/spotify/country/my_weekly_totals.html
TOMORROW X TOGETHER,Do It Like That,5,0,93,137790,567087,Spotify MY Weekly Chart,https://kworb.net/spotify/country/my_weekly_totals.html
Jin,I'll Be There,3,0,48,219047,566876,Spotify MY Weekly Chart,https://kworb.net/spotify/country/my_weekly_totals.html
BTS,No. 29,3,0,59,236433,566328,Spotify MY Weekly Chart,https://kworb.net/spotify/country/my_weekly_totals.html
Rita Ora,Girls,8,0,42,94985,565709,Spotify MY Weekly Chart,https://kworb.net/spotify/country/my_weekly_totals.html
Acha Septriasa,Sampai Menutup Mata,5,0,110,129247,564840,Spotify MY Weekly Chart,https://kworb.net/spotify/country/my_weekly_totals.html
Bruno Mars,Skate,7,0,36,124070,564822,Spotify MY Weekly Chart,https://kworb.net/spotify/country/my_weekly_totals.html
Train,"Hey, Soul Sister",51,0,123,31597,564300,Spotify MY Weekly Chart,https://kworb.net/spotify/country/my_weekly_totals.html
Ippo Hafiz,Saat Bahagia,14,0,157,45974,563823,Spotify MY Weekly Chart,https://kworb.net/spotify/country/my_weekly_totals.html
Jaz,Karma,10,0,70,69536,563765,Spotify MY Weekly Chart,https://kworb.net/spotify/country/my_weekly_totals.html
Yuna,Blank Marquee,8,0,19,151790,563753,Spotify MY Weekly Chart,https://kworb.net/spotify/country/my_weekly_totals.html
Eminem,Love The Way You Lie,4,0,130,149121,562498,Spotify MY Weekly Chart,https://kworb.net/spotify/country/my_weekly_totals.html
Loud Luxury,Body,11,0,71,62029,561916,Spotify MY Weekly Chart,https://kworb.net/spotify/country/my_weekly_totals.html
Deorro,Five More Hours - Deorro x Chris Brown,31,0,23,31690,561459,Spotify MY Weekly Chart,https://kworb.net/spotify/country/my_weekly_totals.html
Ronnie Hussein,Dikoyak Waktu,35,0,82,21168,560680,Spotify MY Weekly Chart,https://kworb.net/spotify/country/my_weekly_totals.html
SAYGRACE,You Don't Own Me,16,0,26,88169,560632,Spotify MY Weekly Chart,https://kworb.net/spotify/country/my_weekly_totals.html
The Kid LAROI,Thousand Miles,7,0,72,94497,560487,Spotify MY Weekly Chart,https://kworb.net/spotify/country/my_weekly_totals.html
Bruno Mars,Marry You,5,0,168,118429,560032,Spotify MY Weekly Chart,https://kworb.net/spotify/country/my_weekly_totals.html
Gryffin,Tie Me Down,13,0,118,49909,559695,Spotify MY Weekly Chart,https://kworb.net/spotify/country/my_weekly_totals.html
IU,Love poem,8,0,49,99835,558814,Spotify MY Weekly Chart,https://kworb.net/spotify/country/my_weekly_totals.html
Azlan & The Typewriter,Jangan Khianati Aku,10,0,67,79071,558665,Spotify MY Weekly Chart,https://kworb.net/spotify/country/my_weekly_totals.html
Ed Sheeran,Best Part of Me,7,0,36,136940,556850,Spotify MY Weekly Chart,https://kworb.net/spotify/country/my_weekly_totals.html
NEIKED,Better Days (NEIKED x Mae Muller x Polo G),9,0,102,70691,556379,Spotify MY Weekly Chart,https://kworb.net/spotify/country/my_weekly_totals.html
Aziz Harun,Jangan,16,0,116,43855,555793,Spotify MY Weekly Chart,https://kworb.net/spotify/country/my_weekly_totals.html
Fetty Wap,679,29,0,38,35113,555707,Spotify MY Weekly Chart,https://kworb.net/spotify/country/my_weekly_totals.html
Khalid,Suncity,6,0,21,121070,554414,Spotify MY Weekly Chart,https://kworb.net/spotify/country/my_weekly_totals.html
Charli xcx,Boom Clap - Soundtrack Version,32,4,7,35039,553772,Spotify MY Weekly Chart,https://kworb.net/spotify/country/my_weekly_totals.html
aespa,Hold On Tight,5,0,70,154978,552824,Spotify MY Weekly Chart,https://kworb.net/spotify/country/my_weekly_totals.html
Taylor Swift,But Daddy I Love Him,3,0,29,294330,552737,Spotify MY Weekly Chart,https://kworb.net/spotify/country/my_weekly_totals.html
Alan Walker,Diamond Heart,9,0,62,72245,552508,Spotify MY Weekly Chart,https://kworb.net/spotify/country/my_weekly_totals.html
IVE,Off The Record,4,0,57,158957,552378,Spotify MY Weekly Chart,https://kworb.net/spotify/country/my_weekly_totals.html
Bruno Mars,Dance With Me,3,0,44,228581,552198,Spotify MY Weekly Chart,https://kworb.net/spotify/country/my_weekly_totals.html
BABYMONSTER,CLIK CLAK,4,0,91,155851,551466,Spotify MY Weekly Chart,https://kworb.net/spotify/country/my_weekly_totals.html
Leroy Styles,Golden Youth,18,0,106,39106,550108,Spotify MY Weekly Chart,https://kworb.net/spotify/country/my_weekly_totals.html
YOON MIRAE,Flower,11,0,137,61135,548642,Spotify MY Weekly Chart,https://kworb.net/spotify/country/my_weekly_totals.html
CHUNG HA,Snapping,9,0,56,94421,548019,Spotify MY Weekly Chart,https://kworb.net/spotify/country/my_weekly_totals.html
Dynoro,In My Mind,11,0,81,57793,547616,Spotify MY Weekly Chart,https://kworb.net/spotify/country/my_weekly_totals.html
BATE,One I Love,10,0,42,84741,547308,Spotify MY Weekly Chart,https://kworb.net/spotify/country/my_weekly_totals.html
The Chainsmokers,High,8,0,92,79131,547105,Spotify MY Weekly Chart,https://kworb.net/spotify/country/my_weekly_totals.html
MASDO,Kecundang,6,0,162,100160,546980,Spotify MY Weekly Chart,https://kworb.net/spotify/country/my_weekly_totals.html
Kendrick Lamar,DNA.,14,0,62,57922,545513,Spotify MY Weekly Chart,https://kworb.net/spotify/country/my_weekly_totals.html
Meghan Trainor,Me Too,22,0,75,35622,545510,Spotify MY Weekly Chart,https://kworb.net/spotify/country/my_weekly_totals.html
Amira Othman,Rasa & Takdir,4,0,75,163719,544352,Spotify MY Weekly Chart,https://kworb.net/spotify/country/my_weekly_totals.html
ATLXS,PASSO BEM SOLTO - Slowed,5,0,154,117552,544171,Spotify MY Weekly Chart,https://kworb.net/spotify/country/my_weekly_totals.html
LAUV,Easy Love,8,0,43,87590,543819,Spotify MY Weekly Chart,https://kworb.net/spotify/country/my_weekly_totals.html
LANY,if this is the last time,8,0,56,89990,543634,Spotify MY Weekly Chart,https://kworb.net/spotify/country/my_weekly_totals.html
Calvin Harris,Giant,11,0,75,62742,543060,Spotify MY Weekly Chart,https://kworb.net/spotify/country/my_weekly_totals.html
David Tao,愛我還是他,5,0,150,113817,541451,Spotify MY Weekly Chart,https://kworb.net/spotify/country/my_weekly_totals.html
Twenty One Pilots,Level of Concern,8,0,34,115477,541008,Spotify MY Weekly Chart,https://kworb.net/spotify/country/my_weekly_totals.html
Drake,Jumpman,33,0,56,23862,540648,Spotify MY Weekly Chart,https://kworb.net/spotify/country/my_weekly_totals.html
TOMORROW X TOGETHER,0X1=LOVESONG (I Know I Love you),3,0,13,223851,540370,Spotify MY Weekly Chart,https://kworb.net/spotify/country/my_weekly_totals.html
郭家瑋,過了幾天 - 合唱版,5,0,168,117467,539418,Spotify MY Weekly Chart,https://kworb.net/spotify/country/my_weekly_totals.html
Exists,Dirantai Digelangi Rindu,4,0,168,140092,538912,Spotify MY Weekly Chart,https://kworb.net/spotify/country/my_weekly_totals.html
Martin Garrix,High On Life,11,0,84,55405,538378,Spotify MY Weekly Chart,https://kworb.net/spotify/country/my_weekly_totals.html
ENHYPEN,Blessed-Cursed,7,0,50,111378,537920,Spotify MY Weekly Chart,https://kworb.net/spotify/country/my_weekly_totals.html
MKTO,Classic,46,0,12,20638,537838,Spotify MY Weekly Chart,https://kworb.net/spotify/country/my_weekly_totals.html
Avicii,The Nights,30,0,28,92361,537739,Spotify MY Weekly Chart,https://kworb.net/spotify/country/my_weekly_totals.html
As'ad Motawh,Senyum,16,0,87,48280,537312,Spotify MY Weekly Chart,https://kworb.net/spotify/country/my_weekly_totals.html
Diplo,Lonely,7,0,65,86185,537200,Spotify MY Weekly Chart,https://kworb.net/spotify/country/my_weekly_totals.html
Arsy Widianto,Masih Hatiku,5,0,161,113388,537193,Spotify MY Weekly Chart,https://kworb.net/spotify/country/my_weekly_totals.html
Kanye West,Hurricane,6,0,34,136334,536726,Spotify MY Weekly Chart,https://kworb.net/spotify/country/my_weekly_totals.html
Lil Peep,Falling Down - Bonus Track,9,0,37,96189,536347,Spotify MY Weekly Chart,https://kworb.net/spotify/country/my_weekly_totals.html
Jung Kook,Hate You,3,0,24,262921,535975,Spotify MY Weekly Chart,https://kworb.net/spotify/country/my_weekly_totals.html
LISA,FXCK UP THE WORLD,3,0,33,235047,535267,Spotify MY Weekly Chart,https://kworb.net/spotify/country/my_weekly_totals.html
JENNIE,start a war,3,0,34,241085,535221,Spotify MY Weekly Chart,https://kworb.net/spotify/country/my_weekly_totals.html
Ariana Grande,needy,7,0,16,165264,534993,Spotify MY Weekly Chart,https://kworb.net/spotify/country/my_weekly_totals.html
Syed Shamim and Tasha Manshahar,Ragu-Ragu,32,0,90,22242,534625,Spotify MY Weekly Chart,https://kworb.net/spotify/country/my_weekly_totals.html
LAUV,Sims,9,0,87,70211,534359,Spotify MY Weekly Chart,https://kworb.net/spotify/country/my_weekly_totals.html
Skylar Grey,Everything I Need - Film Version,8,0,44,96912,533614,Spotify MY Weekly Chart,https://kworb.net/spotify/country/my_weekly_totals.html
mgk,At My Best,10,0,58,62496,533036,Spotify MY Weekly Chart,https://kworb.net/spotify/country/my_weekly_totals.html
Khalil Fong,特別的人,3,0,38,226420,531651,Spotify MY Weekly Chart,https://kworb.net/spotify/country/my_weekly_totals.html
Sakura Band,Polaroid,22,0,101,28453,531101,Spotify MY Weekly Chart,https://kworb.net/spotify/country/my_weekly_totals.html
Post Malone,Chemical,5,0,114,128986,530677,Spotify MY Weekly Chart,https://kworb.net/spotify/country/my_weekly_totals.html
Billie Eilish,NDA,5,0,26,173336,529771,Spotify MY Weekly Chart,https://kworb.net/spotify/country/my_weekly_totals.html
"Tyler, The Creator",EARFQUAKE,7,0,41,109388,528965,Spotify MY Weekly Chart,https://kworb.net/spotify/country/my_weekly_totals.html
NEIKED,Sexual,19,0,71,40142,528712,Spotify MY Weekly Chart,https://kworb.net/spotify/country/my_weekly_totals.html
Dato' Sri Aliff Syukri,Mama Papa Raya,2,0,45,285244,528698,Spotify MY Weekly Chart,https://kworb.net/spotify/country/my_weekly_totals.html
Sai Abhyankkar,Pavazha Malli,4,0,160,139687,528133,Spotify MY Weekly Chart,https://kworb.net/spotify/country/my_weekly_totals.html
3P,YES蛇,3,0,49,230271,527949,Spotify MY Weekly Chart,https://kworb.net/spotify/country/my_weekly_totals.html
KSI,Holiday,7,0,46,105022,527705,Spotify MY Weekly Chart,https://kworb.net/spotify/country/my_weekly_totals.html
Seventeen,Tanpa Pesan Terakhir,5,0,152,114055,527464,Spotify MY Weekly Chart,https://kworb.net/spotify/country/my_weekly_totals.html
郑润泽,瞬,5,0,182,109001,527438,Spotify MY Weekly Chart,https://kworb.net/spotify/country/my_weekly_totals.html
Future,Selfish,14,0,77,48890,527164,Spotify MY Weekly Chart,https://kworb.net/spotify/country/my_weekly_totals.html
MARK,Child,6,0,33,138213,526444,Spotify MY Weekly Chart,https://kworb.net/spotify/country/my_weekly_totals.html
Papinka,Masih Mencintainya,6,0,119,106365,525911,Spotify MY Weekly Chart,https://kworb.net/spotify/country/my_weekly_totals.html
Sakura Band,Melepaskanmu,5,0,187,131690,525677,Spotify MY Weekly Chart,https://kworb.net/spotify/country/my_weekly_totals.html
Jennifer Lopez,On The Floor,4,0,164,134259,524870,Spotify MY Weekly Chart,https://kworb.net/spotify/country/my_weekly_totals.html
Post Malone,Hollywood's Bleeding,7,0,38,116339,524869,Spotify MY Weekly Chart,https://kworb.net/spotify/country/my_weekly_totals.html
Lady Gaga,Million Reasons,20,0,75,38376,524548,Spotify MY Weekly Chart,https://kworb.net/spotify/country/my_weekly_totals.html
Marian Hill,Down,10,0,39,95682,523955,Spotify MY Weekly Chart,https://kworb.net/spotify/country/my_weekly_totals.html
BLACKPINK,Pretty Savage - JP Ver.,10,0,93,66453,523446,Spotify MY Weekly Chart,https://kworb.net/spotify/country/my_weekly_totals.html
Lia Aziz,Kucu Kuca,9,0,76,71097,523059,Spotify MY Weekly Chart,https://kworb.net/spotify/country/my_weekly_totals.html
Jay Chou,還在流浪,5,0,24,169047,523047,Spotify MY Weekly Chart,https://kworb.net/spotify/country/my_weekly_totals.html
Kygo,"Carry On (from the Original Motion Picture ""POKÉMON Detective Pikachu"")",8,0,66,77041,522108,Spotify MY Weekly Chart,https://kworb.net/spotify/country/my_weekly_totals.html
Meghan Trainor,Title,8,0,98,75315,521920,Spotify MY Weekly Chart,https://kworb.net/spotify/country/my_weekly_totals.html
Tiger Hu,你要的全拿走,12,0,135,49349,520720,Spotify MY Weekly Chart,https://kworb.net/spotify/country/my_weekly_totals.html
Chaleeda,Mind Over Matter,14,0,109,43163,520711,Spotify MY Weekly Chart,https://kworb.net/spotify/country/my_weekly_totals.html
ALLDAY PROJECT,FAMOUS,4,0,99,145525,519655,Spotify MY Weekly Chart,https://kworb.net/spotify/country/my_weekly_totals.html
Anne-Marie,Our Song,10,0,84,64505,519637,Spotify MY Weekly Chart,https://kworb.net/spotify/country/my_weekly_totals.html
Zay Hilfigerrr,Juju On That Beat (TZ Anthem),14,0,61,46772,519119,Spotify MY Weekly Chart,https://kworb.net/spotify/country/my_weekly_totals.html
DVBBS,Not Going Home,13,0,54,61309,518829,Spotify MY Weekly Chart,https://kworb.net/spotify/country/my_weekly_totals.html
Tasha Manshahar,Oh No (Feat. Viral),21,0,91,29449,518236,Spotify MY Weekly Chart,https://kworb.net/spotify/country/my_weekly_totals.html
RM,Wild Flower,5,0,60,144104,518066,Spotify MY Weekly Chart,https://kworb.net/spotify/country/my_weekly_totals.html
Trinidad Cardona,Dinero,9,0,70,73846,517959,Spotify MY Weekly Chart,https://kworb.net/spotify/country/my_weekly_totals.html
PSY,DADDY ft. CL of 2NE1,19,0,26,50980,517938,Spotify MY Weekly Chart,https://kworb.net/spotify/country/my_weekly_totals.html
Kina Grannis,Can’t Help Falling in Love,9,0,40,84432,517931,Spotify MY Weekly Chart,https://kworb.net/spotify/country/my_weekly_totals.html
BTS,Butter (Instrumental),6,0,24,166726,517041,Spotify MY Weekly Chart,https://kworb.net/spotify/country/my_weekly_totals.html
88rising,Indigo,9,0,85,72242,516287,Spotify MY Weekly Chart,https://kworb.net/spotify/country/my_weekly_totals.html
CHEN,For You,20,0,84,32698,515865,Spotify MY Weekly Chart,https://kworb.net/spotify/country/my_weekly_totals.html
Robin Schulz,Shed a Light,15,0,67,43990,515679,Spotify MY Weekly Chart,https://kworb.net/spotify/country/my_weekly_totals.html
Ed Sheeran,Visiting Hours,8,0,57,92737,514481,Spotify MY Weekly Chart,https://kworb.net/spotify/country/my_weekly_totals.html
SEVENTEEN,God of Music,4,0,63,164001,514129,Spotify MY Weekly Chart,https://kworb.net/spotify/country/my_weekly_totals.html
Repvblik,Sandiwara Cinta,4,0,157,134527,512662,Spotify MY Weekly Chart,https://kworb.net/spotify/country/my_weekly_totals.html
Bazzi,Young & Alive,9,0,79,75206,512547,Spotify MY Weekly Chart,https://kworb.net/spotify/country/my_weekly_totals.html
DRAM,Broccoli,23,0,108,26529,511365,Spotify MY Weekly Chart,https://kworb.net/spotify/country/my_weekly_totals.html
Agust D,Haegeum,4,0,63,157285,510760,Spotify MY Weekly Chart,https://kworb.net/spotify/country/my_weekly_totals.html
88GLAM,Lil Boat,7,0,64,90323,510465,Spotify MY Weekly Chart,https://kworb.net/spotify/country/my_weekly_totals.html
R3HAB,Lullaby,11,0,67,62684,509690,Spotify MY Weekly Chart,https://kworb.net/spotify/country/my_weekly_totals.html
K-391,Play,7,0,67,83356,509078,Spotify MY Weekly Chart,https://kworb.net/spotify/country/my_weekly_totals.html
Taylor Swift,Say Don't Go (Taylor's Version) (From The Vault),3,0,23,260903,508790,Spotify MY Weekly Chart,https://kworb.net/spotify/country/my_weekly_totals.html
I.O.I,Suddenly,3,0,73,184521,508008,Spotify MY Weekly Chart,https://kworb.net/spotify/country/my_weekly_totals.html
AILEE,I will go to you like the first snow,14,0,58,53969,507283,Spotify MY Weekly Chart,https://kworb.net/spotify/country/my_weekly_totals.html
Zedd,Get Low,10,0,50,77521,506664,Spotify MY Weekly Chart,https://kworb.net/spotify/country/my_weekly_totals.html
6ix9ine,FEFE,9,0,53,76310,506024,Spotify MY Weekly Chart,https://kworb.net/spotify/country/my_weekly_totals.html
BIGBANG,BAE BAE,32,0,24,30857,504124,Spotify MY Weekly Chart,https://kworb.net/spotify/country/my_weekly_totals.html
朱咪咪,爱呀恭喜你,3,0,48,232050,504028,Spotify MY Weekly Chart,https://kworb.net/spotify/country/my_weekly_totals.html
Rachel Liang,那女孩對我說,11,0,172,47590,502475,Spotify MY Weekly Chart,https://kworb.net/spotify/country/my_weekly_totals.html
Kendrick Lamar,euphoria,3,0,47,212879,501913,Spotify MY Weekly Chart,https://kworb.net/spotify/country/my_weekly_totals.html
Amira,Hati Hati,27,0,81,24261,501797,Spotify MY Weekly Chart,https://kworb.net/spotify/country/my_weekly_totals.html
Taylor Swift,loml,3,0,36,258122,501568,Spotify MY Weekly Chart,https://kworb.net/spotify/country/my_weekly_totals.html
G-DRAGON,"Untitled, 2014 - KR Ver.",15,0,51,69545,501316,Spotify MY Weekly Chart,https://kworb.net/spotify/country/my_weekly_totals.html
Daniel Powter,Bad Day,33,0,137,18594,501264,Spotify MY Weekly Chart,https://kworb.net/spotify/country/my_weekly_totals.html
YOASOBI,たぶん,9,0,105,60529,501033,Spotify MY Weekly Chart,https://kworb.net/spotify/country/my_weekly_totals.html
Hez Hazmi,Aku Mula Rindu,16,0,134,34502,500834,Spotify MY Weekly Chart,https://kworb.net/spotify/country/my_weekly_totals.html
5 Seconds of Summer,Amnesia,29,0,13,35064,500085,Spotify MY Weekly Chart,https://kworb.net/spotify/country/my_weekly_totals.html
Matoma,Running Out,24,0,63,28753,499746,Spotify MY Weekly Chart,https://kworb.net/spotify/country/my_weekly_totals.html
ATEEZ,In Your Fantasy,1,1,10,499645,499645,Spotify MY Weekly Chart,https://kworb.net/spotify/country/my_weekly_totals.html
Kaleb J,It's Only Me - Studio Version,10,0,147,59115,499559,Spotify MY Weekly Chart,https://kworb.net/spotify/country/my_weekly_totals.html
Ellie Goulding,Still Falling For You,11,0,49,60073,499542,Spotify MY Weekly Chart,https://kworb.net/spotify/country/my_weekly_totals.html
Offset,Ric Flair Drip,15,0,130,38946,499496,Spotify MY Weekly Chart,https://kworb.net/spotify/country/my_weekly_totals.html
Ed Sheeran,The A Team,57,0,109,30934,499268,Spotify MY Weekly Chart,https://kworb.net/spotify/country/my_weekly_totals.html
JAEHYUN,Try Again,8,0,135,69222,498661,Spotify MY Weekly Chart,https://kworb.net/spotify/country/my_weekly_totals.html
DJ Xen,DJ SO ASU - Pelukan Yang Hangat,3,0,64,197717,498387,Spotify MY Weekly Chart,https://kworb.net/spotify/country/my_weekly_totals.html
Jonas Blue,We Could Go Back,12,0,82,51250,497886,Spotify MY Weekly Chart,https://kworb.net/spotify/country/my_weekly_totals.html
De Fam,Panas,9,0,98,62393,497300,Spotify MY Weekly Chart,https://kworb.net/spotify/country/my_weekly_totals.html
ZICO,New thing (Prod. ZICO) (Feat. Homies),6,0,95,95088,497155,Spotify MY Weekly Chart,https://kworb.net/spotify/country/my_weekly_totals.html
Taylor Swift,"no body, no crime",6,0,32,128220,496556,Spotify MY Weekly Chart,https://kworb.net/spotify/country/my_weekly_totals.html
TOMORROW X TOGETHER,Blue Hour,9,0,80,72611,496486,Spotify MY Weekly Chart,https://kworb.net/spotify/country/my_weekly_totals.html
Noh Salleh,Nirmala,4,0,129,136226,495867,Spotify MY Weekly Chart,https://kworb.net/spotify/country/my_weekly_totals.html
Wallows,Are You Bored Yet?,10,0,127,55141,495212,Spotify MY Weekly Chart,https://kworb.net/spotify/country/my_weekly_totals.html
LANY,I Don't Wanna Love You Anymore,9,0,60,73838,495126,Spotify MY Weekly Chart,https://kworb.net/spotify/country/my_weekly_totals.html
Jimin,Closer Than This,4,0,90,141597,494990,Spotify MY Weekly Chart,https://kworb.net/spotify/country/my_weekly_totals.html
Eric Chou,永不失聯的愛 [原創概念版],16,0,101,39384,493021,Spotify MY Weekly Chart,https://kworb.net/spotify/country/my_weekly_totals.html
Troye Sivan,One Of Your Girls,4,0,52,167790,492968,Spotify MY Weekly Chart,https://kworb.net/spotify/country/my_weekly_totals.html
Young Thug,The London,8,0,83,77376,492862,Spotify MY Weekly Chart,https://kworb.net/spotify/country/my_weekly_totals.html
ATEEZ,Deja Vu,8,0,70,87648,492482,Spotify MY Weekly Chart,https://kworb.net/spotify/country/my_weekly_totals.html
Jay Park,GANADARA (Feat. IU),6,0,49,119188,492046,Spotify MY Weekly Chart,https://kworb.net/spotify/country/my_weekly_totals.html
Tiësto,Wasted,37,4,9,23587,491021,Spotify MY Weekly Chart,https://kworb.net/spotify/country/my_weekly_totals.html
i-dle,Senorita,8,0,52,83756,490803,Spotify MY Weekly Chart,https://kworb.net/spotify/country/my_weekly_totals.html
NCT DREAM,Beatbox,6,0,55,116316,490778,Spotify MY Weekly Chart,https://kworb.net/spotify/country/my_weekly_totals.html
Justin Bieber,Honest,6,0,60,95812,490766,Spotify MY Weekly Chart,https://kworb.net/spotify/country/my_weekly_totals.html
Hez Hazmi,Setiaku,20,0,141,27735,490756,Spotify MY Weekly Chart,https://kworb.net/spotify/country/my_weekly_totals.html
David Guetta,Dangerous,22,0,12,36829,490654,Spotify MY Weekly Chart,https://kworb.net/spotify/country/my_weekly_totals.html
Avicii,Heaven,6,0,39,112818,490077,Spotify MY Weekly Chart,https://kworb.net/spotify/country/my_weekly_totals.html
Vice,Steady 1234,13,0,54,54688,489919,Spotify MY Weekly Chart,https://kworb.net/spotify/country/my_weekly_totals.html
i-dle,HWAA,7,0,39,106508,489712,Spotify MY Weekly Chart,https://kworb.net/spotify/country/my_weekly_totals.html
Ayda Jebat,Pinjamkan Hatiku,14,0,118,40156,489663,Spotify MY Weekly Chart,https://kworb.net/spotify/country/my_weekly_totals.html
Travis Scott,goosebumps,10,0,70,65907,487801,Spotify MY Weekly Chart,https://kworb.net/spotify/country/my_weekly_totals.html
Jason Derulo,If It Ain't Love,16,0,61,38731,487658,Spotify MY Weekly Chart,https://kworb.net/spotify/country/my_weekly_totals.html
BTS,Intro : Persona,5,0,17,197986,487023,Spotify MY Weekly Chart,https://kworb.net/spotify/country/my_weekly_totals.html
Halsey,Bad At Love,15,0,107,39717,486697,Spotify MY Weekly Chart,https://kworb.net/spotify/country/my_weekly_totals.html
NCT DREAM,Life Is Still Going On,10,0,103,59912,486658,Spotify MY Weekly Chart,https://kworb.net/spotify/country/my_weekly_totals.html
Ed Sheeran,Antisocial,5,0,27,154529,486656,Spotify MY Weekly Chart,https://kworb.net/spotify/country/my_weekly_totals.html
Alan Walker,Lost Control,10,0,95,57551,486276,Spotify MY Weekly Chart,https://kworb.net/spotify/country/my_weekly_totals.html
SZA,Power is Power,6,0,46,104446,486268,Spotify MY Weekly Chart,https://kworb.net/spotify/country/my_weekly_totals.html
State of Sound,Wake Up Where You Are,13,0,63,44451,483746,Spotify MY Weekly Chart,https://kworb.net/spotify/country/my_weekly_totals.html
Coldplay,Everglow,26,0,46,32799,483719,Spotify MY Weekly Chart,https://kworb.net/spotify/country/my_weekly_totals.html
Kendrick Lamar,LOVE. FEAT. ZACARI.,14,0,105,41141,483106,Spotify MY Weekly Chart,https://kworb.net/spotify/country/my_weekly_totals.html
Othman Hamzah,Gembira Bersama Di Hari Raya,6,0,96,110489,482946,Spotify MY Weekly Chart,https://kworb.net/spotify/country/my_weekly_totals.html
Taylor Swift,the 1,5,1,7,209144,482869,Spotify MY Weekly Chart,https://kworb.net/spotify/country/my_weekly_totals.html
Ella Henderson,Ghost,32,0,23,24717,482846,Spotify MY Weekly Chart,https://kworb.net/spotify/country/my_weekly_totals.html
Elizabeth Tan,Police Entry,10,0,71,62231,482484,Spotify MY Weekly Chart,https://kworb.net/spotify/country/my_weekly_totals.html
Stray Kids,Christmas EveL,7,0,90,80195,482096,Spotify MY Weekly Chart,https://kworb.net/spotify/country/my_weekly_totals.html
KATSEYE,Internet Girl,3,0,92,177059,481481,Spotify MY Weekly Chart,https://kworb.net/spotify/country/my_weekly_totals.html
Ziva Magnolya,Pilihan Yang Terbaik,6,0,116,98219,480411,Spotify MY Weekly Chart,https://kworb.net/spotify/country/my_weekly_totals.html
A Boogie Wit da Hoodie,Look Back At It,9,0,69,64125,480289,Spotify MY Weekly Chart,https://kworb.net/spotify/country/my_weekly_totals.html
i-dle,Oh my god,7,0,32,124382,480186,Spotify MY Weekly Chart,https://kworb.net/spotify/country/my_weekly_totals.html
ENHYPEN,Given-Taken,10,0,133,60416,480168,Spotify MY Weekly Chart,https://kworb.net/spotify/country/my_weekly_totals.html
j-hope,MORE,4,0,25,170707,479105,Spotify MY Weekly Chart,https://kworb.net/spotify/country/my_weekly_totals.html
Lokman Naufal,Haruman Terindah,5,0,157,98759,478821,Spotify MY Weekly Chart,https://kworb.net/spotify/country/my_weekly_totals.html
Connie Francis,Pretty Little Baby,4,0,124,127451,478702,Spotify MY Weekly Chart,https://kworb.net/spotify/country/my_weekly_totals.html
Khalifah,Hang Pi Mana,22,0,79,31595,477503,Spotify MY Weekly Chart,https://kworb.net/spotify/country/my_weekly_totals.html
Baby Tate,"Hey, Mickey!",5,0,64,136881,477419,Spotify MY Weekly Chart,https://kworb.net/spotify/country/my_weekly_totals.html
EXID,I Love You,9,0,56,78499,476476,Spotify MY Weekly Chart,https://kworb.net/spotify/country/my_weekly_totals.html
Conan Gray,Yours,7,0,118,76357,476329,Spotify MY Weekly Chart,https://kworb.net/spotify/country/my_weekly_totals.html
Conan Gray,Overdrive,8,0,69,71998,476153,Spotify MY Weekly Chart,https://kworb.net/spotify/country/my_weekly_totals.html
Khalil Fong,愛愛愛,3,0,48,208738,475767,Spotify MY Weekly Chart,https://kworb.net/spotify/country/my_weekly_totals.html
6ix9ine,GOOBA,8,0,76,75714,475636,Spotify MY Weekly Chart,https://kworb.net/spotify/country/my_weekly_totals.html
EVERGLOW,Bon Bon Chocolat,8,0,69,75292,475278,Spotify MY Weekly Chart,https://kworb.net/spotify/country/my_weekly_totals.html
Robin Schulz,Headlights,23,0,26,32239,473704,Spotify MY Weekly Chart,https://kworb.net/spotify/country/my_weekly_totals.html
Charlie Puth,I Warned Myself,7,0,63,82512,473364,Spotify MY Weekly Chart,https://kworb.net/spotify/country/my_weekly_totals.html
Elliot James Reay,I Think They Call This Love,4,0,157,126406,472490,Spotify MY Weekly Chart,https://kworb.net/spotify/country/my_weekly_totals.html
Dadilia Band,Jelmaan Rindu,17,0,149,31829,471570,Spotify MY Weekly Chart,https://kworb.net/spotify/country/my_weekly_totals.html
Diplo,Be Right There,30,0,72,21556,471528,Spotify MY Weekly Chart,https://kworb.net/spotify/country/my_weekly_totals.html
SEVENTEEN,Left & Right,7,0,35,129952,471181,Spotify MY Weekly Chart,https://kworb.net/spotify/country/my_weekly_totals.html
SUNMI,pporappippam 보라빛 밤,6,0,37,117978,470881,Spotify MY Weekly Chart,https://kworb.net/spotify/country/my_weekly_totals.html
Camila Cabello,Easy,6,0,58,94599,470506,Spotify MY Weekly Chart,https://kworb.net/spotify/country/my_weekly_totals.html
Joji,YEAH RIGHT,9,0,113,73691,469883,Spotify MY Weekly Chart,https://kworb.net/spotify/country/my_weekly_totals.html
DAVICHI,이 사랑,19,0,63,37224,468938,Spotify MY Weekly Chart,https://kworb.net/spotify/country/my_weekly_totals.html
Intrigue Visio,Macchiato,4,0,79,145473,468471,Spotify MY Weekly Chart,https://kworb.net/spotify/country/my_weekly_totals.html
David Guetta,Dirty Sexy Money,9,0,59,70333,467907,Spotify MY Weekly Chart,https://kworb.net/spotify/country/my_weekly_totals.html
Panic! At The Disco,Into the Unknown - Panic! At The Disco Version,6,0,52,113737,467378,Spotify MY Weekly Chart,https://kworb.net/spotify/country/my_weekly_totals.html
aespa,Dirty Work,3,0,55,198956,466969,Spotify MY Weekly Chart,https://kworb.net/spotify/country/my_weekly_totals.html
Bruno Mars,After Last Night,6,0,172,87607,466711,Spotify MY Weekly Chart,https://kworb.net/spotify/country/my_weekly_totals.html
Fat Papi,FREAKED OUT,3,0,99,165872,466468,Spotify MY Weekly Chart,https://kworb.net/spotify/country/my_weekly_totals.html
Nevada,The Mack,13,0,62,48388,466164,Spotify MY Weekly Chart,https://kworb.net/spotify/country/my_weekly_totals.html
i-dle,Wife,4,0,93,143660,465452,Spotify MY Weekly Chart,https://kworb.net/spotify/country/my_weekly_totals.html
Megan Thee Stallion,Neva Play,3,0,53,184548,465271,Spotify MY Weekly Chart,https://kworb.net/spotify/country/my_weekly_totals.html
Joji,PIXELATED KISSES,3,0,43,223102,465011,Spotify MY Weekly Chart,https://kworb.net/spotify/country/my_weekly_totals.html
Why Don't We,Lotus Inn,7,0,72,83266,464099,Spotify MY Weekly Chart,https://kworb.net/spotify/country/my_weekly_totals.html
Noah,Menunggumu,4,0,179,127858,463710,Spotify MY Weekly Chart,https://kworb.net/spotify/country/my_weekly_totals.html
Anirudh Ravichander,"Arabic Kuthu - Halamithi Habibo (From ""Beast"")",7,0,55,104055,462959,Spotify MY Weekly Chart,https://kworb.net/spotify/country/my_weekly_totals.html
Justin Timberlake,Not a Bad Thing,40,6,5,22716,462512,Spotify MY Weekly Chart,https://kworb.net/spotify/country/my_weekly_totals.html
BTS,Inner Child,5,0,32,188046,462362,Spotify MY Weekly Chart,https://kworb.net/spotify/country/my_weekly_totals.html
Fujii Kaze,Matsuri,5,0,117,105814,462008,Spotify MY Weekly Chart,https://kworb.net/spotify/country/my_weekly_totals.html
KAROL G,Tusa,9,0,118,56997,461898,Spotify MY Weekly Chart,https://kworb.net/spotify/country/my_weekly_totals.html
Mad Clown,다시 너를,19,0,59,40196,461146,Spotify MY Weekly Chart,https://kworb.net/spotify/country/my_weekly_totals.html
LANY,good guys,8,0,91,63513,460683,Spotify MY Weekly Chart,https://kworb.net/spotify/country/my_weekly_totals.html
The Weeknd,Party Monster,11,0,25,93586,460336,Spotify MY Weekly Chart,https://kworb.net/spotify/country/my_weekly_totals.html
Billie Eilish,all the good girls go to hell,8,0,42,99936,460229,Spotify MY Weekly Chart,https://kworb.net/spotify/country/my_weekly_totals.html
Lost Frequencies,Are You With Me,33,0,56,18926,460088,Spotify MY Weekly Chart,https://kworb.net/spotify/country/my_weekly_totals.html
Migos,Stir Fry,9,0,73,59240,459444,Spotify MY Weekly Chart,https://kworb.net/spotify/country/my_weekly_totals.html
Skrillex,Purple Lamborghini,14,0,48,63141,459163,Spotify MY Weekly Chart,https://kworb.net/spotify/country/my_weekly_totals.html
Taylor Swift,"I Knew It, I Knew You",3,0,71,181823,458723,Spotify MY Weekly Chart,https://kworb.net/spotify/country/my_weekly_totals.html
Jason Derulo,Goodbye,9,0,66,62180,458524,Spotify MY Weekly Chart,https://kworb.net/spotify/country/my_weekly_totals.html
Martin Garrix,No Sleep,8,0,70,69221,458507,Spotify MY Weekly Chart,https://kworb.net/spotify/country/my_weekly_totals.html
Red Velvet,Power Up,9,0,49,75084,457894,Spotify MY Weekly Chart,https://kworb.net/spotify/country/my_weekly_totals.html
The Rock,Munajat Cinta,6,0,119,83953,457725,Spotify MY Weekly Chart,https://kworb.net/spotify/country/my_weekly_totals.html
Stray Kids,LALALALA,3,0,48,183855,457627,Spotify MY Weekly Chart,https://kworb.net/spotify/country/my_weekly_totals.html
Fara Hezel,Setiaku Pasti,12,0,92,48762,457202,Spotify MY Weekly Chart,https://kworb.net/spotify/country/my_weekly_totals.html
George Ezra,Budapest,46,0,39,20056,457094,Spotify MY Weekly Chart,https://kworb.net/spotify/country/my_weekly_totals.html
5 Seconds of Summer,Old Me,7,0,85,76072,456785,Spotify MY Weekly Chart,https://kworb.net/spotify/country/my_weekly_totals.html
Lady Gaga,I'll Never Love Again - Film Version,9,0,59,70633,456265,Spotify MY Weekly Chart,https://kworb.net/spotify/country/my_weekly_totals.html
Taylor Swift,Wildest Dreams,10,0,124,57784,455272,Spotify MY Weekly Chart,https://kworb.net/spotify/country/my_weekly_totals.html
The Weeknd,Wasted Times,6,0,17,144951,454873,Spotify MY Weekly Chart,https://kworb.net/spotify/country/my_weekly_totals.html
Jess Glynne,I'll Be There,10,0,89,57263,454727,Spotify MY Weekly Chart,https://kworb.net/spotify/country/my_weekly_totals.html
Eleena Harris,Terlalu Rindu,33,0,95,16202,454472,Spotify MY Weekly Chart,https://kworb.net/spotify/country/my_weekly_totals.html
Hearts & Colors,Lighthouse - Andrelli Remix,14,0,62,49850,454245,Spotify MY Weekly Chart,https://kworb.net/spotify/country/my_weekly_totals.html
EVERGLOW,LA DI DA,7,0,46,94183,453989,Spotify MY Weekly Chart,https://kworb.net/spotify/country/my_weekly_totals.html
Olivia Rodrigo,hope ur ok,7,0,47,109876,453839,Spotify MY Weekly Chart,https://kworb.net/spotify/country/my_weekly_totals.html
Taylor Swift,Sweet Nothing,3,0,36,231880,453693,Spotify MY Weekly Chart,https://kworb.net/spotify/country/my_weekly_totals.html
Logic,Everyday,8,0,37,90211,453485,Spotify MY Weekly Chart,https://kworb.net/spotify/country/my_weekly_totals.html
SEVENTEEN,Ready to love,6,0,38,123706,452699,Spotify MY Weekly Chart,https://kworb.net/spotify/country/my_weekly_totals.html
JENNIE,You & Me (Coachella ver.),3,0,27,231806,452314,Spotify MY Weekly Chart,https://kworb.net/spotify/country/my_weekly_totals.html
My Chemical Romance,I'm Not Okay (I Promise),3,0,58,201362,451711,Spotify MY Weekly Chart,https://kworb.net/spotify/country/my_weekly_totals.html
Tate McRae,working,7,0,57,87739,451639,Spotify MY Weekly Chart,https://kworb.net/spotify/country/my_weekly_totals.html
BTS,Intro: Singularity,7,0,28,125040,451330,Spotify MY Weekly Chart,https://kworb.net/spotify/country/my_weekly_totals.html
Lady Gaga,Stupid Love,5,0,43,137888,451033,Spotify MY Weekly Chart,https://kworb.net/spotify/country/my_weekly_totals.html
Miley Cyrus,Wrecking Ball,59,20,4,12712,450839,Spotify MY Weekly Chart,https://kworb.net/spotify/country/my_weekly_totals.html
Chaleeda,Pretty Boy,12,0,117,47295,450748,Spotify MY Weekly Chart,https://kworb.net/spotify/country/my_weekly_totals.html
Taylor Swift,Eldest Daughter,2,0,23,283921,450331,Spotify MY Weekly Chart,https://kworb.net/spotify/country/my_weekly_totals.html
Kehlani,Gangsta,11,0,36,76179,450254,Spotify MY Weekly Chart,https://kworb.net/spotify/country/my_weekly_totals.html
Imagine Dragons,Wrecked,8,0,62,76144,449293,Spotify MY Weekly Chart,https://kworb.net/spotify/country/my_weekly_totals.html
Dato' Sri Siti Nurhaliza,Siapa Tak Mahu,8,0,101,63968,449072,Spotify MY Weekly Chart,https://kworb.net/spotify/country/my_weekly_totals.html
Girls' Generation-Oh!GG,Lil’ Touch,7,0,29,111753,448972,Spotify MY Weekly Chart,https://kworb.net/spotify/country/my_weekly_totals.html
BTS,I'm Fine,8,0,27,116535,448437,Spotify MY Weekly Chart,https://kworb.net/spotify/country/my_weekly_totals.html
Shawn Mendes,Youth,5,0,13,135933,447882,Spotify MY Weekly Chart,https://kworb.net/spotify/country/my_weekly_totals.html
Gareth.T,跟悲傷結了帳,3,0,80,169792,447202,Spotify MY Weekly Chart,https://kworb.net/spotify/country/my_weekly_totals.html
ENHYPEN,Bad Desire (With or Without You),3,0,46,194793,447131,Spotify MY Weekly Chart,https://kworb.net/spotify/country/my_weekly_totals.html
Ruth B.,Dandelions - slowed + reverb,8,0,164,61395,446583,Spotify MY Weekly Chart,https://kworb.net/spotify/country/my_weekly_totals.html
Zara Larsson,TG4M,9,0,59,57651,446579,Spotify MY Weekly Chart,https://kworb.net/spotify/country/my_weekly_totals.html
NewJeans,Zero,4,0,67,159255,446413,Spotify MY Weekly Chart,https://kworb.net/spotify/country/my_weekly_totals.html
Black,Anugerah Terindah,14,0,114,146871,444688,Spotify MY Weekly Chart,https://kworb.net/spotify/country/my_weekly_totals.html
BTS,A Brand New Day (BTS World Original Soundtrack) [Pt. 2],4,0,16,177249,444213,Spotify MY Weekly Chart,https://kworb.net/spotify/country/my_weekly_totals.html
Mike Perry,Stay Young,11,0,75,53844,443293,Spotify MY Weekly Chart,https://kworb.net/spotify/country/my_weekly_totals.html
Tulus,Jatuh Suka,3,0,107,156374,442550,Spotify MY Weekly Chart,https://kworb.net/spotify/country/my_weekly_totals.html
EMIN,Камин,4,0,124,123332,442352,Spotify MY Weekly Chart,https://kworb.net/spotify/country/my_weekly_totals.html
BTS,Moon,5,0,35,177876,442110,Spotify MY Weekly Chart,https://kworb.net/spotify/country/my_weekly_totals.html
Dongker,Disarankan di Bandung,3,0,102,163123,442046,Spotify MY Weekly Chart,https://kworb.net/spotify/country/my_weekly_totals.html
Yerin Baek,Here I Am Again,9,0,151,57025,441766,Spotify MY Weekly Chart,https://kworb.net/spotify/country/my_weekly_totals.html
Bunga Citra Lestari,12 Tahun Terindah,8,0,110,60874,441539,Spotify MY Weekly Chart,https://kworb.net/spotify/country/my_weekly_totals.html
Mr. Probz,Waves - Robin Schulz Radio Edit,41,0,18,16687,441312,Spotify MY Weekly Chart,https://kworb.net/spotify/country/my_weekly_totals.html
TREASURE,I LOVE YOU,8,0,60,80107,440746,Spotify MY Weekly Chart,https://kworb.net/spotify/country/my_weekly_totals.html
Sheck Wes,Mo Bamba,11,0,130,45883,440121,Spotify MY Weekly Chart,https://kworb.net/spotify/country/my_weekly_totals.html
Gamma1,Dari Hati Ke Hati,15,0,128,32196,439668,Spotify MY Weekly Chart,https://kworb.net/spotify/country/my_weekly_totals.html
Why Don't We,Hooked,10,0,90,54751,439480,Spotify MY Weekly Chart,https://kworb.net/spotify/country/my_weekly_totals.html
BTS,dimple,7,0,36,113213,439047,Spotify MY Weekly Chart,https://kworb.net/spotify/country/my_weekly_totals.html
Secondhand Serenade,Fall for You,17,0,123,33628,438965,Spotify MY Weekly Chart,https://kworb.net/spotify/country/my_weekly_totals.html
The Kid LAROI,NIGHTS LIKE THIS,4,0,136,119924,438258,Spotify MY Weekly Chart,https://kworb.net/spotify/country/my_weekly_totals.html
Judika,Tak Mungkin Bersama,10,0,168,46113,438232,Spotify MY Weekly Chart,https://kworb.net/spotify/country/my_weekly_totals.html
Naufal Syachreza,SUPER EKSIS,3,0,145,154634,438148,Spotify MY Weekly Chart,https://kworb.net/spotify/country/my_weekly_totals.html
A-Mei Chang,連名帶姓,13,0,145,36320,437571,Spotify MY Weekly Chart,https://kworb.net/spotify/country/my_weekly_totals.html
ENHYPEN,No Doubt,3,0,98,155888,437380,Spotify MY Weekly Chart,https://kworb.net/spotify/country/my_weekly_totals.html
Wanna One,Beautiful,12,0,68,59485,436942,Spotify MY Weekly Chart,https://kworb.net/spotify/country/my_weekly_totals.html
Mojo,Dahsyat,42,0,88,14374,436651,Spotify MY Weekly Chart,https://kworb.net/spotify/country/my_weekly_totals.html
Fajar Noor,Tahta Hatiku #Pendampingmu,3,0,123,150676,436379,Spotify MY Weekly Chart,https://kworb.net/spotify/country/my_weekly_totals.html
TAEYEON,Can't Control Myself,6,0,74,94302,435910,Spotify MY Weekly Chart,https://kworb.net/spotify/country/my_weekly_totals.html
Joel Corry,Head & Heart,9,0,140,53829,435417,Spotify MY Weekly Chart,https://kworb.net/spotify/country/my_weekly_totals.html
Ayda Jebat,Nakal Nakal Nakal,17,0,124,27530,434731,Spotify MY Weekly Chart,https://kworb.net/spotify/country/my_weekly_totals.html
5 Seconds of Summer,She Looks So Perfect,36,0,16,19207,434716,Spotify MY Weekly Chart,https://kworb.net/spotify/country/my_weekly_totals.html
Ellie Goulding,Sixteen,8,0,84,63417,434534,Spotify MY Weekly Chart,https://kworb.net/spotify/country/my_weekly_totals.html
Sam Smith,Money On My Mind,42,0,20,15089,433886,Spotify MY Weekly Chart,https://kworb.net/spotify/country/my_weekly_totals.html
Reedzwann,Suarasi Sering Salah,3,0,125,156861,433689,Spotify MY Weekly Chart,https://kworb.net/spotify/country/my_weekly_totals.html
Faizal Tahir,Aku Tanpa CintaMu 2021,7,0,43,95317,432472,Spotify MY Weekly Chart,https://kworb.net/spotify/country/my_weekly_totals.html
Alif Satar,Sebenarnya,12,0,105,47916,432049,Spotify MY Weekly Chart,https://kworb.net/spotify/country/my_weekly_totals.html
88rising,California,7,0,52,86989,431643,Spotify MY Weekly Chart,https://kworb.net/spotify/country/my_weekly_totals.html
Doja Cat,Vegas (From the Original Motion Picture Soundtrack ELVIS),7,0,164,63964,431506,Spotify MY Weekly Chart,https://kworb.net/spotify/country/my_weekly_totals.html
ST12,P.U.S.P.A.,4,0,179,112965,430488,Spotify MY Weekly Chart,https://kworb.net/spotify/country/my_weekly_totals.html
Taylor Swift,Mastermind,3,0,42,217594,430340,Spotify MY Weekly Chart,https://kworb.net/spotify/country/my_weekly_totals.html
Maroon 5,Help Me Out,6,0,46,84800,429822,Spotify MY Weekly Chart,https://kworb.net/spotify/country/my_weekly_totals.html
The Chainsmokers,Everybody Hates Me,6,0,46,81084,429438,Spotify MY Weekly Chart,https://kworb.net/spotify/country/my_weekly_totals.html
The Chainsmokers,Beach House,6,0,50,87071,428995,Spotify MY Weekly Chart,https://kworb.net/spotify/country/my_weekly_totals.html
Steady Gang,周星翅,3,0,62,160314,428791,Spotify MY Weekly Chart,https://kworb.net/spotify/country/my_weekly_totals.html
Red Velvet,RBB (Really Bad Boy),8,0,42,93524,428742,Spotify MY Weekly Chart,https://kworb.net/spotify/country/my_weekly_totals.html
CNCO,Reggaetón Lento (Remix),13,0,137,37235,428693,Spotify MY Weekly Chart,https://kworb.net/spotify/country/my_weekly_totals.html
Elizabeth Tan,SHH,9,0,146,54376,428681,Spotify MY Weekly Chart,https://kworb.net/spotify/country/my_weekly_totals.html
ZAYN,There You Are,9,0,103,55237,428539,Spotify MY Weekly Chart,https://kworb.net/spotify/country/my_weekly_totals.html
ElyOtto,SugarCrash!,8,0,95,61097,428037,Spotify MY Weekly Chart,https://kworb.net/spotify/country/my_weekly_totals.html
TAEYEON,Weekend,7,0,58,87801,427440,Spotify MY Weekly Chart,https://kworb.net/spotify/country/my_weekly_totals.html
Ariana Grande,Everyday,11,0,75,48044,427124,Spotify MY Weekly Chart,https://kworb.net/spotify/country/my_weekly_totals.html
BANG YEDAM,WAYO,5,0,26,136184,426525,Spotify MY Weekly Chart,https://kworb.net/spotify/country/my_weekly_totals.html
K.Will,"태양의 후예 (Original Television Soundtrack), Pt. 6 - 말해! 뭐해?",18,0,61,37749,426446,Spotify MY Weekly Chart,https://kworb.net/spotify/country/my_weekly_totals.html
Ella,Sepi Sekuntum Mawar Merah,4,0,190,113181,426060,Spotify MY Weekly Chart,https://kworb.net/spotify/country/my_weekly_totals.html
OMI,Hula Hoop,18,0,35,37384,426043,Spotify MY Weekly Chart,https://kworb.net/spotify/country/my_weekly_totals.html
Encik Mimpi,Rindukanlah,3,0,136,150171,425911,Spotify MY Weekly Chart,https://kworb.net/spotify/country/my_weekly_totals.html
NCT DREAM,Broken Melodies,4,0,112,123883,425404,Spotify MY Weekly Chart,https://kworb.net/spotify/country/my_weekly_totals.html
Tiësto,The Business,9,0,143,52348,424025,Spotify MY Weekly Chart,https://kworb.net/spotify/country/my_weekly_totals.html
Surf Curse,Freaks,9,0,147,48907,423763,Spotify MY Weekly Chart,https://kworb.net/spotify/country/my_weekly_totals.html
Em Beihold,Numb Little Bug,7,0,133,65896,423230,Spotify MY Weekly Chart,https://kworb.net/spotify/country/my_weekly_totals.html
Coldplay,Higher Power,5,0,48,114436,422412,Spotify MY Weekly Chart,https://kworb.net/spotify/country/my_weekly_totals.html
BTS,Lights,7,0,49,109057,421619,Spotify MY Weekly Chart,https://kworb.net/spotify/country/my_weekly_totals.html
Post Malone,Motley Crew,5,0,38,113299,421368,Spotify MY Weekly Chart,https://kworb.net/spotify/country/my_weekly_totals.html
Lil Nas X,STAR WALKIN' (League of Legends Worlds Anthem),5,0,77,104332,421158,Spotify MY Weekly Chart,https://kworb.net/spotify/country/my_weekly_totals.html
BTS,UGH!,4,0,31,189919,419811,Spotify MY Weekly Chart,https://kworb.net/spotify/country/my_weekly_totals.html
Taylor Swift,Back To December (Taylor's Version),2,0,19,285842,419332,Spotify MY Weekly Chart,https://kworb.net/spotify/country/my_weekly_totals.html
NOTD,I Wanna Know,8,0,64,69691,418850,Spotify MY Weekly Chart,https://kworb.net/spotify/country/my_weekly_totals.html
Ellie Goulding,Burn,59,0,11,11949,418669,Spotify MY Weekly Chart,https://kworb.net/spotify/country/my_weekly_totals.html
Tate McRae,TIT FOR TAT,3,0,111,148315,418504,Spotify MY Weekly Chart,https://kworb.net/spotify/country/my_weekly_totals.html
Charlie Puth,Patient,10,0,64,60718,418396,Spotify MY Weekly Chart,https://kworb.net/spotify/country/my_weekly_totals.html
Govinda,Hal Hebat,5,0,154,90899,418066,Spotify MY Weekly Chart,https://kworb.net/spotify/country/my_weekly_totals.html
¥$,CARNIVAL,4,0,138,109402,418066,Spotify MY Weekly Chart,https://kworb.net/spotify/country/my_weekly_totals.html
Michael Bublé,Love You Anymore,9,0,100,53633,417944,Spotify MY Weekly Chart,https://kworb.net/spotify/country/my_weekly_totals.html
Sheila On 7,Sephia,4,0,171,106865,417874,Spotify MY Weekly Chart,https://kworb.net/spotify/country/my_weekly_totals.html
IVE,BANG BANG,3,0,108,142687,416477,Spotify MY Weekly Chart,https://kworb.net/spotify/country/my_weekly_totals.html
50 Cent,Baby By Me,4,0,166,108511,415510,Spotify MY Weekly Chart,https://kworb.net/spotify/country/my_weekly_totals.html
Dato' Sri Siti Nurhaliza,Kisah Ku Inginkan,3,0,122,151510,415187,Spotify MY Weekly Chart,https://kworb.net/spotify/country/my_weekly_totals.html
Black Eyed Peas,Where Is The Love?,14,0,165,34274,415039,Spotify MY Weekly Chart,https://kworb.net/spotify/country/my_weekly_totals.html
Avicii,The Days,21,2,8,39903,414886,Spotify MY Weekly Chart,https://kworb.net/spotify/country/my_weekly_totals.html
The New Boyz,Manis Manis Lebaran,7,0,63,101804,414182,Spotify MY Weekly Chart,https://kworb.net/spotify/country/my_weekly_totals.html
Ariana Grande,美女と野獣,11,0,42,75887,414024,Spotify MY Weekly Chart,https://kworb.net/spotify/country/my_weekly_totals.html
Hazama,Di Amaran Mama,24,0,121,20860,413746,Spotify MY Weekly Chart,https://kworb.net/spotify/country/my_weekly_totals.html
Stray Kids,CASE 143,4,0,55,123314,413295,Spotify MY Weekly Chart,https://kworb.net/spotify/country/my_weekly_totals.html
Stray Kids,God's Menu,8,0,94,64681,412988,Spotify MY Weekly Chart,https://kworb.net/spotify/country/my_weekly_totals.html
Taylor Swift,CANCELLED!,2,0,33,257617,412296,Spotify MY Weekly Chart,https://kworb.net/spotify/country/my_weekly_totals.html
Matteo,Panama,10,0,91,49192,412048,Spotify MY Weekly Chart,https://kworb.net/spotify/country/my_weekly_totals.html
ACRAZE,Do It To It,7,0,111,67560,412017,Spotify MY Weekly Chart,https://kworb.net/spotify/country/my_weekly_totals.html
TAEYEON,I,24,0,29,44889,411366,Spotify MY Weekly Chart,https://kworb.net/spotify/country/my_weekly_totals.html
Cheat Codes,Sober,10,0,91,45717,410472,Spotify MY Weekly Chart,https://kworb.net/spotify/country/my_weekly_totals.html
Tulus,1000 Tahun Lamanya,7,0,151,62755,410085,Spotify MY Weekly Chart,https://kworb.net/spotify/country/my_weekly_totals.html
Leah Nobel,Beginning Middle End,7,0,66,73118,410034,Spotify MY Weekly Chart,https://kworb.net/spotify/country/my_weekly_totals.html
Taylor Swift,Shake It Off,10,6,1,58453,409935,Spotify MY Weekly Chart,https://kworb.net/spotify/country/my_weekly_totals.html
Disclosure,Latch,37,0,19,18637,409879,Spotify MY Weekly Chart,https://kworb.net/spotify/country/my_weekly_totals.html
Gesaffelstein,Lost in the Fire,5,0,29,112311,409172,Spotify MY Weekly Chart,https://kworb.net/spotify/country/my_weekly_totals.html
Anne-Marie,Then,10,0,86,51480,408835,Spotify MY Weekly Chart,https://kworb.net/spotify/country/my_weekly_totals.html
Justin Bieber,Purpose,16,0,22,63341,408758,Spotify MY Weekly Chart,https://kworb.net/spotify/country/my_weekly_totals.html
Kayee Tam,"Can You Hear - 劇集 ""白色強人"" 插曲",6,0,47,106705,408754,Spotify MY Weekly Chart,https://kworb.net/spotify/country/my_weekly_totals.html
Nicky Jam,El Perdón,36,0,67,20582,407457,Spotify MY Weekly Chart,https://kworb.net/spotify/country/my_weekly_totals.html
Dato' Sudirman,Balik Kampung,10,0,18,142152,406939,Spotify MY Weekly Chart,https://kworb.net/spotify/country/my_weekly_totals.html
Calvin Harris,Over Now,5,0,39,102706,406930,Spotify MY Weekly Chart,https://kworb.net/spotify/country/my_weekly_totals.html
Ghea Indrawari,1000X,3,0,146,144146,406874,Spotify MY Weekly Chart,https://kworb.net/spotify/country/my_weekly_totals.html
EXO,Don't fight the feeling,5,0,43,113956,405458,Spotify MY Weekly Chart,https://kworb.net/spotify/country/my_weekly_totals.html
i-dle,LION,5,0,39,117664,404626,Spotify MY Weekly Chart,https://kworb.net/spotify/country/my_weekly_totals.html
Ariana Grande,i wish i hated you,3,0,58,167028,404528,Spotify MY Weekly Chart,https://kworb.net/spotify/country/my_weekly_totals.html
Major Lazer,Trigger,6,0,72,80657,404462,Spotify MY Weekly Chart,https://kworb.net/spotify/country/my_weekly_totals.html
Rihanna,Love On The Brain,13,0,82,46717,404441,Spotify MY Weekly Chart,https://kworb.net/spotify/country/my_weekly_totals.html
Taylor Swift,Wood,2,0,36,250091,404147,Spotify MY Weekly Chart,https://kworb.net/spotify/country/my_weekly_totals.html
De Fam,With You,17,0,57,33926,403506,Spotify MY Weekly Chart,https://kworb.net/spotify/country/my_weekly_totals.html
Why Don't We,Unbelievable,7,0,86,77484,403474,Spotify MY Weekly Chart,https://kworb.net/spotify/country/my_weekly_totals.html
Justin Timberlake,Say Something,9,0,59,66380,403350,Spotify MY Weekly Chart,https://kworb.net/spotify/country/my_weekly_totals.html
Fifth Harmony,Sledgehammer,30,0,21,25511,403237,Spotify MY Weekly Chart,https://kworb.net/spotify/country/my_weekly_totals.html
Louis Tomlinson,Just Like You,7,0,49,79995,403216,Spotify MY Weekly Chart,https://kworb.net/spotify/country/my_weekly_totals.html
Yuna,Don't Blame It On Love,5,0,39,116040,401742,Spotify MY Weekly Chart,https://kworb.net/spotify/country/my_weekly_totals.html
Selena Gomez,Baila Conmigo,7,0,80,66906,401463,Spotify MY Weekly Chart,https://kworb.net/spotify/country/my_weekly_totals.html
Yuna,Stay Where You Are,8,0,103,61672,400996,Spotify MY Weekly Chart,https://kworb.net/spotify/country/my_weekly_totals.html
TOMORROW X TOGETHER,9 and Three Quarters (Run Away),6,0,58,93170,400962,Spotify MY Weekly Chart,https://kworb.net/spotify/country/my_weekly_totals.html
Who Is Fancy,Boys Like You,17,0,52,30202,400817,Spotify MY Weekly Chart,https://kworb.net/spotify/country/my_weekly_totals.html
JISOO,Your Love,3,0,74,163427,399922,Spotify MY Weekly Chart,https://kworb.net/spotify/country/my_weekly_totals.html
Jay Chou,Greatest Works of Art,4,0,42,134488,399910,Spotify MY Weekly Chart,https://kworb.net/spotify/country/my_weekly_totals.html
Sandra Dianne,Hey! Kau,28,0,109,17973,399204,Spotify MY Weekly Chart,https://kworb.net/spotify/country/my_weekly_totals.html
Kangen Band,Kehilanganmu Berat Bagiku,4,0,111,105344,399197,Spotify MY Weekly Chart,https://kworb.net/spotify/country/my_weekly_totals.html
Capital Cities,Safe And Sound,64,3,7,10823,399147,Spotify MY Weekly Chart,https://kworb.net/spotify/country/my_weekly_totals.html
DNCE,Kissing Strangers,10,0,83,51171,399097,Spotify MY Weekly Chart,https://kworb.net/spotify/country/my_weekly_totals.html
Austyn Johnson,A Million Dreams (Reprise),7,0,63,72733,397996,Spotify MY Weekly Chart,https://kworb.net/spotify/country/my_weekly_totals.html
MAMAMOO,Dingga,6,0,50,96773,397198,Spotify MY Weekly Chart,https://kworb.net/spotify/country/my_weekly_totals.html
Eminem,Killshot,6,0,23,110890,397047,Spotify MY Weekly Chart,https://kworb.net/spotify/country/my_weekly_totals.html
Ariana Grande,34+35 Remix,5,0,35,110639,395769,Spotify MY Weekly Chart,https://kworb.net/spotify/country/my_weekly_totals.html
The Weeknd,Double Fantasy,3,0,58,164862,395027,Spotify MY Weekly Chart,https://kworb.net/spotify/country/my_weekly_totals.html
i-dle,MY BAG,6,0,92,79820,394007,Spotify MY Weekly Chart,https://kworb.net/spotify/country/my_weekly_totals.html
Arijit Singh,Gerua,13,0,11,71858,393672,Spotify MY Weekly Chart,https://kworb.net/spotify/country/my_weekly_totals.html
Mad Clown,Once Again,5,0,49,115094,393597,Spotify MY Weekly Chart,https://kworb.net/spotify/country/my_weekly_totals.html
The Chainsmokers,You Owe Me,6,0,49,81550,393457,Spotify MY Weekly Chart,https://kworb.net/spotify/country/my_weekly_totals.html
Sage The Gemini,Now and Later,13,0,88,38597,393382,Spotify MY Weekly Chart,https://kworb.net/spotify/country/my_weekly_totals.html
Stray Kids,Lose My Breath,3,0,106,137568,392924,Spotify MY Weekly Chart,https://kworb.net/spotify/country/my_weekly_totals.html
BTS,Intro: Serendipity,6,0,37,110559,392544,Spotify MY Weekly Chart,https://kworb.net/spotify/country/my_weekly_totals.html
NF,Time,7,0,92,62293,391621,Spotify MY Weekly Chart,https://kworb.net/spotify/country/my_weekly_totals.html
Kanye West,Praise God,7,0,111,59219,391404,Spotify MY Weekly Chart,https://kworb.net/spotify/country/my_weekly_totals.html
Julia Michaels,Anxiety,6,0,46,81592,388599,Spotify MY Weekly Chart,https://kworb.net/spotify/country/my_weekly_totals.html
Beyoncé,CUFF IT,5,0,141,85234,387827,Spotify MY Weekly Chart,https://kworb.net/spotify/country/my_weekly_totals.html
Miley Cyrus,Slide Away,6,0,82,70020,387457,Spotify MY Weekly Chart,https://kworb.net/spotify/country/my_weekly_totals.html
Coldplay,Clocks,3,0,91,135415,387294,Spotify MY Weekly Chart,https://kworb.net/spotify/country/my_weekly_totals.html
De Fam,Pok Pek Raya,2,0,94,201725,386989,Spotify MY Weekly Chart,https://kworb.net/spotify/country/my_weekly_totals.html
Bebe Rexha,"Baby, I'm Jealous",6,0,61,83516,386959,Spotify MY Weekly Chart,https://kworb.net/spotify/country/my_weekly_totals.html
Demi Lovato,Met Him Last Night,5,0,44,94600,386738,Spotify MY Weekly Chart,https://kworb.net/spotify/country/my_weekly_totals.html
Troye Sivan,My My My!,6,0,36,109939,386477,Spotify MY Weekly Chart,https://kworb.net/spotify/country/my_weekly_totals.html
Taylor Swift,my tears ricochet,4,0,12,190027,386438,Spotify MY Weekly Chart,https://kworb.net/spotify/country/my_weekly_totals.html
Unknown Artist,Suara Takbir,6,0,122,98357,385954,Spotify MY Weekly Chart,https://kworb.net/spotify/country/my_weekly_totals.html
D.O.,Rose,5,0,49,96449,385845,Spotify MY Weekly Chart,https://kworb.net/spotify/country/my_weekly_totals.html
Eric Chou,"你,好不好? - Ending Theme Song of TVBS Series ""Life List""",9,0,53,50610,385749,Spotify MY Weekly Chart,https://kworb.net/spotify/country/my_weekly_totals.html
Taylor Swift,Actually Romantic,2,0,38,244263,385411,Spotify MY Weekly Chart,https://kworb.net/spotify/country/my_weekly_totals.html
Avicii,For A Better Day,15,0,27,43170,385353,Spotify MY Weekly Chart,https://kworb.net/spotify/country/my_weekly_totals.html
Wali,Baik Baik Sayang,3,0,185,138240,384442,Spotify MY Weekly Chart,https://kworb.net/spotify/country/my_weekly_totals.html
Ariana Grande,NASA,5,0,21,145251,384368,Spotify MY Weekly Chart,https://kworb.net/spotify/country/my_weekly_totals.html
Juice WRLD,Righteous,5,0,39,95402,383971,Spotify MY Weekly Chart,https://kworb.net/spotify/country/my_weekly_totals.html
Sabrina Carpenter,Busy Woman,3,0,104,141475,383887,Spotify MY Weekly Chart,https://kworb.net/spotify/country/my_weekly_totals.html
Katy Perry,This Is How We Do,25,0,15,31053,383613,Spotify MY Weekly Chart,https://kworb.net/spotify/country/my_weekly_totals.html
Midnight Fusic,Caramel Cream,7,0,93,65092,383343,Spotify MY Weekly Chart,https://kworb.net/spotify/country/my_weekly_totals.html
Taylor Swift,All Too Well (Taylor's Version),4,0,24,171413,382614,Spotify MY Weekly Chart,https://kworb.net/spotify/country/my_weekly_totals.html
Sia,No New Friends,7,0,72,71303,382505,Spotify MY Weekly Chart,https://kworb.net/spotify/country/my_weekly_totals.html
Ariana Grande,petal,1,0,14,382179,382179,Spotify MY Weekly Chart,https://kworb.net/spotify/country/my_weekly_totals.html
Fariz Jabba,Masa,8,0,109,55505,382054,Spotify MY Weekly Chart,https://kworb.net/spotify/country/my_weekly_totals.html
Tate McRae,feel like shit,7,0,152,59624,381873,Spotify MY Weekly Chart,https://kworb.net/spotify/country/my_weekly_totals.html
Taylor Swift,Ruin The Friendship,2,0,39,243740,381625,Spotify MY Weekly Chart,https://kworb.net/spotify/country/my_weekly_totals.html
Camila Cabello,She Loves Control,10,0,69,68506,380745,Spotify MY Weekly Chart,https://kworb.net/spotify/country/my_weekly_totals.html
The Vamps,Personal,9,0,96,47471,380705,Spotify MY Weekly Chart,https://kworb.net/spotify/country/my_weekly_totals.html
Olivia Rodrigo,get him back!,3,0,68,140482,380564,Spotify MY Weekly Chart,https://kworb.net/spotify/country/my_weekly_totals.html
girl in red,we fell in love in october,4,0,110,135829,380374,Spotify MY Weekly Chart,https://kworb.net/spotify/country/my_weekly_totals.html
Taylor Swift,Florida!!!,2,0,39,249932,379965,Spotify MY Weekly Chart,https://kworb.net/spotify/country/my_weekly_totals.html
Ellie Goulding,How Long Will I Love You - Bonus Track,39,0,119,24572,379869,Spotify MY Weekly Chart,https://kworb.net/spotify/country/my_weekly_totals.html
Jess Glynne,Hold My Hand,24,0,24,31910,379783,Spotify MY Weekly Chart,https://kworb.net/spotify/country/my_weekly_totals.html
The Weeknd,Try Me,5,0,15,156422,379197,Spotify MY Weekly Chart,https://kworb.net/spotify/country/my_weekly_totals.html
Tion Wayne,Body (Remix),6,0,46,83904,378761,Spotify MY Weekly Chart,https://kworb.net/spotify/country/my_weekly_totals.html
Ed Sheeran,What Do I Know?,7,0,27,120627,378625,Spotify MY Weekly Chart,https://kworb.net/spotify/country/my_weekly_totals.html
The Ronettes,Sleigh Ride,7,0,62,88821,378605,Spotify MY Weekly Chart,https://kworb.net/spotify/country/my_weekly_totals.html
BLACKPINK,REALLY - KR Ver.,8,0,68,62864,378039,Spotify MY Weekly Chart,https://kworb.net/spotify/country/my_weekly_totals.html
Yuna,Forevermore,6,0,42,111481,377902,Spotify MY Weekly Chart,https://kworb.net/spotify/country/my_weekly_totals.html
Soegi Bornean,Asmalibrasi,5,0,120,79463,377782,Spotify MY Weekly Chart,https://kworb.net/spotify/country/my_weekly_totals.html
Travis Scott,BUTTERFLY EFFECT,11,0,114,38153,377195,Spotify MY Weekly Chart,https://kworb.net/spotify/country/my_weekly_totals.html
Clean Bandit,Tears,13,0,70,34459,376993,Spotify MY Weekly Chart,https://kworb.net/spotify/country/my_weekly_totals.html
IU,Palette (Feat. G-DRAGON),11,0,69,51966,376134,Spotify MY Weekly Chart,https://kworb.net/spotify/country/my_weekly_totals.html
Datuk Sharifah Aini,Minal Aidil Wal Faizin,5,0,101,98807,375853,Spotify MY Weekly Chart,https://kworb.net/spotify/country/my_weekly_totals.html
Foudeqush,Con La Brisa,3,0,45,157705,375826,Spotify MY Weekly Chart,https://kworb.net/spotify/country/my_weekly_totals.html
Nova,Not Around,7,0,86,64658,375658,Spotify MY Weekly Chart,https://kworb.net/spotify/country/my_weekly_totals.html
Avicii,Hey Brother,42,0,11,71260,375555,Spotify MY Weekly Chart,https://kworb.net/spotify/country/my_weekly_totals.html
21 Savage,a lot,6,0,47,89630,375043,Spotify MY Weekly Chart,https://kworb.net/spotify/country/my_weekly_totals.html
Selena Gomez,Feel Me,5,0,73,102928,372787,Spotify MY Weekly Chart,https://kworb.net/spotify/country/my_weekly_totals.html
LANY,Thick And Thin,7,0,44,81611,372669,Spotify MY Weekly Chart,https://kworb.net/spotify/country/my_weekly_totals.html
Cheat Codes,Put Me Back Together,8,0,77,54542,372254,Spotify MY Weekly Chart,https://kworb.net/spotify/country/my_weekly_totals.html
Fousheé,Deep End,7,0,114,58019,371357,Spotify MY Weekly Chart,https://kworb.net/spotify/country/my_weekly_totals.html
OneRepublic,Run,6,0,63,70505,370219,Spotify MY Weekly Chart,https://kworb.net/spotify/country/my_weekly_totals.html
Colbie Caillat,Try,30,0,24,19173,370029,Spotify MY Weekly Chart,https://kworb.net/spotify/country/my_weekly_totals.html
j-hope,Killin' It Girl (Solo Version),3,0,108,138920,370010,Spotify MY Weekly Chart,https://kworb.net/spotify/country/my_weekly_totals.html
Red Velvet,Future,7,0,111,66166,369847,Spotify MY Weekly Chart,https://kworb.net/spotify/country/my_weekly_totals.html
Kendrick Lamar,squabble up,3,0,120,137902,368818,Spotify MY Weekly Chart,https://kworb.net/spotify/country/my_weekly_totals.html
Bruno Mars,Treasure,14,0,32,154073,368638,Spotify MY Weekly Chart,https://kworb.net/spotify/country/my_weekly_totals.html
Ellie Goulding,Something In The Way You Move,19,0,60,33506,368587,Spotify MY Weekly Chart,https://kworb.net/spotify/country/my_weekly_totals.html
Ariana Grande,MONOPOLY,5,0,37,121521,368572,Spotify MY Weekly Chart,https://kworb.net/spotify/country/my_weekly_totals.html
Drake,What’s Next,5,0,48,96495,368468,Spotify MY Weekly Chart,https://kworb.net/spotify/country/my_weekly_totals.html
BIGBANG,SOBER,23,0,25,28054,368458,Spotify MY Weekly Chart,https://kworb.net/spotify/country/my_weekly_totals.html
Sigala,Easy Love,14,0,33,38911,368410,Spotify MY Weekly Chart,https://kworb.net/spotify/country/my_weekly_totals.html
Sabrina Carpenter,Good Graces,3,0,116,132620,367846,Spotify MY Weekly Chart,https://kworb.net/spotify/country/my_weekly_totals.html
Migos,Walk It Talk It,8,0,84,55946,367679,Spotify MY Weekly Chart,https://kworb.net/spotify/country/my_weekly_totals.html
ILLIT,Billyeoon Goyangi (Do the Dance),3,0,112,136511,366931,Spotify MY Weekly Chart,https://kworb.net/spotify/country/my_weekly_totals.html
Mena Massoud,A Whole New World,6,0,69,70973,366692,Spotify MY Weekly Chart,https://kworb.net/spotify/country/my_weekly_totals.html
Olivia Rodrigo,begged,2,0,57,204415,366553,Spotify MY Weekly Chart,https://kworb.net/spotify/country/my_weekly_totals.html
Loren Allred,Never Enough (Reprise),7,0,69,67108,366538,Spotify MY Weekly Chart,https://kworb.net/spotify/country/my_weekly_totals.html
José Feliciano,Feliz Navidad,6,0,80,83175,366256,Spotify MY Weekly Chart,https://kworb.net/spotify/country/my_weekly_totals.html
Shawn Mendes,Nervous,5,0,39,91016,365484,Spotify MY Weekly Chart,https://kworb.net/spotify/country/my_weekly_totals.html
Dhruv,airplane thoughts,6,0,91,71073,365094,Spotify MY Weekly Chart,https://kworb.net/spotify/country/my_weekly_totals.html
James Bay,Hold Back The River,26,0,28,26501,364885,Spotify MY Weekly Chart,https://kworb.net/spotify/country/my_weekly_totals.html
Benzooloo,Terkemuka,9,0,114,47464,364781,Spotify MY Weekly Chart,https://kworb.net/spotify/country/my_weekly_totals.html
Pitbull,Fun,21,0,26,33848,364425,Spotify MY Weekly Chart,https://kworb.net/spotify/country/my_weekly_totals.html
P!nk,"Just Like Fire (From the Original Motion Picture ""Alice Through The Looking Glass"")",20,0,87,26352,364407,Spotify MY Weekly Chart,https://kworb.net/spotify/country/my_weekly_totals.html
Shawn Mendes,Lost In Japan - Remix,8,0,101,52997,364215,Spotify MY Weekly Chart,https://kworb.net/spotify/country/my_weekly_totals.html
PENTAGON,Shine,11,0,170,35397,363513,Spotify MY Weekly Chart,https://kworb.net/spotify/country/my_weekly_totals.html
Nick Jonas,Right Now,9,0,108,48014,363499,Spotify MY Weekly Chart,https://kworb.net/spotify/country/my_weekly_totals.html
AKMU,Love Lee,4,0,187,91927,363095,Spotify MY Weekly Chart,https://kworb.net/spotify/country/my_weekly_totals.html
Taylor Swift,Style (Taylor's Version),2,0,27,247508,363070,Spotify MY Weekly Chart,https://kworb.net/spotify/country/my_weekly_totals.html
StarBoi3,Dick,7,0,95,59642,361904,Spotify MY Weekly Chart,https://kworb.net/spotify/country/my_weekly_totals.html
The Chainsmokers,Side Effects,7,0,67,67757,361493,Spotify MY Weekly Chart,https://kworb.net/spotify/country/my_weekly_totals.html
Lewis Capaldi,Bruises,7,0,128,57747,361326,Spotify MY Weekly Chart,https://kworb.net/spotify/country/my_weekly_totals.html
Craig David,Heartline,10,0,122,42383,361248,Spotify MY Weekly Chart,https://kworb.net/spotify/country/my_weekly_totals.html
Sia,Alive,23,0,48,28397,361088,Spotify MY Weekly Chart,https://kworb.net/spotify/country/my_weekly_totals.html
薛家燕,HORSEH,2,0,45,234268,361063,Spotify MY Weekly Chart,https://kworb.net/spotify/country/my_weekly_totals.html
John Mayer,XO,45,0,76,12257,360745,Spotify MY Weekly Chart,https://kworb.net/spotify/country/my_weekly_totals.html
Eminem,The Ringer,5,0,25,115850,360648,Spotify MY Weekly Chart,https://kworb.net/spotify/country/my_weekly_totals.html
LANY,ex i never had,6,0,90,68613,360359,Spotify MY Weekly Chart,https://kworb.net/spotify/country/my_weekly_totals.html
iKON,KILLING ME - KR Ver.,8,0,86,59074,360294,Spotify MY Weekly Chart,https://kworb.net/spotify/country/my_weekly_totals.html
BLACKPINK,DDU-DU DDU-DU - Remix,5,0,27,137460,360235,Spotify MY Weekly Chart,https://kworb.net/spotify/country/my_weekly_totals.html
Why Don't We,Talk,9,0,104,47045,360089,Spotify MY Weekly Chart,https://kworb.net/spotify/country/my_weekly_totals.html
EXO,Monster,15,0,37,64059,359457,Spotify MY Weekly Chart,https://kworb.net/spotify/country/my_weekly_totals.html
Kanye West,Follow God,4,0,42,123181,358855,Spotify MY Weekly Chart,https://kworb.net/spotify/country/my_weekly_totals.html
IZ*ONE,Secret Story of the Swan,5,0,41,108393,358380,Spotify MY Weekly Chart,https://kworb.net/spotify/country/my_weekly_totals.html
Katy Perry,Swish Swish,9,0,57,64193,357981,Spotify MY Weekly Chart,https://kworb.net/spotify/country/my_weekly_totals.html
Martin Jensen,Wait,9,0,95,45234,357644,Spotify MY Weekly Chart,https://kworb.net/spotify/country/my_weekly_totals.html
BTS,Skit,3,0,18,209173,357584,Spotify MY Weekly Chart,https://kworb.net/spotify/country/my_weekly_totals.html
Martin Garrix,Don't Look Down,19,0,15,42353,356959,Spotify MY Weekly Chart,https://kworb.net/spotify/country/my_weekly_totals.html
Demi Lovato,Tell Me You Love Me,10,0,102,40497,356859,Spotify MY Weekly Chart,https://kworb.net/spotify/country/my_weekly_totals.html
JEON SOMI,Anymore,6,0,87,80133,356813,Spotify MY Weekly Chart,https://kworb.net/spotify/country/my_weekly_totals.html
Aziz Hedra,Somebody's Pleasure (Extended Version),3,0,124,128734,356795,Spotify MY Weekly Chart,https://kworb.net/spotify/country/my_weekly_totals.html
Lana Del Rey,Lust for Life,9,0,41,81613,354945,Spotify MY Weekly Chart,https://kworb.net/spotify/country/my_weekly_totals.html
IZ*ONE,FIESTA,6,0,102,80474,354556,Spotify MY Weekly Chart,https://kworb.net/spotify/country/my_weekly_totals.html
Troye Sivan,Easy,6,0,87,69065,353841,Spotify MY Weekly Chart,https://kworb.net/spotify/country/my_weekly_totals.html
Lady Gaga,I'll Never Love Again - Extended Version,6,0,51,77889,353767,Spotify MY Weekly Chart,https://kworb.net/spotify/country/my_weekly_totals.html
JVKE,Angel Pt. 2,3,0,100,130172,353363,Spotify MY Weekly Chart,https://kworb.net/spotify/country/my_weekly_totals.html
Melanie Martinez,Pity Party,16,0,73,31988,353201,Spotify MY Weekly Chart,https://kworb.net/spotify/country/my_weekly_totals.html
Alan Walker,Different World,6,0,69,66717,352580,Spotify MY Weekly Chart,https://kworb.net/spotify/country/my_weekly_totals.html
SEVENTEEN,Don't Wanna Cry,11,0,76,47762,352457,Spotify MY Weekly Chart,https://kworb.net/spotify/country/my_weekly_totals.html
Rosa Walton,I Really Want to Stay at Your House,4,0,83,101454,352238,Spotify MY Weekly Chart,https://kworb.net/spotify/country/my_weekly_totals.html
DaBaby,BOP,7,0,128,56340,351789,Spotify MY Weekly Chart,https://kworb.net/spotify/country/my_weekly_totals.html
ROSÉ,too bad for us,2,0,57,223486,351735,Spotify MY Weekly Chart,https://kworb.net/spotify/country/my_weekly_totals.html
V,Slow Dancing (Piano Ver.),3,0,60,154317,351129,Spotify MY Weekly Chart,https://kworb.net/spotify/country/my_weekly_totals.html
ROSÉ,dance all night,2,0,63,216304,350665,Spotify MY Weekly Chart,https://kworb.net/spotify/country/my_weekly_totals.html
The Chainsmokers,Family,5,0,84,73130,350337,Spotify MY Weekly Chart,https://kworb.net/spotify/country/my_weekly_totals.html
Firdhaus,阿拉斯加海湾,6,0,71,69997,350241,Spotify MY Weekly Chart,https://kworb.net/spotify/country/my_weekly_totals.html
Jay Rock,King's Dead,7,0,70,59561,349996,Spotify MY Weekly Chart,https://kworb.net/spotify/country/my_weekly_totals.html
Ernie Zakri,Ku Bersuara,6,0,108,67425,349913,Spotify MY Weekly Chart,https://kworb.net/spotify/country/my_weekly_totals.html
Taylor Swift,champagne problems,5,0,25,138435,349835,Spotify MY Weekly Chart,https://kworb.net/spotify/country/my_weekly_totals.html
Disclosure,Omen,15,0,31,37476,349794,Spotify MY Weekly Chart,https://kworb.net/spotify/country/my_weekly_totals.html
MØ,Nights With You,11,0,106,37831,349770,Spotify MY Weekly Chart,https://kworb.net/spotify/country/my_weekly_totals.html
BLACKPINK,WHISTLE - KR Ver.,8,0,137,52592,349493,Spotify MY Weekly Chart,https://kworb.net/spotify/country/my_weekly_totals.html
Maman Fvndy,Nan Ko Paham,3,0,164,121452,349312,Spotify MY Weekly Chart,https://kworb.net/spotify/country/my_weekly_totals.html
Tyga,Ayy Macarena,6,0,99,65338,349025,Spotify MY Weekly Chart,https://kworb.net/spotify/country/my_weekly_totals.html
Logic,Homicide,4,0,27,127860,348769,Spotify MY Weekly Chart,https://kworb.net/spotify/country/my_weekly_totals.html
Jax Jones,You Don't Know Me,10,0,90,42593,348595,Spotify MY Weekly Chart,https://kworb.net/spotify/country/my_weekly_totals.html
Tate McRae,Revolving door,3,0,132,118885,348297,Spotify MY Weekly Chart,https://kworb.net/spotify/country/my_weekly_totals.html
Eminem,The Monster,30,15,2,17190,348199,Spotify MY Weekly Chart,https://kworb.net/spotify/country/my_weekly_totals.html
Dhee,Enjoy Enjaami,5,0,39,110405,347914,Spotify MY Weekly Chart,https://kworb.net/spotify/country/my_weekly_totals.html
BTS,Love Maze,5,0,17,139513,347881,Spotify MY Weekly Chart,https://kworb.net/spotify/country/my_weekly_totals.html
Why Don't We,Love Back,5,0,89,79479,347733,Spotify MY Weekly Chart,https://kworb.net/spotify/country/my_weekly_totals.html
Red Velvet,Cosmic,3,0,113,132294,347703,Spotify MY Weekly Chart,https://kworb.net/spotify/country/my_weekly_totals.html
Evan Rachel Wood,All Is Found,5,0,58,95677,347533,Spotify MY Weekly Chart,https://kworb.net/spotify/country/my_weekly_totals.html
Taylor Swift,Fresh Out The Slammer,2,0,45,234872,346693,Spotify MY Weekly Chart,https://kworb.net/spotify/country/my_weekly_totals.html
BTS,Trivia 轉 : Seesaw,6,0,29,114370,346329,Spotify MY Weekly Chart,https://kworb.net/spotify/country/my_weekly_totals.html
ROSÉ,not the same,2,0,56,226458,345462,Spotify MY Weekly Chart,https://kworb.net/spotify/country/my_weekly_totals.html
Beyoncé,Halo,24,0,151,36233,344788,Spotify MY Weekly Chart,https://kworb.net/spotify/country/my_weekly_totals.html
Kodaline,All I Want,16,0,113,48356,344738,Spotify MY Weekly Chart,https://kworb.net/spotify/country/my_weekly_totals.html
OneRepublic,Love Runs Out,29,0,11,24318,344628,Spotify MY Weekly Chart,https://kworb.net/spotify/country/my_weekly_totals.html
Nico & Vinz,That's How You Know,15,0,39,35344,344413,Spotify MY Weekly Chart,https://kworb.net/spotify/country/my_weekly_totals.html
BTS,Butter (Hotter Remix),6,0,53,93241,344399,Spotify MY Weekly Chart,https://kworb.net/spotify/country/my_weekly_totals.html
Altimet,Amboi,14,0,174,26299,344336,Spotify MY Weekly Chart,https://kworb.net/spotify/country/my_weekly_totals.html
OneRepublic,No Vacancy,10,0,91,42831,344247,Spotify MY Weekly Chart,https://kworb.net/spotify/country/my_weekly_totals.html
Childish Gambino,Summertime Magic,4,0,27,117214,344154,Spotify MY Weekly Chart,https://kworb.net/spotify/country/my_weekly_totals.html
Pedro Capó,Calma - Remix,8,0,109,52010,343943,Spotify MY Weekly Chart,https://kworb.net/spotify/country/my_weekly_totals.html
IVE,Either Way,3,0,101,121937,343589,Spotify MY Weekly Chart,https://kworb.net/spotify/country/my_weekly_totals.html
BTS,Epiphany,6,0,30,114275,343199,Spotify MY Weekly Chart,https://kworb.net/spotify/country/my_weekly_totals.html
BTS,Born Singer,3,0,20,199533,343070,Spotify MY Weekly Chart,https://kworb.net/spotify/country/my_weekly_totals.html
ROSÉ,call it the end,2,0,59,220509,342712,Spotify MY Weekly Chart,https://kworb.net/spotify/country/my_weekly_totals.html
Halsey,SUGA's Interlude,4,0,33,153797,342568,Spotify MY Weekly Chart,https://kworb.net/spotify/country/my_weekly_totals.html
Travis Scott,K-POP,3,0,92,135453,342145,Spotify MY Weekly Chart,https://kworb.net/spotify/country/my_weekly_totals.html
keshi,2 soon,4,0,88,116908,342127,Spotify MY Weekly Chart,https://kworb.net/spotify/country/my_weekly_totals.html
Drake,Signs,7,0,51,65080,342082,Spotify MY Weekly Chart,https://kworb.net/spotify/country/my_weekly_totals.html
Drake,Jimmy Cooks,5,0,107,81183,342020,Spotify MY Weekly Chart,https://kworb.net/spotify/country/my_weekly_totals.html
i-dle,Uh-Oh,5,0,59,89951,341408,Spotify MY Weekly Chart,https://kworb.net/spotify/country/my_weekly_totals.html
Ariana Grande,test drive,5,0,42,96824,340892,Spotify MY Weekly Chart,https://kworb.net/spotify/country/my_weekly_totals.html
Post Malone,Stay,6,0,47,78276,340788,Spotify MY Weekly Chart,https://kworb.net/spotify/country/my_weekly_totals.html
Pop Smoke,Mood Swings,6,0,118,59652,340226,Spotify MY Weekly Chart,https://kworb.net/spotify/country/my_weekly_totals.html
Tiësto,Red Lights,38,0,16,17053,339997,Spotify MY Weekly Chart,https://kworb.net/spotify/country/my_weekly_totals.html
Jason Derulo,Wiggle,30,2,8,21586,339936,Spotify MY Weekly Chart,https://kworb.net/spotify/country/my_weekly_totals.html
Robin Thicke,Blurred Lines,49,19,1,9438,339651,Spotify MY Weekly Chart,https://kworb.net/spotify/country/my_weekly_totals.html
Celina Sharma,24/7,6,0,134,60352,339521,Spotify MY Weekly Chart,https://kworb.net/spotify/country/my_weekly_totals.html
Khalid,Eleven,5,0,71,86907,338765,Spotify MY Weekly Chart,https://kworb.net/spotify/country/my_weekly_totals.html
SEVENTEEN,I Don't Understand But I Luv U,3,0,80,136435,338705,Spotify MY Weekly Chart,https://kworb.net/spotify/country/my_weekly_totals.html
Frank Sinatra,Let It Snow! Let It Snow! Let It Snow!,10,0,91,72048,338686,Spotify MY Weekly Chart,https://kworb.net/spotify/country/my_weekly_totals.html
Danny Koo,你好我好新年好,2,0,49,217349,338673,Spotify MY Weekly Chart,https://kworb.net/spotify/country/my_weekly_totals.html
Selena Gomez,Single Soon,3,0,92,127452,338559,Spotify MY Weekly Chart,https://kworb.net/spotify/country/my_weekly_totals.html
John Legend,All of Me (Tiësto's Birthday Treatment Remix),30,3,6,23206,338502,Spotify MY Weekly Chart,https://kworb.net/spotify/country/my_weekly_totals.html
Maroon 5,Feelings,17,0,28,44866,338290,Spotify MY Weekly Chart,https://kworb.net/spotify/country/my_weekly_totals.html
Calvin Harris,I Need Your Love,64,13,6,8265,338147,Spotify MY Weekly Chart,https://kworb.net/spotify/country/my_weekly_totals.html
X Ambassadors,Renegades,18,0,37,37070,337686,Spotify MY Weekly Chart,https://kworb.net/spotify/country/my_weekly_totals.html
Lauren Spencer Smith,Fingers Crossed,5,0,109,72987,337657,Spotify MY Weekly Chart,https://kworb.net/spotify/country/my_weekly_totals.html
ENHYPEN,Knife,2,0,71,187663,337471,Spotify MY Weekly Chart,https://kworb.net/spotify/country/my_weekly_totals.html
Dua Lipa,Houdini,3,0,100,128342,336801,Spotify MY Weekly Chart,https://kworb.net/spotify/country/my_weekly_totals.html
Fujii Kaze,まつり,3,0,85,122806,336394,Spotify MY Weekly Chart,https://kworb.net/spotify/country/my_weekly_totals.html
TWICE,ONE SPARK,3,0,101,135150,336383,Spotify MY Weekly Chart,https://kworb.net/spotify/country/my_weekly_totals.html
Bazzi,Focus,6,0,101,63717,336354,Spotify MY Weekly Chart,https://kworb.net/spotify/country/my_weekly_totals.html
Miley Cyrus,Used To Be Young,3,0,97,122291,336278,Spotify MY Weekly Chart,https://kworb.net/spotify/country/my_weekly_totals.html
XG,LEFT RIGHT,4,0,125,93683,336240,Spotify MY Weekly Chart,https://kworb.net/spotify/country/my_weekly_totals.html
Taylor Swift,Call It What You Want,6,0,25,117238,336114,Spotify MY Weekly Chart,https://kworb.net/spotify/country/my_weekly_totals.html
Charlie Puth,I Don’t Think That I Like Her,4,0,91,96589,335760,Spotify MY Weekly Chart,https://kworb.net/spotify/country/my_weekly_totals.html
Lady Gaga,Poker Face,4,0,154,113623,335536,Spotify MY Weekly Chart,https://kworb.net/spotify/country/my_weekly_totals.html
Bunga,Belai,5,0,95,78262,335238,Spotify MY Weekly Chart,https://kworb.net/spotify/country/my_weekly_totals.html
Daniel Caesar,Hold Me Down,3,0,179,120145,335176,Spotify MY Weekly Chart,https://kworb.net/spotify/country/my_weekly_totals.html
Eric Chou,摯友,3,0,104,128116,334273,Spotify MY Weekly Chart,https://kworb.net/spotify/country/my_weekly_totals.html
TWICE,SET ME FREE,3,0,78,130640,334153,Spotify MY Weekly Chart,https://kworb.net/spotify/country/my_weekly_totals.html
Cardi B,Bartier Cardi,8,0,95,50832,334149,Spotify MY Weekly Chart,https://kworb.net/spotify/country/my_weekly_totals.html
Calum Scott,Dancing On My Own,16,0,156,27323,333966,Spotify MY Weekly Chart,https://kworb.net/spotify/country/my_weekly_totals.html
Fergie,L.A.LOVE (la la),21,0,23,26346,333899,Spotify MY Weekly Chart,https://kworb.net/spotify/country/my_weekly_totals.html
JENNIE,ZEN,2,0,51,196711,332595,Spotify MY Weekly Chart,https://kworb.net/spotify/country/my_weekly_totals.html
Billie Eilish,come out and play,4,0,25,123303,332505,Spotify MY Weekly Chart,https://kworb.net/spotify/country/my_weekly_totals.html
Cashmere Cat,Miss You,8,0,85,50469,332450,Spotify MY Weekly Chart,https://kworb.net/spotify/country/my_weekly_totals.html
DOLLA,BAD,4,0,67,93357,332157,Spotify MY Weekly Chart,https://kworb.net/spotify/country/my_weekly_totals.html
Kaka Azraff,Bukan Hal Aku,38,0,101,14841,331528,Spotify MY Weekly Chart,https://kworb.net/spotify/country/my_weekly_totals.html
Dato' Sri Siti Nurhaliza,7 Nasihat,5,0,95,82346,331512,Spotify MY Weekly Chart,https://kworb.net/spotify/country/my_weekly_totals.html
Brave Girls,Rollin',6,0,99,61464,331391,Spotify MY Weekly Chart,https://kworb.net/spotify/country/my_weekly_totals.html
BTS,So What,5,0,26,126780,331203,Spotify MY Weekly Chart,https://kworb.net/spotify/country/my_weekly_totals.html
TAEYONG,Love Theory,5,0,97,78831,331120,Spotify MY Weekly Chart,https://kworb.net/spotify/country/my_weekly_totals.html
Yuna,Likes,5,0,53,95851,331116,Spotify MY Weekly Chart,https://kworb.net/spotify/country/my_weekly_totals.html
BIGBANG,FLOWER ROAD,6,0,42,88492,330290,Spotify MY Weekly Chart,https://kworb.net/spotify/country/my_weekly_totals.html
Agust D,"People, Pt. 2",2,0,59,170609,330095,Spotify MY Weekly Chart,https://kworb.net/spotify/country/my_weekly_totals.html
Ghost,Mary On A Cross,5,0,142,72622,329838,Spotify MY Weekly Chart,https://kworb.net/spotify/country/my_weekly_totals.html
BLACKPINK,SEE U LATER - KR Ver.,8,0,98,50346,329744,Spotify MY Weekly Chart,https://kworb.net/spotify/country/my_weekly_totals.html
Daft Punk,Get Lucky,47,15,5,14304,329499,Spotify MY Weekly Chart,https://kworb.net/spotify/country/my_weekly_totals.html
Justin Bieber,What Do You Mean? - Acoustic,17,0,35,41771,329341,Spotify MY Weekly Chart,https://kworb.net/spotify/country/my_weekly_totals.html
Kygo,Here for You,19,0,44,30107,329062,Spotify MY Weekly Chart,https://kworb.net/spotify/country/my_weekly_totals.html
ZAYN,iT's YoU,11,0,33,57683,328929,Spotify MY Weekly Chart,https://kworb.net/spotify/country/my_weekly_totals.html
Naqiu,Rindu Separuh Nyawa,7,0,123,53768,328768,Spotify MY Weekly Chart,https://kworb.net/spotify/country/my_weekly_totals.html
Ryan Gosling,City Of Stars,9,0,61,50559,328578,Spotify MY Weekly Chart,https://kworb.net/spotify/country/my_weekly_totals.html
Coldplay,Orphans,5,0,52,101986,328573,Spotify MY Weekly Chart,https://kworb.net/spotify/country/my_weekly_totals.html
AronChupa,I'm an Albatraoz,39,0,53,18313,328280,Spotify MY Weekly Chart,https://kworb.net/spotify/country/my_weekly_totals.html
Taylor Swift,Honey,2,0,52,207918,328270,Spotify MY Weekly Chart,https://kworb.net/spotify/country/my_weekly_totals.html
Taylor Swift,Red (Taylor's Version),3,0,23,172856,327795,Spotify MY Weekly Chart,https://kworb.net/spotify/country/my_weekly_totals.html
Olivia Rodrigo,u + me = <3,2,0,75,180533,327742,Spotify MY Weekly Chart,https://kworb.net/spotify/country/my_weekly_totals.html
Family of the Year,Hero,37,0,91,13369,327643,Spotify MY Weekly Chart,https://kworb.net/spotify/country/my_weekly_totals.html
Sam Kim,Who are you,9,0,69,47323,327277,Spotify MY Weekly Chart,https://kworb.net/spotify/country/my_weekly_totals.html
TREASURE,MOVE (T5),3,0,113,122226,327107,Spotify MY Weekly Chart,https://kworb.net/spotify/country/my_weekly_totals.html
BTS,Pied Piper,5,0,39,102030,326706,Spotify MY Weekly Chart,https://kworb.net/spotify/country/my_weekly_totals.html
EXO,Let Me In,3,0,119,120646,326473,Spotify MY Weekly Chart,https://kworb.net/spotify/country/my_weekly_totals.html
Olivia Rodrigo,maggots for brains,2,0,73,180578,326216,Spotify MY Weekly Chart,https://kworb.net/spotify/country/my_weekly_totals.html
Olivia Rodrigo,what’s wrong with me,2,0,72,182196,326215,Spotify MY Weekly Chart,https://kworb.net/spotify/country/my_weekly_totals.html
Armani White,BILLIE EILISH.,5,0,174,66807,326151,Spotify MY Weekly Chart,https://kworb.net/spotify/country/my_weekly_totals.html
TREASURE,U,5,0,83,86268,326064,Spotify MY Weekly Chart,https://kworb.net/spotify/country/my_weekly_totals.html
菲菲公主,第57次取消发送,3,0,163,111196,326020,Spotify MY Weekly Chart,https://kworb.net/spotify/country/my_weekly_totals.html
Arvian Dwi,Bintang Yang Hilang,3,0,176,119182,325801,Spotify MY Weekly Chart,https://kworb.net/spotify/country/my_weekly_totals.html
Dominic Fike,Mona Lisa - Spider-Man: Across the Spider-Verse (Deluxe Edition),3,0,120,116375,325177,Spotify MY Weekly Chart,https://kworb.net/spotify/country/my_weekly_totals.html
CHA NI (SF9),Starlight,6,0,62,79043,324815,Spotify MY Weekly Chart,https://kworb.net/spotify/country/my_weekly_totals.html
Katy Perry,Small Talk,5,0,52,88234,324518,Spotify MY Weekly Chart,https://kworb.net/spotify/country/my_weekly_totals.html
Céline Dion,"Ashes - from ""Deadpool 2"" Motion Picture Soundtrack",6,0,42,84048,324400,Spotify MY Weekly Chart,https://kworb.net/spotify/country/my_weekly_totals.html
Arcane,Ma Meilleure Ennemie - from the series Arcane League of Legends,2,0,63,193117,323895,Spotify MY Weekly Chart,https://kworb.net/spotify/country/my_weekly_totals.html
Karen Mok,慢慢喜歡你,9,0,124,40886,323698,Spotify MY Weekly Chart,https://kworb.net/spotify/country/my_weekly_totals.html
JOY,Hello,7,0,137,51183,323184,Spotify MY Weekly Chart,https://kworb.net/spotify/country/my_weekly_totals.html
Terror Jr,Come First,13,0,80,32423,322720,Spotify MY Weekly Chart,https://kworb.net/spotify/country/my_weekly_totals.html
7!!,オレンジ,6,0,144,59410,322433,Spotify MY Weekly Chart,https://kworb.net/spotify/country/my_weekly_totals.html
USHER,I Don't Mind,18,0,28,24022,322173,Spotify MY Weekly Chart,https://kworb.net/spotify/country/my_weekly_totals.html
SZA,Love Galore,11,0,124,31711,321959,Spotify MY Weekly Chart,https://kworb.net/spotify/country/my_weekly_totals.html
10CM,Tell Me It's Not a Dream,3,0,158,112063,321429,Spotify MY Weekly Chart,https://kworb.net/spotify/country/my_weekly_totals.html
Daddy Yankee,Con Calma,6,0,82,62499,321186,Spotify MY Weekly Chart,https://kworb.net/spotify/country/my_weekly_totals.html
Birdy,Skinny Love,48,0,104,10415,320897,Spotify MY Weekly Chart,https://kworb.net/spotify/country/my_weekly_totals.html
TWS,plot twist,3,0,137,118588,320848,Spotify MY Weekly Chart,https://kworb.net/spotify/country/my_weekly_totals.html
Kendrick Lamar,N95,3,0,46,123209,320546,Spotify MY Weekly Chart,https://kworb.net/spotify/country/my_weekly_totals.html
Iman Troye,Jemput Jemput Raya,2,0,87,192972,320308,Spotify MY Weekly Chart,https://kworb.net/spotify/country/my_weekly_totals.html
3P,好運一條龍,2,0,48,187356,320097,Spotify MY Weekly Chart,https://kworb.net/spotify/country/my_weekly_totals.html
Benson Boone,GHOST TOWN,5,0,86,82381,320095,Spotify MY Weekly Chart,https://kworb.net/spotify/country/my_weekly_totals.html
Jason Derulo,Talk Dirty,29,0,12,17606,319890,Spotify MY Weekly Chart,https://kworb.net/spotify/country/my_weekly_totals.html
Sai Abhyankkar,Katchi Sera,3,0,147,112922,319600,Spotify MY Weekly Chart,https://kworb.net/spotify/country/my_weekly_totals.html
Calvin Harris,Potion,4,0,83,97914,319428,Spotify MY Weekly Chart,https://kworb.net/spotify/country/my_weekly_totals.html
TreeHill,Terbang,8,0,133,45651,319035,Spotify MY Weekly Chart,https://kworb.net/spotify/country/my_weekly_totals.html
Why Don't We,Chills,6,0,117,61340,319000,Spotify MY Weekly Chart,https://kworb.net/spotify/country/my_weekly_totals.html
A R I Z O N A,Oceans Away,10,0,103,36907,318659,Spotify MY Weekly Chart,https://kworb.net/spotify/country/my_weekly_totals.html
Yellow Claw,In My Room,22,0,83,17112,318513,Spotify MY Weekly Chart,https://kworb.net/spotify/country/my_weekly_totals.html
Taylor Swift,Mine (Taylor's Version),2,0,40,220824,318415,Spotify MY Weekly Chart,https://kworb.net/spotify/country/my_weekly_totals.html
GIMS,Est-ce que tu m'aimes ? - Pilule Bleue,3,0,168,108326,318061,Spotify MY Weekly Chart,https://kworb.net/spotify/country/my_weekly_totals.html
BATE,Casino Royale,6,0,129,57302,318049,Spotify MY Weekly Chart,https://kworb.net/spotify/country/my_weekly_totals.html
Linkin Park,One More Light,5,0,19,136449,317994,Spotify MY Weekly Chart,https://kworb.net/spotify/country/my_weekly_totals.html
NCT DREAM,Glitch Mode,4,0,65,92990,316736,Spotify MY Weekly Chart,https://kworb.net/spotify/country/my_weekly_totals.html
GOT7,NOT BY THE MOON,5,0,40,99373,316293,Spotify MY Weekly Chart,https://kworb.net/spotify/country/my_weekly_totals.html
IZ*ONE,Panorama,6,0,102,70244,316047,Spotify MY Weekly Chart,https://kworb.net/spotify/country/my_weekly_totals.html
JENNIE,with the IE (way up),2,0,58,185399,315503,Spotify MY Weekly Chart,https://kworb.net/spotify/country/my_weekly_totals.html
Bruno Mars,Why You Wanna Fight?,2,0,86,174191,315499,Spotify MY Weekly Chart,https://kworb.net/spotify/country/my_weekly_totals.html
Skrillex,Don’t Go,5,0,64,79470,315213,Spotify MY Weekly Chart,https://kworb.net/spotify/country/my_weekly_totals.html
Camila Cabello,OMG,9,0,97,41819,314851,Spotify MY Weekly Chart,https://kworb.net/spotify/country/my_weekly_totals.html
张紫豪,可不可以 - 抖音热歌,8,0,165,41909,314071,Spotify MY Weekly Chart,https://kworb.net/spotify/country/my_weekly_totals.html
Aziz Harun,Telepati,2,0,79,179270,313891,Spotify MY Weekly Chart,https://kworb.net/spotify/country/my_weekly_totals.html
Jeremy Zucker,emily,6,0,81,62552,313602,Spotify MY Weekly Chart,https://kworb.net/spotify/country/my_weekly_totals.html
TOMORROW X TOGETHER,Opening Sequence,3,0,45,126982,311499,Spotify MY Weekly Chart,https://kworb.net/spotify/country/my_weekly_totals.html
Isabel LaRosa,favorite,3,0,174,107869,311072,Spotify MY Weekly Chart,https://kworb.net/spotify/country/my_weekly_totals.html
Kesha,Praying,9,0,90,41173,310447,Spotify MY Weekly Chart,https://kworb.net/spotify/country/my_weekly_totals.html
Troye Sivan,WILD,21,0,49,27451,310290,Spotify MY Weekly Chart,https://kworb.net/spotify/country/my_weekly_totals.html
Jonas Blue,What I Like About You,7,0,136,47634,309961,Spotify MY Weekly Chart,https://kworb.net/spotify/country/my_weekly_totals.html
Halsey,Colors,18,0,90,23645,309914,Spotify MY Weekly Chart,https://kworb.net/spotify/country/my_weekly_totals.html
BLACKPINK,STAY,12,0,58,46013,309686,Spotify MY Weekly Chart,https://kworb.net/spotify/country/my_weekly_totals.html
Sam Feldt,Fade Away,10,0,113,37832,309153,Spotify MY Weekly Chart,https://kworb.net/spotify/country/my_weekly_totals.html
Taylor Swift,I Forgot That You Existed,4,0,27,138454,308039,Spotify MY Weekly Chart,https://kworb.net/spotify/country/my_weekly_totals.html
D.O.,Rose - English Version,5,0,62,80337,307883,Spotify MY Weekly Chart,https://kworb.net/spotify/country/my_weekly_totals.html
Ali Gatie,Say to You,4,0,61,91599,306854,Spotify MY Weekly Chart,https://kworb.net/spotify/country/my_weekly_totals.html
Flo Rida,Cake - Challenge Version,12,0,141,28011,306640,Spotify MY Weekly Chart,https://kworb.net/spotify/country/my_weekly_totals.html
BTS,Outro: Tear,5,0,33,109174,306478,Spotify MY Weekly Chart,https://kworb.net/spotify/country/my_weekly_totals.html
Epik High,Can You Hear My Heart,11,0,79,34781,306431,Spotify MY Weekly Chart,https://kworb.net/spotify/country/my_weekly_totals.html
Katy Perry,Rise,11,0,56,52695,306305,Spotify MY Weekly Chart,https://kworb.net/spotify/country/my_weekly_totals.html
Demi Lovato,I Love Me,5,0,83,83862,306173,Spotify MY Weekly Chart,https://kworb.net/spotify/country/my_weekly_totals.html
Pitbull,Fireball,24,0,23,24880,305655,Spotify MY Weekly Chart,https://kworb.net/spotify/country/my_weekly_totals.html
X1,FLASH,4,0,45,104477,305556,Spotify MY Weekly Chart,https://kworb.net/spotify/country/my_weekly_totals.html
BTS,Paradise,4,0,19,137614,305098,Spotify MY Weekly Chart,https://kworb.net/spotify/country/my_weekly_totals.html
Big Sean,Bounce Back,11,0,121,33109,304890,Spotify MY Weekly Chart,https://kworb.net/spotify/country/my_weekly_totals.html
Taylor Swift,The Alchemy,2,0,56,196516,304124,Spotify MY Weekly Chart,https://kworb.net/spotify/country/my_weekly_totals.html
LISA,Dream,2,0,68,164975,303994,Spotify MY Weekly Chart,https://kworb.net/spotify/country/my_weekly_totals.html
Billie Eilish,xanny,5,0,51,91201,303793,Spotify MY Weekly Chart,https://kworb.net/spotify/country/my_weekly_totals.html
Jason Derulo,Trumpets,23,0,20,30876,303122,Spotify MY Weekly Chart,https://kworb.net/spotify/country/my_weekly_totals.html
Charli xcx,Apple,3,0,184,101713,302790,Spotify MY Weekly Chart,https://kworb.net/spotify/country/my_weekly_totals.html
JENNIE,Damn Right,2,0,66,173549,301553,Spotify MY Weekly Chart,https://kworb.net/spotify/country/my_weekly_totals.html
Letto,Ruang Rindu,3,0,161,102762,300823,Spotify MY Weekly Chart,https://kworb.net/spotify/country/my_weekly_totals.html
Taylor Swift,the last great american dynasty,3,0,17,170610,299868,Spotify MY Weekly Chart,https://kworb.net/spotify/country/my_weekly_totals.html
Chris Brown,Angel Numbers / Ten Toes,3,0,171,103400,299773,Spotify MY Weekly Chart,https://kworb.net/spotify/country/my_weekly_totals.html
My Chemical Romance,Teenagers,2,0,73,173845,299701,Spotify MY Weekly Chart,https://kworb.net/spotify/country/my_weekly_totals.html
Julia Michaels,What A Time,7,0,115,52103,298916,Spotify MY Weekly Chart,https://kworb.net/spotify/country/my_weekly_totals.html
Taylor Swift,Blank Space (Taylor's Version),2,0,41,204020,298432,Spotify MY Weekly Chart,https://kworb.net/spotify/country/my_weekly_totals.html
IZ*ONE,Violeta,5,0,61,84298,298268,Spotify MY Weekly Chart,https://kworb.net/spotify/country/my_weekly_totals.html
Keisya Levronka,Tak Ingin Usai - Duet Version,4,0,162,80600,298087,Spotify MY Weekly Chart,https://kworb.net/spotify/country/my_weekly_totals.html
The Chainsmokers,Do You Mean,6,0,87,62489,297458,Spotify MY Weekly Chart,https://kworb.net/spotify/country/my_weekly_totals.html
TREASURE,BOY,4,0,48,97596,297307,Spotify MY Weekly Chart,https://kworb.net/spotify/country/my_weekly_totals.html
Taylor Swift,The Smallest Man Who Ever Lived,2,0,59,195335,297115,Spotify MY Weekly Chart,https://kworb.net/spotify/country/my_weekly_totals.html
San Holo,Light,10,0,103,34677,296974,Spotify MY Weekly Chart,https://kworb.net/spotify/country/my_weekly_totals.html
Jason Derulo,Get Ugly,15,0,63,23576,296785,Spotify MY Weekly Chart,https://kworb.net/spotify/country/my_weekly_totals.html
Niall Horan,Heaven,2,0,44,198931,296438,Spotify MY Weekly Chart,https://kworb.net/spotify/country/my_weekly_totals.html
Britney Spears,Make Me...,11,0,72,39235,296437,Spotify MY Weekly Chart,https://kworb.net/spotify/country/my_weekly_totals.html
Enrique Iglesias,DUELE EL CORAZON,18,0,136,18032,296239,Spotify MY Weekly Chart,https://kworb.net/spotify/country/my_weekly_totals.html
Imagine Dragons,Whatever It Takes,9,0,86,45292,296207,Spotify MY Weekly Chart,https://kworb.net/spotify/country/my_weekly_totals.html
Don Miguelo,Y Que Fue?,2,0,135,148924,295979,Spotify MY Weekly Chart,https://kworb.net/spotify/country/my_weekly_totals.html
隊長,11,5,0,142,63007,295967,Spotify MY Weekly Chart,https://kworb.net/spotify/country/my_weekly_totals.html
Playboi Carti,RATHER LIE,2,0,79,162691,293899,Spotify MY Weekly Chart,https://kworb.net/spotify/country/my_weekly_totals.html
NCT U,Universe (Let's Play Ball),4,0,58,104899,293760,Spotify MY Weekly Chart,https://kworb.net/spotify/country/my_weekly_totals.html
TWICE,I GOT YOU,2,0,55,176318,293681,Spotify MY Weekly Chart,https://kworb.net/spotify/country/my_weekly_totals.html
Jin,Heart on the Window,2,0,78,169926,292836,Spotify MY Weekly Chart,https://kworb.net/spotify/country/my_weekly_totals.html
Carly Rae Jepsen,Run Away With Me,21,0,52,22551,291589,Spotify MY Weekly Chart,https://kworb.net/spotify/country/my_weekly_totals.html
Niall Horan,No Judgement,5,0,121,61762,290101,Spotify MY Weekly Chart,https://kworb.net/spotify/country/my_weekly_totals.html
Olly Alexander (Years & Years),King,21,0,40,23815,290042,Spotify MY Weekly Chart,https://kworb.net/spotify/country/my_weekly_totals.html
Dato' Sri Siti Nurhaliza,Raya Nak Ke Mana?,2,0,100,162544,289937,Spotify MY Weekly Chart,https://kworb.net/spotify/country/my_weekly_totals.html
BTS,The Planet,3,0,131,110702,289727,Spotify MY Weekly Chart,https://kworb.net/spotify/country/my_weekly_totals.html
Jung Kook,Please Don't Change,2,0,50,180496,289410,Spotify MY Weekly Chart,https://kworb.net/spotify/country/my_weekly_totals.html
Ed Sheeran,New Man,5,0,39,104679,289312,Spotify MY Weekly Chart,https://kworb.net/spotify/country/my_weekly_totals.html
Juice WRLD,Wandered To LA,4,0,69,94954,289101,Spotify MY Weekly Chart,https://kworb.net/spotify/country/my_weekly_totals.html
Jung Kook,Too Sad to Dance,2,0,48,183016,288821,Spotify MY Weekly Chart,https://kworb.net/spotify/country/my_weekly_totals.html
YNW Melly,Suicidal,5,0,113,60232,288241,Spotify MY Weekly Chart,https://kworb.net/spotify/country/my_weekly_totals.html
Sufian Suhaimi,Menggenggam Bahagia,3,0,174,96636,288062,Spotify MY Weekly Chart,https://kworb.net/spotify/country/my_weekly_totals.html
5 Seconds of Summer,She's Kinda Hot,17,0,43,28434,287808,Spotify MY Weekly Chart,https://kworb.net/spotify/country/my_weekly_totals.html
Mabel,Mad Love,6,0,108,58862,287761,Spotify MY Weekly Chart,https://kworb.net/spotify/country/my_weekly_totals.html
Marshmello,You Can Cry,4,0,44,80534,287713,Spotify MY Weekly Chart,https://kworb.net/spotify/country/my_weekly_totals.html
Sekumpulan Orang Gila,Pelukan Angkasa,4,0,79,86978,287705,Spotify MY Weekly Chart,https://kworb.net/spotify/country/my_weekly_totals.html
Dua Lipa,Want To,6,0,74,57597,287607,Spotify MY Weekly Chart,https://kworb.net/spotify/country/my_weekly_totals.html
Joji,YUKON (INTERLUDE),3,0,81,115491,287427,Spotify MY Weekly Chart,https://kworb.net/spotify/country/my_weekly_totals.html
Jackson Wang,Drive You Home,5,0,81,65382,287286,Spotify MY Weekly Chart,https://kworb.net/spotify/country/my_weekly_totals.html
Daya,Words,11,0,93,31136,287195,Spotify MY Weekly Chart,https://kworb.net/spotify/country/my_weekly_totals.html
Joji,Ew,4,0,42,101487,286788,Spotify MY Weekly Chart,https://kworb.net/spotify/country/my_weekly_totals.html
Akim And The Majistret,Obses,19,0,109,17135,286770,Spotify MY Weekly Chart,https://kworb.net/spotify/country/my_weekly_totals.html
Kanye West,All Mine,5,0,63,74067,286690,Spotify MY Weekly Chart,https://kworb.net/spotify/country/my_weekly_totals.html
iKON,GOODBYE ROAD - KR Ver.,5,0,58,74914,286231,Spotify MY Weekly Chart,https://kworb.net/spotify/country/my_weekly_totals.html
Post Malone,Paranoid,5,0,32,93154,286162,Spotify MY Weekly Chart,https://kworb.net/spotify/country/my_weekly_totals.html
Justin Bieber,GO BABY,2,0,96,145277,285996,Spotify MY Weekly Chart,https://kworb.net/spotify/country/my_weekly_totals.html
j-hope,Arson,3,0,32,142151,285794,Spotify MY Weekly Chart,https://kworb.net/spotify/country/my_weekly_totals.html
MAX,Lights Down Low,11,0,153,28588,285696,Spotify MY Weekly Chart,https://kworb.net/spotify/country/my_weekly_totals.html
Malique,Sedih Hati,3,0,152,102246,285561,Spotify MY Weekly Chart,https://kworb.net/spotify/country/my_weekly_totals.html
Westlife,Hello My Love,6,0,83,60811,285536,Spotify MY Weekly Chart,https://kworb.net/spotify/country/my_weekly_totals.html
Tulus,Monokrom,2,0,137,149667,285218,Spotify MY Weekly Chart,https://kworb.net/spotify/country/my_weekly_totals.html
Post Malone,Die For Me,4,0,54,89344,283951,Spotify MY Weekly Chart,https://kworb.net/spotify/country/my_weekly_totals.html
MAMAMOO,Egotistic,6,0,70,62427,283718,Spotify MY Weekly Chart,https://kworb.net/spotify/country/my_weekly_totals.html
BABYMONSTER,HOT SAUCE,2,0,82,157460,283585,Spotify MY Weekly Chart,https://kworb.net/spotify/country/my_weekly_totals.html
Jung Kook,Shot Glass of Tears,2,0,49,181906,283385,Spotify MY Weekly Chart,https://kworb.net/spotify/country/my_weekly_totals.html
JJ Lin,那些你很冒險的夢,8,0,124,48279,283306,Spotify MY Weekly Chart,https://kworb.net/spotify/country/my_weekly_totals.html
Shawn Mendes,Like To Be You feat. Julia Michaels,6,0,78,55807,283299,Spotify MY Weekly Chart,https://kworb.net/spotify/country/my_weekly_totals.html
XXXTENTACION,Fuck Love,7,0,71,60436,282981,Spotify MY Weekly Chart,https://kworb.net/spotify/country/my_weekly_totals.html
Talitha.,would you,6,0,102,54301,282313,Spotify MY Weekly Chart,https://kworb.net/spotify/country/my_weekly_totals.html
WINNER,REALLY REALLY,9,0,90,44962,281956,Spotify MY Weekly Chart,https://kworb.net/spotify/country/my_weekly_totals.html
Vicetone,Astronomia,6,0,120,53304,281793,Spotify MY Weekly Chart,https://kworb.net/spotify/country/my_weekly_totals.html
G.R.L.,Ugly Heart,20,0,26,24164,281675,Spotify MY Weekly Chart,https://kworb.net/spotify/country/my_weekly_totals.html
Selena Gomez,Boyfriend,4,0,52,87963,281571,Spotify MY Weekly Chart,https://kworb.net/spotify/country/my_weekly_totals.html
Miley Cyrus,When I Look At You,6,0,159,50307,281457,Spotify MY Weekly Chart,https://kworb.net/spotify/country/my_weekly_totals.html
Michael Jackson,Human Nature,2,0,144,143563,281449,Spotify MY Weekly Chart,https://kworb.net/spotify/country/my_weekly_totals.html
Taylor Swift,mirrorball,3,0,20,160473,281255,Spotify MY Weekly Chart,https://kworb.net/spotify/country/my_weekly_totals.html
Harry Styles,Matilda,3,0,48,119968,280661,Spotify MY Weekly Chart,https://kworb.net/spotify/country/my_weekly_totals.html
Beyoncé,7/11,19,0,26,24381,280644,Spotify MY Weekly Chart,https://kworb.net/spotify/country/my_weekly_totals.html
Aaron Carter,Sooner Or Later,9,0,108,34638,280565,Spotify MY Weekly Chart,https://kworb.net/spotify/country/my_weekly_totals.html
Jung Kook,Somebody,2,0,51,179593,280459,Spotify MY Weekly Chart,https://kworb.net/spotify/country/my_weekly_totals.html
Yellow Claw,Both of Us,8,0,109,41930,280177,Spotify MY Weekly Chart,https://kworb.net/spotify/country/my_weekly_totals.html
Nicki Minaj,The Night Is Still Young,15,0,21,37335,280148,Spotify MY Weekly Chart,https://kworb.net/spotify/country/my_weekly_totals.html
Kiiara,Messy,7,0,95,50579,280141,Spotify MY Weekly Chart,https://kworb.net/spotify/country/my_weekly_totals.html
Little Mix,Sweet Melody,5,0,109,61567,280115,Spotify MY Weekly Chart,https://kworb.net/spotify/country/my_weekly_totals.html
Heize,Can You See My Heart,6,0,146,50654,279599,Spotify MY Weekly Chart,https://kworb.net/spotify/country/my_weekly_totals.html
Shawn Mendes,Life Of The Party,31,0,24,18478,279538,Spotify MY Weekly Chart,https://kworb.net/spotify/country/my_weekly_totals.html
Camila Cabello,Shameless,4,0,58,86163,278849,Spotify MY Weekly Chart,https://kworb.net/spotify/country/my_weekly_totals.html
Maroon 5,This Summer,13,0,19,38458,277980,Spotify MY Weekly Chart,https://kworb.net/spotify/country/my_weekly_totals.html
Billie Eilish,SKINNY,2,0,79,163359,277840,Spotify MY Weekly Chart,https://kworb.net/spotify/country/my_weekly_totals.html
ZHU,Working For It - Bonus Track,16,0,104,21022,277326,Spotify MY Weekly Chart,https://kworb.net/spotify/country/my_weekly_totals.html
Travis Scott,STARGAZING,4,0,29,107376,277019,Spotify MY Weekly Chart,https://kworb.net/spotify/country/my_weekly_totals.html
MAMAMOO,gogobebe,5,0,90,62029,276652,Spotify MY Weekly Chart,https://kworb.net/spotify/country/my_weekly_totals.html
Jamal Abdillah,Sandarkan Pada Kenangan,2,0,122,143853,276565,Spotify MY Weekly Chart,https://kworb.net/spotify/country/my_weekly_totals.html
The Weeknd,São Paulo,2,0,97,155125,275610,Spotify MY Weekly Chart,https://kworb.net/spotify/country/my_weekly_totals.html
Ava Max,OMG What's Happening,4,0,65,75867,275427,Spotify MY Weekly Chart,https://kworb.net/spotify/country/my_weekly_totals.html
ENHYPEN,Future Perfect (Pass the MIC),4,0,86,84881,275368,Spotify MY Weekly Chart,https://kworb.net/spotify/country/my_weekly_totals.html
Sam Smith,Have Yourself A Merry Little Christmas,11,0,55,54799,275136,Spotify MY Weekly Chart,https://kworb.net/spotify/country/my_weekly_totals.html
Drake,"Hold On, We're Going Home",42,0,11,10443,274617,Spotify MY Weekly Chart,https://kworb.net/spotify/country/my_weekly_totals.html
Macklemore & Ryan Lewis,Can't Hold Us,41,0,30,13416,273624,Spotify MY Weekly Chart,https://kworb.net/spotify/country/my_weekly_totals.html
Justin Bieber,Mark My Words,12,0,25,57307,273098,Spotify MY Weekly Chart,https://kworb.net/spotify/country/my_weekly_totals.html
Sofaz,Janjiku,2,0,155,140980,272797,Spotify MY Weekly Chart,https://kworb.net/spotify/country/my_weekly_totals.html
Drake,Girls Want Girls,3,0,33,141782,272328,Spotify MY Weekly Chart,https://kworb.net/spotify/country/my_weekly_totals.html
Justin Bieber,No Pressure,12,0,33,49637,271834,Spotify MY Weekly Chart,https://kworb.net/spotify/country/my_weekly_totals.html
The Police,Every Breath You Take,2,0,158,145907,271802,Spotify MY Weekly Chart,https://kworb.net/spotify/country/my_weekly_totals.html
TWICE,LIKEY,8,0,150,37611,271799,Spotify MY Weekly Chart,https://kworb.net/spotify/country/my_weekly_totals.html
Adele,Rolling in the Deep,14,0,108,64079,271605,Spotify MY Weekly Chart,https://kworb.net/spotify/country/my_weekly_totals.html
LANY,up to me,5,0,66,72218,271424,Spotify MY Weekly Chart,https://kworb.net/spotify/country/my_weekly_totals.html
Bazzi,No Way!,4,0,70,79240,270694,Spotify MY Weekly Chart,https://kworb.net/spotify/country/my_weekly_totals.html
j-hope,Chicken Noodle Soup,4,0,44,112205,270476,Spotify MY Weekly Chart,https://kworb.net/spotify/country/my_weekly_totals.html
Sal Priadi,Kita usahakan rumah itu,2,0,166,135198,270258,Spotify MY Weekly Chart,https://kworb.net/spotify/country/my_weekly_totals.html
Nik Qistina,Young Hearts,8,0,55,49821,270091,Spotify MY Weekly Chart,https://kworb.net/spotify/country/my_weekly_totals.html
KSI,Lose,5,0,73,67901,269721,Spotify MY Weekly Chart,https://kworb.net/spotify/country/my_weekly_totals.html
PinkPantheress,Just for me,5,0,107,59180,268926,Spotify MY Weekly Chart,https://kworb.net/spotify/country/my_weekly_totals.html
BTS,Interlude : Shadow,3,0,51,135000,268665,Spotify MY Weekly Chart,https://kworb.net/spotify/country/my_weekly_totals.html
TOMORROW X TOGETHER,Chasing That Feeling,2,0,61,152647,268494,Spotify MY Weekly Chart,https://kworb.net/spotify/country/my_weekly_totals.html
G-DRAGON,DRAMA,2,0,72,156614,268223,Spotify MY Weekly Chart,https://kworb.net/spotify/country/my_weekly_totals.html
Spring,Romantis,2,0,167,136909,268205,Spotify MY Weekly Chart,https://kworb.net/spotify/country/my_weekly_totals.html
Eddy Kim,You are so beautiful,9,0,86,39146,268105,Spotify MY Weekly Chart,https://kworb.net/spotify/country/my_weekly_totals.html
Nicki Minaj,Bed Of Lies,17,0,14,32801,267656,Spotify MY Weekly Chart,https://kworb.net/spotify/country/my_weekly_totals.html
Jay Chou,Mojito,4,0,49,93495,267383,Spotify MY Weekly Chart,https://kworb.net/spotify/country/my_weekly_totals.html
keshi,TOUCH,4,0,94,77888,267167,Spotify MY Weekly Chart,https://kworb.net/spotify/country/my_weekly_totals.html
Anirudh Ravichander,Hukum - Thalaivar Alappara,2,0,65,157517,267068,Spotify MY Weekly Chart,https://kworb.net/spotify/country/my_weekly_totals.html
Michael Jackson,Don't Stop 'Til You Get Enough - Single Version,2,0,154,139500,266355,Spotify MY Weekly Chart,https://kworb.net/spotify/country/my_weekly_totals.html
Kanye West,Famous,12,0,57,38144,266317,Spotify MY Weekly Chart,https://kworb.net/spotify/country/my_weekly_totals.html
Justin Bieber,Life Is Worth Living,13,0,31,49473,265992,Spotify MY Weekly Chart,https://kworb.net/spotify/country/my_weekly_totals.html
Wali,Nenekku Pahlawanku,2,0,187,136140,265664,Spotify MY Weekly Chart,https://kworb.net/spotify/country/my_weekly_totals.html
Nicki Minaj,Anaconda,19,0,24,21362,265338,Spotify MY Weekly Chart,https://kworb.net/spotify/country/my_weekly_totals.html
Radiohead,Creep,2,0,183,133129,265048,Spotify MY Weekly Chart,https://kworb.net/spotify/country/my_weekly_totals.html
Tory Lanez,LUV,9,0,84,33012,264739,Spotify MY Weekly Chart,https://kworb.net/spotify/country/my_weekly_totals.html
MY ASTRO,天天好天,3,0,133,111443,264603,Spotify MY Weekly Chart,https://kworb.net/spotify/country/my_weekly_totals.html
Ainan Tasneem,Aku Suka Dia,2,0,183,133835,264255,Spotify MY Weekly Chart,https://kworb.net/spotify/country/my_weekly_totals.html
Ariana Grande,dandelion,2,0,96,134009,263858,Spotify MY Weekly Chart,https://kworb.net/spotify/country/my_weekly_totals.html
Skrillex,Would You Ever,8,0,111,39478,263696,Spotify MY Weekly Chart,https://kworb.net/spotify/country/my_weekly_totals.html
AlunaGeorge,You Know You Like It - DJ Snake Remix,7,0,20,43731,263567,Spotify MY Weekly Chart,https://kworb.net/spotify/country/my_weekly_totals.html
Taylor Swift,this is me trying,3,0,24,150448,263542,Spotify MY Weekly Chart,https://kworb.net/spotify/country/my_weekly_totals.html
PENTAGON,Daisy,5,0,105,60335,263241,Spotify MY Weekly Chart,https://kworb.net/spotify/country/my_weekly_totals.html
ATEEZ,Lemon Drop,1,0,24,263148,263148,Spotify MY Weekly Chart,https://kworb.net/spotify/country/my_weekly_totals.html
DJ Snake,Loco Contigo,6,0,160,46302,263142,Spotify MY Weekly Chart,https://kworb.net/spotify/country/my_weekly_totals.html
Mac Miller,Good News,4,0,77,82265,263129,Spotify MY Weekly Chart,https://kworb.net/spotify/country/my_weekly_totals.html
Justin Bieber,Get Me,4,0,51,106172,263118,Spotify MY Weekly Chart,https://kworb.net/spotify/country/my_weekly_totals.html
BABYMONSTER,PSYCHO,2,0,185,133627,263095,Spotify MY Weekly Chart,https://kworb.net/spotify/country/my_weekly_totals.html
Pitbull,Wild Wild Love,18,0,14,18695,262991,Spotify MY Weekly Chart,https://kworb.net/spotify/country/my_weekly_totals.html
Taylor Swift,Only The Young - Featured in Miss Americana,3,0,57,99765,262532,Spotify MY Weekly Chart,https://kworb.net/spotify/country/my_weekly_totals.html
Troye Sivan,Bloom,5,0,54,66532,262521,Spotify MY Weekly Chart,https://kworb.net/spotify/country/my_weekly_totals.html
Aisyah Aziz,Mimpi,3,0,144,97133,262306,Spotify MY Weekly Chart,https://kworb.net/spotify/country/my_weekly_totals.html
IVE,XOXZ,2,0,107,137557,262288,Spotify MY Weekly Chart,https://kworb.net/spotify/country/my_weekly_totals.html
Jonathan Groff,Lost in the Woods,4,0,74,83286,262231,Spotify MY Weekly Chart,https://kworb.net/spotify/country/my_weekly_totals.html
Sam Smith,I'm Not Here To Make Friends,3,0,149,93184,261994,Spotify MY Weekly Chart,https://kworb.net/spotify/country/my_weekly_totals.html
Miley Cyrus,We Can't Stop,45,18,1,9603,261629,Spotify MY Weekly Chart,https://kworb.net/spotify/country/my_weekly_totals.html
Nidza Afham,Rindu Setengah Mati,6,0,165,47032,261356,Spotify MY Weekly Chart,https://kworb.net/spotify/country/my_weekly_totals.html
TREASURE,IF I,1,0,27,261177,261177,Spotify MY Weekly Chart,https://kworb.net/spotify/country/my_weekly_totals.html
Joji,Your Man,4,0,49,91789,260867,Spotify MY Weekly Chart,https://kworb.net/spotify/country/my_weekly_totals.html
Stanaj,Romantic - NOTD Remix,9,0,96,36757,260625,Spotify MY Weekly Chart,https://kworb.net/spotify/country/my_weekly_totals.html
Jin,Close to You,2,0,130,140077,260570,Spotify MY Weekly Chart,https://kworb.net/spotify/country/my_weekly_totals.html
Khalil Fong,Love Song,2,0,77,152617,260314,Spotify MY Weekly Chart,https://kworb.net/spotify/country/my_weekly_totals.html
Clean Bandit,Baby,5,0,81,60592,259880,Spotify MY Weekly Chart,https://kworb.net/spotify/country/my_weekly_totals.html
Lil Uzi Vert,Watch This - ARIZONATEARS Pluggnb Remix,3,0,160,90673,259810,Spotify MY Weekly Chart,https://kworb.net/spotify/country/my_weekly_totals.html
Shakira,Chantaje,8,0,90,38198,259328,Spotify MY Weekly Chart,https://kworb.net/spotify/country/my_weekly_totals.html
Apink,I'm so sick,6,0,69,62367,259212,Spotify MY Weekly Chart,https://kworb.net/spotify/country/my_weekly_totals.html
French Montana,Writing on the Wall,5,0,129,56028,259155,Spotify MY Weekly Chart,https://kworb.net/spotify/country/my_weekly_totals.html
Charlie Puth,The Way I Am,6,0,58,64381,259058,Spotify MY Weekly Chart,https://kworb.net/spotify/country/my_weekly_totals.html
ENHYPEN,I NEED U - Spotify Singles,2,0,103,132260,258667,Spotify MY Weekly Chart,https://kworb.net/spotify/country/my_weekly_totals.html
The Chainsmokers,Break Up Every Night,7,0,54,68371,258566,Spotify MY Weekly Chart,https://kworb.net/spotify/country/my_weekly_totals.html
Hafiz Suip,Untuk Cinta,20,0,146,122850,258498,Spotify MY Weekly Chart,https://kworb.net/spotify/country/my_weekly_totals.html
Fazura,Cinderella,7,0,73,52225,258081,Spotify MY Weekly Chart,https://kworb.net/spotify/country/my_weekly_totals.html
BTS,Outro : Ego,3,0,53,132342,258053,Spotify MY Weekly Chart,https://kworb.net/spotify/country/my_weekly_totals.html
David Guetta,Bad,20,0,11,20523,258025,Spotify MY Weekly Chart,https://kworb.net/spotify/country/my_weekly_totals.html
Ariana Grande,Bad To You,3,0,48,110249,258023,Spotify MY Weekly Chart,https://kworb.net/spotify/country/my_weekly_totals.html
LE SSERAFIM,Swan Song,2,0,89,142900,257924,Spotify MY Weekly Chart,https://kworb.net/spotify/country/my_weekly_totals.html
Galantis,Bones,5,0,80,66108,257645,Spotify MY Weekly Chart,https://kworb.net/spotify/country/my_weekly_totals.html
Ariana Grande,bad idea,3,0,32,120293,257523,Spotify MY Weekly Chart,https://kworb.net/spotify/country/my_weekly_totals.html
Chris Brown,Undecided,5,0,86,59610,257469,Spotify MY Weekly Chart,https://kworb.net/spotify/country/my_weekly_totals.html
Taylor Swift,seven,3,0,27,146476,257338,Spotify MY Weekly Chart,https://kworb.net/spotify/country/my_weekly_totals.html
Red Velvet,Zimzalabim,4,0,61,89088,257174,Spotify MY Weekly Chart,https://kworb.net/spotify/country/my_weekly_totals.html
Drake,I'm Upset,6,0,62,66994,256782,Spotify MY Weekly Chart,https://kworb.net/spotify/country/my_weekly_totals.html
Matt Maltese,As the World Caves In,5,0,104,59146,256660,Spotify MY Weekly Chart,https://kworb.net/spotify/country/my_weekly_totals.html
Ariana Grande,imperfect for you,2,0,72,144789,256651,Spotify MY Weekly Chart,https://kworb.net/spotify/country/my_weekly_totals.html
Kris Kross Amsterdam,Whenever,6,0,96,52711,256266,Spotify MY Weekly Chart,https://kworb.net/spotify/country/my_weekly_totals.html
Jogja Hip Hop Foundation,Cintamu Sepahit Topi Miring,3,0,180,85963,256193,Spotify MY Weekly Chart,https://kworb.net/spotify/country/my_weekly_totals.html
D’MASIV,Merindukanmu,2,0,187,131041,255707,Spotify MY Weekly Chart,https://kworb.net/spotify/country/my_weekly_totals.html
Taylor Swift,Don’t Blame Me,3,0,133,120526,255380,Spotify MY Weekly Chart,https://kworb.net/spotify/country/my_weekly_totals.html
BTS,134340,3,0,21,136736,255322,Spotify MY Weekly Chart,https://kworb.net/spotify/country/my_weekly_totals.html
BTS,All Night (BTS World Original Soundtrack) [Pt. 3],3,0,38,119707,255216,Spotify MY Weekly Chart,https://kworb.net/spotify/country/my_weekly_totals.html
Ariana Grande,true story,2,0,69,147021,254905,Spotify MY Weekly Chart,https://kworb.net/spotify/country/my_weekly_totals.html
keshi,B.Y.S.,5,0,116,58477,254584,Spotify MY Weekly Chart,https://kworb.net/spotify/country/my_weekly_totals.html
Lizzo,Rumors,4,0,65,77691,254424,Spotify MY Weekly Chart,https://kworb.net/spotify/country/my_weekly_totals.html
Justin Bieber,Home To Mama,31,0,33,21703,254388,Spotify MY Weekly Chart,https://kworb.net/spotify/country/my_weekly_totals.html
Kygo,Higher Love,4,0,77,78398,254358,Spotify MY Weekly Chart,https://kworb.net/spotify/country/my_weekly_totals.html
Sufian Suhaimi,Mencuba,6,0,178,43704,254139,Spotify MY Weekly Chart,https://kworb.net/spotify/country/my_weekly_totals.html
Post Malone,Enemies,4,0,79,78718,253764,Spotify MY Weekly Chart,https://kworb.net/spotify/country/my_weekly_totals.html
DOLLA,QUESTION,2,0,167,130316,253232,Spotify MY Weekly Chart,https://kworb.net/spotify/country/my_weekly_totals.html
Sasha Alex Sloan,Normal,7,0,125,38982,252778,Spotify MY Weekly Chart,https://kworb.net/spotify/country/my_weekly_totals.html
Ed Sheeran,Hearts Don't Break Around Here,5,0,44,96939,252588,Spotify MY Weekly Chart,https://kworb.net/spotify/country/my_weekly_totals.html
shy martin,Forget to Forget,6,0,97,50254,252548,Spotify MY Weekly Chart,https://kworb.net/spotify/country/my_weekly_totals.html
Taylor Swift,You All Over Me,4,0,60,82141,252255,Spotify MY Weekly Chart,https://kworb.net/spotify/country/my_weekly_totals.html
Kygo,Not Ok,5,0,108,64948,251724,Spotify MY Weekly Chart,https://kworb.net/spotify/country/my_weekly_totals.html
TREASURE,MY TREASURE,5,0,89,62293,250783,Spotify MY Weekly Chart,https://kworb.net/spotify/country/my_weekly_totals.html
LAUV,Bracelet,3,0,26,104275,250655,Spotify MY Weekly Chart,https://kworb.net/spotify/country/my_weekly_totals.html
Joe Flizzow,Evo,16,0,70,19847,250104,Spotify MY Weekly Chart,https://kworb.net/spotify/country/my_weekly_totals.html
Jay Jay,Gurindam Di Pagi Syawal,4,0,108,71653,249575,Spotify MY Weekly Chart,https://kworb.net/spotify/country/my_weekly_totals.html
Taylor Swift,invisible string,3,0,29,140315,249408,Spotify MY Weekly Chart,https://kworb.net/spotify/country/my_weekly_totals.html
Jason Mraz,Love Someone,26,0,20,18801,249297,Spotify MY Weekly Chart,https://kworb.net/spotify/country/my_weekly_totals.html
Poo Bear,Hard 2 Face Reality,5,0,114,59084,248977,Spotify MY Weekly Chart,https://kworb.net/spotify/country/my_weekly_totals.html
Bazzi,I Like That,5,0,101,59659,248602,Spotify MY Weekly Chart,https://kworb.net/spotify/country/my_weekly_totals.html
Alex Warren,On My Mind,2,0,136,129520,248561,Spotify MY Weekly Chart,https://kworb.net/spotify/country/my_weekly_totals.html
Misha Omar,Tanpa Rela,5,0,138,55552,248459,Spotify MY Weekly Chart,https://kworb.net/spotify/country/my_weekly_totals.html
Jay Chou,晴天,7,0,144,87219,248441,Spotify MY Weekly Chart,https://kworb.net/spotify/country/my_weekly_totals.html
Jamie Miller,Wishes,4,0,127,65224,248396,Spotify MY Weekly Chart,https://kworb.net/spotify/country/my_weekly_totals.html
The Sam Willows,All Time High,14,0,77,23175,248349,Spotify MY Weekly Chart,https://kworb.net/spotify/country/my_weekly_totals.html
Idina Menzel,Let It Go,27,5,4,22534,248265,Spotify MY Weekly Chart,https://kworb.net/spotify/country/my_weekly_totals.html
Imagine Dragons,Not Today,10,0,54,44071,248116,Spotify MY Weekly Chart,https://kworb.net/spotify/country/my_weekly_totals.html
Ashley O,On A Roll,4,0,90,71893,248058,Spotify MY Weekly Chart,https://kworb.net/spotify/country/my_weekly_totals.html
Wany Hasrita,Rintihan Rindu,8,0,175,32580,247192,Spotify MY Weekly Chart,https://kworb.net/spotify/country/my_weekly_totals.html
ZXKAI,NO BATIDÃO,2,0,180,125877,246913,Spotify MY Weekly Chart,https://kworb.net/spotify/country/my_weekly_totals.html
Lukas Graham,Mama Said,12,0,104,25618,246449,Spotify MY Weekly Chart,https://kworb.net/spotify/country/my_weekly_totals.html
Bebe Rexha,No Broken Hearts,13,0,99,26598,246269,Spotify MY Weekly Chart,https://kworb.net/spotify/country/my_weekly_totals.html
Ren Ran,无人之岛,5,0,156,50619,246064,Spotify MY Weekly Chart,https://kworb.net/spotify/country/my_weekly_totals.html
aespa,Life's Too Short - English Version,2,0,50,123656,246061,Spotify MY Weekly Chart,https://kworb.net/spotify/country/my_weekly_totals.html
Sabrina Carpenter,Thumbs,9,0,142,30976,246004,Spotify MY Weekly Chart,https://kworb.net/spotify/country/my_weekly_totals.html
Eminem,Fall,4,0,48,73460,245979,Spotify MY Weekly Chart,https://kworb.net/spotify/country/my_weekly_totals.html
Julia Michaels,Jump,7,0,106,42539,245705,Spotify MY Weekly Chart,https://kworb.net/spotify/country/my_weekly_totals.html
NMIXX,Blue Valentine,2,0,159,126392,245591,Spotify MY Weekly Chart,https://kworb.net/spotify/country/my_weekly_totals.html
Kmy Kmo,ZUHUD,5,0,128,54831,245567,Spotify MY Weekly Chart,https://kworb.net/spotify/country/my_weekly_totals.html
Olly Alexander (Years & Years),If You're Over Me,6,0,95,52006,245510,Spotify MY Weekly Chart,https://kworb.net/spotify/country/my_weekly_totals.html
Taylor Swift,Hits Different,2,0,87,152631,245262,Spotify MY Weekly Chart,https://kworb.net/spotify/country/my_weekly_totals.html
Major Lazer,Powerful,16,0,56,26185,245226,Spotify MY Weekly Chart,https://kworb.net/spotify/country/my_weekly_totals.html
Jamie Miller,Here’s Your Perfect,5,0,138,52158,244346,Spotify MY Weekly Chart,https://kworb.net/spotify/country/my_weekly_totals.html
Billie Eilish,THE GREATEST,2,0,111,136361,244298,Spotify MY Weekly Chart,https://kworb.net/spotify/country/my_weekly_totals.html
Fetty Wap,Again,14,0,64,22152,244162,Spotify MY Weekly Chart,https://kworb.net/spotify/country/my_weekly_totals.html
Kygo,Raging,10,0,57,41462,244153,Spotify MY Weekly Chart,https://kworb.net/spotify/country/my_weekly_totals.html
BTS,Serendipity (Full Length Edition),4,0,33,105821,243839,Spotify MY Weekly Chart,https://kworb.net/spotify/country/my_weekly_totals.html
Jay Chou,算什麼男人,26,0,15,29779,243739,Spotify MY Weekly Chart,https://kworb.net/spotify/country/my_weekly_totals.html
Heize,Round and round,7,0,65,42222,243370,Spotify MY Weekly Chart,https://kworb.net/spotify/country/my_weekly_totals.html
V,White Christmas,2,0,156,125946,243229,Spotify MY Weekly Chart,https://kworb.net/spotify/country/my_weekly_totals.html
Olly Murs,Wrapped Up,16,0,19,26262,243044,Spotify MY Weekly Chart,https://kworb.net/spotify/country/my_weekly_totals.html
The Carters,APESHIT,5,0,79,57694,242288,Spotify MY Weekly Chart,https://kworb.net/spotify/country/my_weekly_totals.html
XXXTENTACION,whoa (mind in awe),6,0,132,46158,241789,Spotify MY Weekly Chart,https://kworb.net/spotify/country/my_weekly_totals.html
Agust D,People Pt.2,2,0,85,132002,241741,Spotify MY Weekly Chart,https://kworb.net/spotify/country/my_weekly_totals.html
WINNER,MILLIONS,5,0,90,57439,241605,Spotify MY Weekly Chart,https://kworb.net/spotify/country/my_weekly_totals.html
Younha,WINTER FLOWER(Feat.RM),4,0,91,71999,241426,Spotify MY Weekly Chart,https://kworb.net/spotify/country/my_weekly_totals.html
G. V. Prakash,"Hey Minnale (From ""Amaran"") (Tamil)",2,0,142,128486,241343,Spotify MY Weekly Chart,https://kworb.net/spotify/country/my_weekly_totals.html
Eminem,Walk On Water,4,0,35,91524,240851,Spotify MY Weekly Chart,https://kworb.net/spotify/country/my_weekly_totals.html
G-Eazy,Some Kind Of Drug,9,0,126,30858,240267,Spotify MY Weekly Chart,https://kworb.net/spotify/country/my_weekly_totals.html
Alex Warren,Eternity,2,0,151,121352,239622,Spotify MY Weekly Chart,https://kworb.net/spotify/country/my_weekly_totals.html
Evanescence,Bring Me To Life,2,0,145,127944,239465,Spotify MY Weekly Chart,https://kworb.net/spotify/country/my_weekly_totals.html
B.o.B,Nothing on You,2,0,134,132092,239341,Spotify MY Weekly Chart,https://kworb.net/spotify/country/my_weekly_totals.html
ELI,Change Your Mind,6,0,113,45784,238836,Spotify MY Weekly Chart,https://kworb.net/spotify/country/my_weekly_totals.html
Alesso,REMEDY,6,0,119,44445,238673,Spotify MY Weekly Chart,https://kworb.net/spotify/country/my_weekly_totals.html
Louis Tomlinson,Two of Us,5,0,103,55266,238646,Spotify MY Weekly Chart,https://kworb.net/spotify/country/my_weekly_totals.html
Doja Cat,Jealous Type,2,0,144,120788,238428,Spotify MY Weekly Chart,https://kworb.net/spotify/country/my_weekly_totals.html
MEOVV,BURNING UP,2,0,178,125063,238206,Spotify MY Weekly Chart,https://kworb.net/spotify/country/my_weekly_totals.html
Dua Lipa,Blow Your Mind (Mwah),9,0,97,31446,238201,Spotify MY Weekly Chart,https://kworb.net/spotify/country/my_weekly_totals.html
Khalid,The Ways,5,0,58,65090,237634,Spotify MY Weekly Chart,https://kworb.net/spotify/country/my_weekly_totals.html
Lil Uzi Vert,Futsal Shuffle 2020,5,0,158,51109,237329,Spotify MY Weekly Chart,https://kworb.net/spotify/country/my_weekly_totals.html
In-Team,Nur Kasih,2,0,141,120613,237282,Spotify MY Weekly Chart,https://kworb.net/spotify/country/my_weekly_totals.html
Tiësto,Carry You Home,6,0,107,46240,237023,Spotify MY Weekly Chart,https://kworb.net/spotify/country/my_weekly_totals.html
Meek Mill,All Eyes on You,13,0,44,27261,236923,Spotify MY Weekly Chart,https://kworb.net/spotify/country/my_weekly_totals.html
Ella,Baldu Biru,1,0,49,236586,236586,Spotify MY Weekly Chart,https://kworb.net/spotify/country/my_weekly_totals.html
SUNMI,LALALAY 날라리,4,0,88,72344,236161,Spotify MY Weekly Chart,https://kworb.net/spotify/country/my_weekly_totals.html
EXO,Cream Soda,2,0,102,131153,235709,Spotify MY Weekly Chart,https://kworb.net/spotify/country/my_weekly_totals.html
David Guetta,Say My Name,5,0,83,55677,235528,Spotify MY Weekly Chart,https://kworb.net/spotify/country/my_weekly_totals.html
Jason Derulo,Cheyenne,11,0,37,34107,235469,Spotify MY Weekly Chart,https://kworb.net/spotify/country/my_weekly_totals.html
Boyzone,When You Say Nothing At All,9,0,168,27289,235348,Spotify MY Weekly Chart,https://kworb.net/spotify/country/my_weekly_totals.html
Ariana Grande,sweetener,4,0,28,97820,235207,Spotify MY Weekly Chart,https://kworb.net/spotify/country/my_weekly_totals.html
BTS,Answer : Love Myself,4,0,35,104111,235124,Spotify MY Weekly Chart,https://kworb.net/spotify/country/my_weekly_totals.html
Justin Bieber,WALKING AWAY,2,0,152,123074,235009,Spotify MY Weekly Chart,https://kworb.net/spotify/country/my_weekly_totals.html
In-Team,Kasih Kekasih,2,0,145,118869,234502,Spotify MY Weekly Chart,https://kworb.net/spotify/country/my_weekly_totals.html
blackbear,do re mi,8,0,114,36124,234355,Spotify MY Weekly Chart,https://kworb.net/spotify/country/my_weekly_totals.html
Ariana Grande,warm,2,0,147,118294,234327,Spotify MY Weekly Chart,https://kworb.net/spotify/country/my_weekly_totals.html
Lady Gaga,Disease,2,0,166,118095,234134,Spotify MY Weekly Chart,https://kworb.net/spotify/country/my_weekly_totals.html
Ariana Grande,Hampstead,2,0,127,120105,233808,Spotify MY Weekly Chart,https://kworb.net/spotify/country/my_weekly_totals.html
Leyla Blue,What A Shame,5,0,140,50969,233761,Spotify MY Weekly Chart,https://kworb.net/spotify/country/my_weekly_totals.html
The Chainsmokers,Kills You Slowly,4,0,90,66398,233482,Spotify MY Weekly Chart,https://kworb.net/spotify/country/my_weekly_totals.html
Metro Boomin,Superhero (Heroes & Villains) [with Future & Chris Brown],3,0,189,82334,233218,Spotify MY Weekly Chart,https://kworb.net/spotify/country/my_weekly_totals.html
Selena Gomez,How Does It Feel To Be Forgotten,2,0,141,117430,233215,Spotify MY Weekly Chart,https://kworb.net/spotify/country/my_weekly_totals.html
Aiman Tino,Ku Sesat Dalam Rindu,7,0,163,35957,233119,Spotify MY Weekly Chart,https://kworb.net/spotify/country/my_weekly_totals.html
JIHYO,Killin′ Me Good,2,0,86,132839,232640,Spotify MY Weekly Chart,https://kworb.net/spotify/country/my_weekly_totals.html
ITZY,달라달라 DALLA DALLA,2,0,15,178866,232519,Spotify MY Weekly Chart,https://kworb.net/spotify/country/my_weekly_totals.html
Tove Lo,Stay High - Habits Remix,21,0,25,22549,232332,Spotify MY Weekly Chart,https://kworb.net/spotify/country/my_weekly_totals.html
Trey Songz,Slow Motion,18,0,53,21806,232168,Spotify MY Weekly Chart,https://kworb.net/spotify/country/my_weekly_totals.html
Aizat Amdan,Jangan Menangis,9,0,182,27330,232052,Spotify MY Weekly Chart,https://kworb.net/spotify/country/my_weekly_totals.html
Sean Paul,Mad Love,6,0,107,44101,231677,Spotify MY Weekly Chart,https://kworb.net/spotify/country/my_weekly_totals.html
CL,Hello Bitches,12,0,48,29387,231595,Spotify MY Weekly Chart,https://kworb.net/spotify/country/my_weekly_totals.html
Katy Perry,Bon Appétit,6,0,83,47615,231496,Spotify MY Weekly Chart,https://kworb.net/spotify/country/my_weekly_totals.html
i-dle,I DO,2,0,128,116280,231252,Spotify MY Weekly Chart,https://kworb.net/spotify/country/my_weekly_totals.html
V,For Us,2,0,82,132490,231044,Spotify MY Weekly Chart,https://kworb.net/spotify/country/my_weekly_totals.html
Megan Thee Stallion,Thot Shit,5,0,138,51080,230385,Spotify MY Weekly Chart,https://kworb.net/spotify/country/my_weekly_totals.html
Sam Fischer,What Other People Say,5,0,172,47124,230183,Spotify MY Weekly Chart,https://kworb.net/spotify/country/my_weekly_totals.html
"Tyler, The Creator",Sugar On My Tongue,2,0,177,115194,230051,Spotify MY Weekly Chart,https://kworb.net/spotify/country/my_weekly_totals.html
aespa,Life's Too Short (English Version),3,0,63,99680,229990,Spotify MY Weekly Chart,https://kworb.net/spotify/country/my_weekly_totals.html
Big Red Machine,Renegade,4,0,64,76023,229986,Spotify MY Weekly Chart,https://kworb.net/spotify/country/my_weekly_totals.html
Stray Kids,CEREMONY,2,0,131,125171,229734,Spotify MY Weekly Chart,https://kworb.net/spotify/country/my_weekly_totals.html
ALLDAY PROJECT,WICKED,2,0,171,118182,229431,Spotify MY Weekly Chart,https://kworb.net/spotify/country/my_weekly_totals.html
Nate Ruess,Nothing Without Love,18,0,33,27040,229348,Spotify MY Weekly Chart,https://kworb.net/spotify/country/my_weekly_totals.html
The Vamps,Wake Up,19,0,75,18441,229315,Spotify MY Weekly Chart,https://kworb.net/spotify/country/my_weekly_totals.html
Shakira,Can't Remember to Forget You,18,0,13,17212,229257,Spotify MY Weekly Chart,https://kworb.net/spotify/country/my_weekly_totals.html
Unknown Artist,Nikmat Hari Raya,4,0,73,87263,228925,Spotify MY Weekly Chart,https://kworb.net/spotify/country/my_weekly_totals.html
Gunna,pushin P,4,0,146,59484,228845,Spotify MY Weekly Chart,https://kworb.net/spotify/country/my_weekly_totals.html
SALES,Pope Is a Rockstar,4,0,138,60211,228774,Spotify MY Weekly Chart,https://kworb.net/spotify/country/my_weekly_totals.html
Various Artists,Takbir Raya,3,0,36,111590,228213,Spotify MY Weekly Chart,https://kworb.net/spotify/country/my_weekly_totals.html
DOLLA,MWA!,2,0,150,118194,228164,Spotify MY Weekly Chart,https://kworb.net/spotify/country/my_weekly_totals.html
Juice WRLD,Bandit,5,0,177,47786,227483,Spotify MY Weekly Chart,https://kworb.net/spotify/country/my_weekly_totals.html
Yuvan Shankar Raja,"Matta (From ""The Greatest Of All Time"")",2,0,148,118125,227051,Spotify MY Weekly Chart,https://kworb.net/spotify/country/my_weekly_totals.html
Chappell Roan,Pink Pony Club,2,0,173,121085,227032,Spotify MY Weekly Chart,https://kworb.net/spotify/country/my_weekly_totals.html
Charlie Puth,Change,5,0,80,56745,226944,Spotify MY Weekly Chart,https://kworb.net/spotify/country/my_weekly_totals.html
HYO,DESSERT,5,0,174,46920,226877,Spotify MY Weekly Chart,https://kworb.net/spotify/country/my_weekly_totals.html
i-dle,DUMDi DUMDi,4,0,101,63180,226697,Spotify MY Weekly Chart,https://kworb.net/spotify/country/my_weekly_totals.html
ITZY,Girls Will Be Girls,1,0,45,225915,225915,Spotify MY Weekly Chart,https://kworb.net/spotify/country/my_weekly_totals.html
Anirudh Ravichander,Badass,2,0,86,130176,225840,Spotify MY Weekly Chart,https://kworb.net/spotify/country/my_weekly_totals.html
Eminem,Not Alike,4,0,53,72548,225801,Spotify MY Weekly Chart,https://kworb.net/spotify/country/my_weekly_totals.html
Exist,Langkah Seiringan,2,0,169,113955,225626,Spotify MY Weekly Chart,https://kworb.net/spotify/country/my_weekly_totals.html
HyunA,I'm Not Cool,4,0,64,75964,225585,Spotify MY Weekly Chart,https://kworb.net/spotify/country/my_weekly_totals.html
Drake,Pain 1993,3,0,51,86197,225536,Spotify MY Weekly Chart,https://kworb.net/spotify/country/my_weekly_totals.html
MAMAMOO,AYA,4,0,87,69085,225458,Spotify MY Weekly Chart,https://kworb.net/spotify/country/my_weekly_totals.html
Sigala,We Don't Care,6,0,121,44142,224897,Spotify MY Weekly Chart,https://kworb.net/spotify/country/my_weekly_totals.html
Nause,Dynamite,10,0,123,25686,224705,Spotify MY Weekly Chart,https://kworb.net/spotify/country/my_weekly_totals.html
Sunjae,I'm Missing You,4,0,69,72990,224565,Spotify MY Weekly Chart,https://kworb.net/spotify/country/my_weekly_totals.html
ATEEZ,BOUNCY (K-HOT CHILLI PEPPERS),2,0,112,123092,224552,Spotify MY Weekly Chart,https://kworb.net/spotify/country/my_weekly_totals.html
Nelly,The Fix,18,0,86,16962,224482,Spotify MY Weekly Chart,https://kworb.net/spotify/country/my_weekly_totals.html
Camila Cabello,Havana - Remix,5,0,78,53948,224377,Spotify MY Weekly Chart,https://kworb.net/spotify/country/my_weekly_totals.html
TOMORROW X TOGETHER,Tinnitus (Wanna be a rock),2,0,71,128069,224052,Spotify MY Weekly Chart,https://kworb.net/spotify/country/my_weekly_totals.html
BAEKHYUN,Bambi,4,0,64,78829,223434,Spotify MY Weekly Chart,https://kworb.net/spotify/country/my_weekly_totals.html
Maman Fvndy,Tia Monika - Remix,2,0,184,112240,223270,Spotify MY Weekly Chart,https://kworb.net/spotify/country/my_weekly_totals.html
HEDEGAARD,Need You Right Now,5,0,89,52430,222913,Spotify MY Weekly Chart,https://kworb.net/spotify/country/my_weekly_totals.html
i-dle,Super Lady,2,0,134,121358,222890,Spotify MY Weekly Chart,https://kworb.net/spotify/country/my_weekly_totals.html
Queen,Another One Bites The Dust - Remastered 2011,4,0,71,64567,222785,Spotify MY Weekly Chart,https://kworb.net/spotify/country/my_weekly_totals.html
BTS,Run,13,0,61,64209,222405,Spotify MY Weekly Chart,https://kworb.net/spotify/country/my_weekly_totals.html
shy martin,Good Together,5,0,76,54349,222382,Spotify MY Weekly Chart,https://kworb.net/spotify/country/my_weekly_totals.html
Bebe Rexha,I'm Gonna Show You Crazy,11,0,23,25117,222053,Spotify MY Weekly Chart,https://kworb.net/spotify/country/my_weekly_totals.html
Taylor Swift,Cornelia Street,3,0,40,114861,221892,Spotify MY Weekly Chart,https://kworb.net/spotify/country/my_weekly_totals.html
TOMORROW X TOGETHER,Can't You See Me?,4,0,70,75072,221670,Spotify MY Weekly Chart,https://kworb.net/spotify/country/my_weekly_totals.html
5 Seconds of Summer,No Shame,3,0,61,95027,221595,Spotify MY Weekly Chart,https://kworb.net/spotify/country/my_weekly_totals.html
GOT7,You Calling My Name,4,0,98,65899,221455,Spotify MY Weekly Chart,https://kworb.net/spotify/country/my_weekly_totals.html
Heize,Hold Me Back,2,0,157,111363,221449,Spotify MY Weekly Chart,https://kworb.net/spotify/country/my_weekly_totals.html
Eminem,Kamikaze,4,0,46,80004,219956,Spotify MY Weekly Chart,https://kworb.net/spotify/country/my_weekly_totals.html
XXXTENTACION,Everybody Dies In Their Nightmares,5,0,73,58857,219831,Spotify MY Weekly Chart,https://kworb.net/spotify/country/my_weekly_totals.html
NAYEON,LOVE COUNTDOWN,3,0,71,97848,219453,Spotify MY Weekly Chart,https://kworb.net/spotify/country/my_weekly_totals.html
Ariana Grande,Just Look Up (From Don’t Look Up),4,0,139,58989,218715,Spotify MY Weekly Chart,https://kworb.net/spotify/country/my_weekly_totals.html
BIGBANG,GIRLFRIEND,7,0,65,46873,218293,Spotify MY Weekly Chart,https://kworb.net/spotify/country/my_weekly_totals.html
Sam Feldt,Wishing Well,7,0,164,34589,218261,Spotify MY Weekly Chart,https://kworb.net/spotify/country/my_weekly_totals.html
SHINee,Don't Call Me,4,0,96,60284,218039,Spotify MY Weekly Chart,https://kworb.net/spotify/country/my_weekly_totals.html
One Direction,End of the Day,8,0,23,61939,217768,Spotify MY Weekly Chart,https://kworb.net/spotify/country/my_weekly_totals.html
BTS,FAKE LOVE (Rocking Vibe Mix),5,0,91,58594,217680,Spotify MY Weekly Chart,https://kworb.net/spotify/country/my_weekly_totals.html
Galantis,Heartbreak Anthem,5,0,153,47801,217657,Spotify MY Weekly Chart,https://kworb.net/spotify/country/my_weekly_totals.html
Jessi,What Type of X,4,0,92,67797,217647,Spotify MY Weekly Chart,https://kworb.net/spotify/country/my_weekly_totals.html
Quavo,Tough,2,0,153,112166,217589,Spotify MY Weekly Chart,https://kworb.net/spotify/country/my_weekly_totals.html
Bedtime Lullabies,The World Is Happy,5,4,1,79332,217467,Spotify MY Weekly Chart,https://kworb.net/spotify/country/my_weekly_totals.html
OneRepublic,Wanted,4,0,100,66279,217418,Spotify MY Weekly Chart,https://kworb.net/spotify/country/my_weekly_totals.html
Taylor Swift,The Great War,2,0,80,122096,217299,Spotify MY Weekly Chart,https://kworb.net/spotify/country/my_weekly_totals.html
XG,GRL GVNG,2,0,134,118354,217235,Spotify MY Weekly Chart,https://kworb.net/spotify/country/my_weekly_totals.html
Stray Kids,Mixtape : OH,4,0,93,62486,217069,Spotify MY Weekly Chart,https://kworb.net/spotify/country/my_weekly_totals.html
Ukays,Disana Menanti Di Sini Menunggu,2,0,175,111415,216791,Spotify MY Weekly Chart,https://kworb.net/spotify/country/my_weekly_totals.html
Joji,Feeling Like The End,2,0,59,137084,216568,Spotify MY Weekly Chart,https://kworb.net/spotify/country/my_weekly_totals.html
Jestinna Kuan,虎年新年到,3,0,54,100968,216152,Spotify MY Weekly Chart,https://kworb.net/spotify/country/my_weekly_totals.html
Rita Ora,Only Want You,5,0,98,52932,215961,Spotify MY Weekly Chart,https://kworb.net/spotify/country/my_weekly_totals.html
Ariana Grande,ghostin,3,0,36,110967,215688,Spotify MY Weekly Chart,https://kworb.net/spotify/country/my_weekly_totals.html
Travis Scott,MELTDOWN,2,0,126,117994,215627,Spotify MY Weekly Chart,https://kworb.net/spotify/country/my_weekly_totals.html
XXXTENTACION,BAD!,4,0,76,61325,215447,Spotify MY Weekly Chart,https://kworb.net/spotify/country/my_weekly_totals.html
Shawn Mendes,Where Were You In The Morning?,4,0,54,76676,215415,Spotify MY Weekly Chart,https://kworb.net/spotify/country/my_weekly_totals.html
Charlie Puth,Smells Like Me,3,0,114,80171,215184,Spotify MY Weekly Chart,https://kworb.net/spotify/country/my_weekly_totals.html
Dean Lewis,7 Minutes,5,0,119,50856,215172,Spotify MY Weekly Chart,https://kworb.net/spotify/country/my_weekly_totals.html
Doechii,DENIAL IS A RIVER,2,0,178,109005,215037,Spotify MY Weekly Chart,https://kworb.net/spotify/country/my_weekly_totals.html
Daya,Safe,6,0,135,39263,214936,Spotify MY Weekly Chart,https://kworb.net/spotify/country/my_weekly_totals.html
Martin Jensen,Nobody,5,0,160,45627,214782,Spotify MY Weekly Chart,https://kworb.net/spotify/country/my_weekly_totals.html
Kygo,Like It Is,4,0,103,60867,214399,Spotify MY Weekly Chart,https://kworb.net/spotify/country/my_weekly_totals.html
Gracie Abrams,Close To You,2,0,168,107670,214238,Spotify MY Weekly Chart,https://kworb.net/spotify/country/my_weekly_totals.html
Rauw Alejandro,Todo De Ti,5,0,187,43541,214146,Spotify MY Weekly Chart,https://kworb.net/spotify/country/my_weekly_totals.html
HWASA,TWIT,5,0,139,45939,214039,Spotify MY Weekly Chart,https://kworb.net/spotify/country/my_weekly_totals.html
Enrique Iglesias,SUBEME LA RADIO,8,0,158,29582,213843,Spotify MY Weekly Chart,https://kworb.net/spotify/country/my_weekly_totals.html
Rihanna,American Oxygen,14,0,15,34362,213737,Spotify MY Weekly Chart,https://kworb.net/spotify/country/my_weekly_totals.html
Omarion,Post to Be,22,0,60,19214,213472,Spotify MY Weekly Chart,https://kworb.net/spotify/country/my_weekly_totals.html
Nico & Vinz,In Your Arms,13,0,24,25976,213047,Spotify MY Weekly Chart,https://kworb.net/spotify/country/my_weekly_totals.html
Julia Michaels,Uh Huh,6,0,86,43615,212123,Spotify MY Weekly Chart,https://kworb.net/spotify/country/my_weekly_totals.html
R3HAB,Ain't That Why,6,0,120,41007,211972,Spotify MY Weekly Chart,https://kworb.net/spotify/country/my_weekly_totals.html
Taylor Swift,Bigger Than The Whole Sky,2,0,77,123608,211823,Spotify MY Weekly Chart,https://kworb.net/spotify/country/my_weekly_totals.html
Bernadya,Apa Mungkin,2,0,171,106450,211805,Spotify MY Weekly Chart,https://kworb.net/spotify/country/my_weekly_totals.html
KARD,Don't Recall,7,0,102,37272,211163,Spotify MY Weekly Chart,https://kworb.net/spotify/country/my_weekly_totals.html
The Weeknd,Hurt You,3,0,24,115485,211025,Spotify MY Weekly Chart,https://kworb.net/spotify/country/my_weekly_totals.html
Najwa Latif,Dua (Feat. Akwa Arifin),4,0,101,60530,210870,Spotify MY Weekly Chart,https://kworb.net/spotify/country/my_weekly_totals.html
BIGBANG,WE LIKE 2 PARTY,18,0,49,21718,210831,Spotify MY Weekly Chart,https://kworb.net/spotify/country/my_weekly_totals.html
Ariana Grande,Saturn Returns Interlude,2,0,102,123526,210795,Spotify MY Weekly Chart,https://kworb.net/spotify/country/my_weekly_totals.html
Conrad Sewell,Hold Me Up,11,0,59,23168,210715,Spotify MY Weekly Chart,https://kworb.net/spotify/country/my_weekly_totals.html
Post Malone,I Had Some Help (Feat. Morgan Wallen),2,0,181,106263,210685,Spotify MY Weekly Chart,https://kworb.net/spotify/country/my_weekly_totals.html
Dato' Sri Siti Nurhaliza,Meriah Suasana Hari Raya,3,0,136,112983,210626,Spotify MY Weekly Chart,https://kworb.net/spotify/country/my_weekly_totals.html
Taylor Swift,"Would've, Could've, Should've",2,0,87,118308,210395,Spotify MY Weekly Chart,https://kworb.net/spotify/country/my_weekly_totals.html
Billie Eilish,listen before i go,4,0,67,76280,210394,Spotify MY Weekly Chart,https://kworb.net/spotify/country/my_weekly_totals.html
Pink Sweat$,Honesty,5,0,150,44215,209926,Spotify MY Weekly Chart,https://kworb.net/spotify/country/my_weekly_totals.html
Drake,NOKIA,2,0,183,105830,209810,Spotify MY Weekly Chart,https://kworb.net/spotify/country/my_weekly_totals.html
aespa,Welcome To MY World,2,0,102,121802,209759,Spotify MY Weekly Chart,https://kworb.net/spotify/country/my_weekly_totals.html
PARTYNEXTDOOR,BELIEVE IT,3,0,59,82919,209658,Spotify MY Weekly Chart,https://kworb.net/spotify/country/my_weekly_totals.html
Fiq7,Rindu Tak Terucap,2,0,179,107327,209487,Spotify MY Weekly Chart,https://kworb.net/spotify/country/my_weekly_totals.html
BTS,Outro: Her,4,0,64,66774,209441,Spotify MY Weekly Chart,https://kworb.net/spotify/country/my_weekly_totals.html
Ai.Z,The Last Thing,4,0,98,62417,209413,Spotify MY Weekly Chart,https://kworb.net/spotify/country/my_weekly_totals.html
Bernadya,Kini Mereka Tahu,2,0,178,105554,209301,Spotify MY Weekly Chart,https://kworb.net/spotify/country/my_weekly_totals.html
Calvin Harris,Heatstroke,6,0,77,50180,209142,Spotify MY Weekly Chart,https://kworb.net/spotify/country/my_weekly_totals.html
The Chainsmokers,#SELFIE,13,5,2,23890,208946,Spotify MY Weekly Chart,https://kworb.net/spotify/country/my_weekly_totals.html
Hailee Steinfeld,"Back to Life - from ""Bumblebee""",5,0,107,49583,208749,Spotify MY Weekly Chart,https://kworb.net/spotify/country/my_weekly_totals.html
BIGBANG,FANTASTIC BABY - Japanese ver.,2,0,197,105379,208638,Spotify MY Weekly Chart,https://kworb.net/spotify/country/my_weekly_totals.html
SuperM,Tiger Inside,4,0,114,60575,208278,Spotify MY Weekly Chart,https://kworb.net/spotify/country/my_weekly_totals.html
Little Mix,Hair,10,0,101,25060,208260,Spotify MY Weekly Chart,https://kworb.net/spotify/country/my_weekly_totals.html
KAI,Peaches,3,0,75,92204,208061,Spotify MY Weekly Chart,https://kworb.net/spotify/country/my_weekly_totals.html
MAVE:,PANDORA,2,0,118,104545,207831,Spotify MY Weekly Chart,https://kworb.net/spotify/country/my_weekly_totals.html
Miley Cyrus,Mother's Daughter,4,0,93,59774,207685,Spotify MY Weekly Chart,https://kworb.net/spotify/country/my_weekly_totals.html
Travis Scott,FRANCHISE,3,0,44,97376,207663,Spotify MY Weekly Chart,https://kworb.net/spotify/country/my_weekly_totals.html
Vice,Obsession,7,0,120,34347,207560,Spotify MY Weekly Chart,https://kworb.net/spotify/country/my_weekly_totals.html
Maroon 5,It Was Always You,17,0,20,22113,207310,Spotify MY Weekly Chart,https://kworb.net/spotify/country/my_weekly_totals.html
J Balvin,UN DIA (ONE DAY) (Feat. Tainy),4,0,128,56874,207020,Spotify MY Weekly Chart,https://kworb.net/spotify/country/my_weekly_totals.html
Joe Flizzow,Apa Khabar,25,0,37,20550,206765,Spotify MY Weekly Chart,https://kworb.net/spotify/country/my_weekly_totals.html
Gracie Abrams,us.,2,0,181,103503,206631,Spotify MY Weekly Chart,https://kworb.net/spotify/country/my_weekly_totals.html
BLACKPINK,Fxxxboy,1,0,49,206558,206558,Spotify MY Weekly Chart,https://kworb.net/spotify/country/my_weekly_totals.html
Rich Brian,Glow Like Dat,7,0,121,35947,206461,Spotify MY Weekly Chart,https://kworb.net/spotify/country/my_weekly_totals.html
3P,我的媽呀,2,0,85,119772,206399,Spotify MY Weekly Chart,https://kworb.net/spotify/country/my_weekly_totals.html
Alec Benjamin,Mind Is A Prison,4,0,137,54467,206343,Spotify MY Weekly Chart,https://kworb.net/spotify/country/my_weekly_totals.html
Troye Sivan,Rush,2,0,133,111707,206028,Spotify MY Weekly Chart,https://kworb.net/spotify/country/my_weekly_totals.html
BTS,Permission to Dance (Instrumental),3,0,45,108950,205737,Spotify MY Weekly Chart,https://kworb.net/spotify/country/my_weekly_totals.html
Ariana Grande,Best Mistake,34,0,29,18568,205535,Spotify MY Weekly Chart,https://kworb.net/spotify/country/my_weekly_totals.html
yuji,tired,2,0,146,111101,205276,Spotify MY Weekly Chart,https://kworb.net/spotify/country/my_weekly_totals.html
One Direction,What a Feeling,11,0,37,45934,204923,Spotify MY Weekly Chart,https://kworb.net/spotify/country/my_weekly_totals.html
Taylor Swift,London Boy,3,0,49,104181,204236,Spotify MY Weekly Chart,https://kworb.net/spotify/country/my_weekly_totals.html
Yuna,Camaraderie,2,0,116,109794,204162,Spotify MY Weekly Chart,https://kworb.net/spotify/country/my_weekly_totals.html
SZA,Seek & Destroy,2,0,86,120908,204121,Spotify MY Weekly Chart,https://kworb.net/spotify/country/my_weekly_totals.html
Overdose,Over Me,2,0,124,111537,203996,Spotify MY Weekly Chart,https://kworb.net/spotify/country/my_weekly_totals.html
Elizabeth Tan,Knock Knock,25,0,65,11538,203907,Spotify MY Weekly Chart,https://kworb.net/spotify/country/my_weekly_totals.html
Galantis,Peanut Butter Jelly,22,0,68,15692,203694,Spotify MY Weekly Chart,https://kworb.net/spotify/country/my_weekly_totals.html
Lorde,Homemade Dynamite,5,0,76,45885,203481,Spotify MY Weekly Chart,https://kworb.net/spotify/country/my_weekly_totals.html
Najwa Latif,Satu Hari Nanti,11,0,146,108951,203279,Spotify MY Weekly Chart,https://kworb.net/spotify/country/my_weekly_totals.html
Queen,Somebody To Love - Remastered 2011,4,0,79,59704,203023,Spotify MY Weekly Chart,https://kworb.net/spotify/country/my_weekly_totals.html
keshi,War With Heaven,4,0,110,57705,202953,Spotify MY Weekly Chart,https://kworb.net/spotify/country/my_weekly_totals.html
NCT 127,Lemonade,3,0,60,97939,202946,Spotify MY Weekly Chart,https://kworb.net/spotify/country/my_weekly_totals.html
攬佬SKAI ISYOURGOD,大展鴻圖,2,0,190,101750,202412,Spotify MY Weekly Chart,https://kworb.net/spotify/country/my_weekly_totals.html
Westlife,Better Man,4,0,112,57202,202314,Spotify MY Weekly Chart,https://kworb.net/spotify/country/my_weekly_totals.html
Joji,Like You Do,3,0,93,68813,202123,Spotify MY Weekly Chart,https://kworb.net/spotify/country/my_weekly_totals.html
Ariana Grande,kiss me,1,0,60,201777,201777,Spotify MY Weekly Chart,https://kworb.net/spotify/country/my_weekly_totals.html
Alan Walker,Heading Home,4,0,96,60418,201738,Spotify MY Weekly Chart,https://kworb.net/spotify/country/my_weekly_totals.html
FINNEAS,What They'll Say About Us,4,0,131,54844,201636,Spotify MY Weekly Chart,https://kworb.net/spotify/country/my_weekly_totals.html
Bebe Rexha,Bad Bitch,7,0,139,31683,201478,Spotify MY Weekly Chart,https://kworb.net/spotify/country/my_weekly_totals.html
True Damage,GIANTS,3,0,54,95915,201407,Spotify MY Weekly Chart,https://kworb.net/spotify/country/my_weekly_totals.html
BTS,Respect,2,0,52,133729,201351,Spotify MY Weekly Chart,https://kworb.net/spotify/country/my_weekly_totals.html
BSS,Fighting (Feat. Lee Young Ji),2,0,111,107172,201279,Spotify MY Weekly Chart,https://kworb.net/spotify/country/my_weekly_totals.html
ZAYN,Fingers,4,0,85,60370,201186,Spotify MY Weekly Chart,https://kworb.net/spotify/country/my_weekly_totals.html
LOONA,PTT (Paint The Town),4,0,118,56154,200899,Spotify MY Weekly Chart,https://kworb.net/spotify/country/my_weekly_totals.html
Ed Sheeran,Celestial,3,0,157,70637,200880,Spotify MY Weekly Chart,https://kworb.net/spotify/country/my_weekly_totals.html
Ariana Grande,fake smile,3,0,40,104971,200755,Spotify MY Weekly Chart,https://kworb.net/spotify/country/my_weekly_totals.html
Rich The Kid,Plug Walk,5,0,113,44444,200645,Spotify MY Weekly Chart,https://kworb.net/spotify/country/my_weekly_totals.html
Dua Lipa,Homesick,6,0,126,39815,200444,Spotify MY Weekly Chart,https://kworb.net/spotify/country/my_weekly_totals.html
SZA,Kill Bill - Sped Up Version,2,0,109,106495,200214,Spotify MY Weekly Chart,https://kworb.net/spotify/country/my_weekly_totals.html
Nick Jonas,Levels,12,0,50,25858,199514,Spotify MY Weekly Chart,https://kworb.net/spotify/country/my_weekly_totals.html
Taylor Swift,illicit affairs,2,0,31,138460,198753,Spotify MY Weekly Chart,https://kworb.net/spotify/country/my_weekly_totals.html
BLACKPINK,Really,2,0,17,119422,198083,Spotify MY Weekly Chart,https://kworb.net/spotify/country/my_weekly_totals.html
Khalid,Right Back,4,0,132,51357,198076,Spotify MY Weekly Chart,https://kworb.net/spotify/country/my_weekly_totals.html
ATEEZ,HALAZIA,2,0,103,102807,197915,Spotify MY Weekly Chart,https://kworb.net/spotify/country/my_weekly_totals.html
BLACKPINK,Me and my,1,0,50,197855,197855,Spotify MY Weekly Chart,https://kworb.net/spotify/country/my_weekly_totals.html
Michael Jackson,Love Never Felt so Good,25,0,14,18992,196834,Spotify MY Weekly Chart,https://kworb.net/spotify/country/my_weekly_totals.html
Chelsea Cutler,You're Not Missing Me,6,0,143,35149,196635,Spotify MY Weekly Chart,https://kworb.net/spotify/country/my_weekly_totals.html
JVKE,golden hour - Fujii Kaze Remix,2,0,124,106495,196033,Spotify MY Weekly Chart,https://kworb.net/spotify/country/my_weekly_totals.html
IU,strawberry moon,3,0,91,84958,195710,Spotify MY Weekly Chart,https://kworb.net/spotify/country/my_weekly_totals.html
Beat Record,Standing Next to You - Sped Up - Remix,1,0,49,195652,195652,Spotify MY Weekly Chart,https://kworb.net/spotify/country/my_weekly_totals.html
Joji,TEST DRIVE,4,0,88,57354,195207,Spotify MY Weekly Chart,https://kworb.net/spotify/country/my_weekly_totals.html
John Mayer,Your Body Is a Wonderland,20,0,132,17797,194482,Spotify MY Weekly Chart,https://kworb.net/spotify/country/my_weekly_totals.html
Queen,Don't Stop Me Now - Remastered 2011,4,0,89,56462,194224,Spotify MY Weekly Chart,https://kworb.net/spotify/country/my_weekly_totals.html
Demi Lovato,Really Don't Care,16,0,20,21994,194142,Spotify MY Weekly Chart,https://kworb.net/spotify/country/my_weekly_totals.html
CHUNG HA,Stay Tonight,4,0,88,58852,194129,Spotify MY Weekly Chart,https://kworb.net/spotify/country/my_weekly_totals.html
Ed Sheeran,Barcelona,4,0,57,79590,194059,Spotify MY Weekly Chart,https://kworb.net/spotify/country/my_weekly_totals.html
Taylor Swift,Speak Now (Taylor's Version),1,0,51,194019,194019,Spotify MY Weekly Chart,https://kworb.net/spotify/country/my_weekly_totals.html
SonaOne,Firefly,14,0,116,15680,193899,Spotify MY Weekly Chart,https://kworb.net/spotify/country/my_weekly_totals.html
WINNER,Hold,3,0,77,69914,193818,Spotify MY Weekly Chart,https://kworb.net/spotify/country/my_weekly_totals.html
FLETCHER,Undrunk,4,0,109,55964,193674,Spotify MY Weekly Chart,https://kworb.net/spotify/country/my_weekly_totals.html
WINNER,EVERYDAY,4,0,51,72283,193364,Spotify MY Weekly Chart,https://kworb.net/spotify/country/my_weekly_totals.html
Various Artists,Happy,26,0,20,11121,192810,Spotify MY Weekly Chart,https://kworb.net/spotify/country/my_weekly_totals.html
Drake,Major Distribution,2,0,82,115433,192593,Spotify MY Weekly Chart,https://kworb.net/spotify/country/my_weekly_totals.html
Anirudh Ravichander,"Hayyoda (From ""Jawan"")",2,0,150,98767,192347,Spotify MY Weekly Chart,https://kworb.net/spotify/country/my_weekly_totals.html
Linkin Park,Battle Symphony,4,0,44,92688,191910,Spotify MY Weekly Chart,https://kworb.net/spotify/country/my_weekly_totals.html
Miley Cyrus,River,2,0,109,109080,191842,Spotify MY Weekly Chart,https://kworb.net/spotify/country/my_weekly_totals.html
ScHoolboy Q,X,4,0,63,62192,191770,Spotify MY Weekly Chart,https://kworb.net/spotify/country/my_weekly_totals.html
GOT7,Lullaby,4,0,64,70332,191629,Spotify MY Weekly Chart,https://kworb.net/spotify/country/my_weekly_totals.html
TAEYEON,Why,9,0,71,34028,191626,Spotify MY Weekly Chart,https://kworb.net/spotify/country/my_weekly_totals.html
Post Malone,White Iverson,11,0,64,21572,191616,Spotify MY Weekly Chart,https://kworb.net/spotify/country/my_weekly_totals.html
Nicki Minaj,Familia,4,0,105,53365,191355,Spotify MY Weekly Chart,https://kworb.net/spotify/country/my_weekly_totals.html
Ed Sheeran,Save Myself,4,0,56,79931,190907,Spotify MY Weekly Chart,https://kworb.net/spotify/country/my_weekly_totals.html
STAYC,BEAUTIFUL MONSTER,3,0,154,66408,190891,Spotify MY Weekly Chart,https://kworb.net/spotify/country/my_weekly_totals.html
iKON,BUT YOU,3,0,104,75399,190812,Spotify MY Weekly Chart,https://kworb.net/spotify/country/my_weekly_totals.html
Bazzi,Honest,4,0,87,52491,190773,Spotify MY Weekly Chart,https://kworb.net/spotify/country/my_weekly_totals.html
LE SSERAFIM,FEARLESS (2023 Ver.),2,0,129,103962,190734,Spotify MY Weekly Chart,https://kworb.net/spotify/country/my_weekly_totals.html
Mike Perry,Body to Body,6,0,128,33815,190600,Spotify MY Weekly Chart,https://kworb.net/spotify/country/my_weekly_totals.html
Epik High,Rosario,3,0,58,81763,190408,Spotify MY Weekly Chart,https://kworb.net/spotify/country/my_weekly_totals.html
NCT DREAM,BOOM,4,0,121,56394,190263,Spotify MY Weekly Chart,https://kworb.net/spotify/country/my_weekly_totals.html
Stray Kids,MIROH,4,0,109,58178,189667,Spotify MY Weekly Chart,https://kworb.net/spotify/country/my_weekly_totals.html
Humood AlKhudher,Kun Anta,15,0,42,27259,189652,Spotify MY Weekly Chart,https://kworb.net/spotify/country/my_weekly_totals.html
Taylor Swift,I Can Fix Him (No Really I Can),1,0,62,189423,189423,Spotify MY Weekly Chart,https://kworb.net/spotify/country/my_weekly_totals.html
Alesso,Sad Song,4,0,125,53483,189221,Spotify MY Weekly Chart,https://kworb.net/spotify/country/my_weekly_totals.html
Shakira,Try Everything,12,0,91,20685,188936,Spotify MY Weekly Chart,https://kworb.net/spotify/country/my_weekly_totals.html
Ruel,distance,4,0,157,51372,188752,Spotify MY Weekly Chart,https://kworb.net/spotify/country/my_weekly_totals.html
R3HAB,Rumors,5,0,130,41922,188407,Spotify MY Weekly Chart,https://kworb.net/spotify/country/my_weekly_totals.html
Calum Scott,No Matter What,5,0,163,39968,188369,Spotify MY Weekly Chart,https://kworb.net/spotify/country/my_weekly_totals.html
D.O.,Somebody,2,0,167,95697,188297,Spotify MY Weekly Chart,https://kworb.net/spotify/country/my_weekly_totals.html
Christina Perri,human,28,0,23,10228,187984,Spotify MY Weekly Chart,https://kworb.net/spotify/country/my_weekly_totals.html
Gryffin,Whole Heart,7,0,82,34571,187895,Spotify MY Weekly Chart,https://kworb.net/spotify/country/my_weekly_totals.html
Taylor Swift,Out Of The Woods (Taylor's Version),1,0,52,187629,187629,Spotify MY Weekly Chart,https://kworb.net/spotify/country/my_weekly_totals.html
TOMORROW X TOGETHER,Trust Fund Baby,2,0,69,95212,187487,Spotify MY Weekly Chart,https://kworb.net/spotify/country/my_weekly_totals.html
ATEEZ,Answer,4,0,151,52547,187426,Spotify MY Weekly Chart,https://kworb.net/spotify/country/my_weekly_totals.html
Ariana Grande,stay,1,0,69,187289,187289,Spotify MY Weekly Chart,https://kworb.net/spotify/country/my_weekly_totals.html
JAŸ-Z,Holy Grail,29,13,4,8317,186886,Spotify MY Weekly Chart,https://kworb.net/spotify/country/my_weekly_totals.html
Hebe Tien,小幸運,12,0,157,18103,186755,Spotify MY Weekly Chart,https://kworb.net/spotify/country/my_weekly_totals.html
林明禎,Money Happy 都拿拿,1,0,76,186748,186748,Spotify MY Weekly Chart,https://kworb.net/spotify/country/my_weekly_totals.html
3P,时光大耳窿,1,0,77,186489,186489,Spotify MY Weekly Chart,https://kworb.net/spotify/country/my_weekly_totals.html
Rita Ora,I Will Never Let You Down,14,0,24,17905,186483,Spotify MY Weekly Chart,https://kworb.net/spotify/country/my_weekly_totals.html
Camila Cabello,Living Proof,3,0,96,67442,186059,Spotify MY Weekly Chart,https://kworb.net/spotify/country/my_weekly_totals.html
Meiska,Hilang Tanpa Bilang,2,0,158,98023,185958,Spotify MY Weekly Chart,https://kworb.net/spotify/country/my_weekly_totals.html
Labrinth,Jealous,15,0,38,20541,185951,Spotify MY Weekly Chart,https://kworb.net/spotify/country/my_weekly_totals.html
ITZY,CAKE,2,0,163,96564,185948,Spotify MY Weekly Chart,https://kworb.net/spotify/country/my_weekly_totals.html
GOT7,Breath,3,0,75,79905,185867,Spotify MY Weekly Chart,https://kworb.net/spotify/country/my_weekly_totals.html
Nicky Jam,X,5,0,129,40657,185867,Spotify MY Weekly Chart,https://kworb.net/spotify/country/my_weekly_totals.html
Travis Scott,ESCAPE PLAN,2,0,61,108338,185155,Spotify MY Weekly Chart,https://kworb.net/spotify/country/my_weekly_totals.html
Midnight Fusic,Under The Weather,4,0,167,49715,185026,Spotify MY Weekly Chart,https://kworb.net/spotify/country/my_weekly_totals.html
Taylor Swift,Sparks Fly (Taylor’s Version),1,0,57,185026,185026,Spotify MY Weekly Chart,https://kworb.net/spotify/country/my_weekly_totals.html
DAVICHI,Sunset,4,0,172,51432,184512,Spotify MY Weekly Chart,https://kworb.net/spotify/country/my_weekly_totals.html
Ariana Grande,everytime,3,0,47,82813,184395,Spotify MY Weekly Chart,https://kworb.net/spotify/country/my_weekly_totals.html
Lost Frequencies,Reality,13,0,84,16746,184249,Spotify MY Weekly Chart,https://kworb.net/spotify/country/my_weekly_totals.html
Taylor Swift,Everything Has Changed,28,0,17,81971,184168,Spotify MY Weekly Chart,https://kworb.net/spotify/country/my_weekly_totals.html
ENHYPEN,Go Big or Go Home,3,0,94,73694,183792,Spotify MY Weekly Chart,https://kworb.net/spotify/country/my_weekly_totals.html
Sheryl Shazwanie,Perasaan,5,0,170,37893,183745,Spotify MY Weekly Chart,https://kworb.net/spotify/country/my_weekly_totals.html
DJ Snake,Turn Down for What,24,0,29,11366,183685,Spotify MY Weekly Chart,https://kworb.net/spotify/country/my_weekly_totals.html
NCT 2021,Beautiful,3,0,103,70445,183363,Spotify MY Weekly Chart,https://kworb.net/spotify/country/my_weekly_totals.html
DAY6,Zombie,3,0,63,83680,183001,Spotify MY Weekly Chart,https://kworb.net/spotify/country/my_weekly_totals.html
Daya,Insomnia,4,0,144,48610,182873,Spotify MY Weekly Chart,https://kworb.net/spotify/country/my_weekly_totals.html
Tiara Andini,Usai,2,0,178,91664,182763,Spotify MY Weekly Chart,https://kworb.net/spotify/country/my_weekly_totals.html
Avicii,You Make Me,24,7,5,32837,182655,Spotify MY Weekly Chart,https://kworb.net/spotify/country/my_weekly_totals.html
Band Aid,Do They Know It's Christmas? - 1984 Version,4,0,96,58476,182597,Spotify MY Weekly Chart,https://kworb.net/spotify/country/my_weekly_totals.html
Katherine Ho,Yellow,4,0,95,52982,182594,Spotify MY Weekly Chart,https://kworb.net/spotify/country/my_weekly_totals.html
Sia,Genius,4,0,80,51898,182333,Spotify MY Weekly Chart,https://kworb.net/spotify/country/my_weekly_totals.html
Ariana Grande,oh well,1,0,76,182332,182332,Spotify MY Weekly Chart,https://kworb.net/spotify/country/my_weekly_totals.html
Dinda Permata,Syarat Bahagia,4,0,142,53249,182265,Spotify MY Weekly Chart,https://kworb.net/spotify/country/my_weekly_totals.html
Sam Smith,Burning,4,0,52,73584,182146,Spotify MY Weekly Chart,https://kworb.net/spotify/country/my_weekly_totals.html
Wani,Lepaskan (Feat Juzzthin),15,0,162,14719,182030,Spotify MY Weekly Chart,https://kworb.net/spotify/country/my_weekly_totals.html
GOT the beat,Stamp On It,2,0,123,101033,181904,Spotify MY Weekly Chart,https://kworb.net/spotify/country/my_weekly_totals.html
Liam Payne,Familiar,4,0,83,56682,181837,Spotify MY Weekly Chart,https://kworb.net/spotify/country/my_weekly_totals.html
The 1975,The Sound,13,0,100,18124,181822,Spotify MY Weekly Chart,https://kworb.net/spotify/country/my_weekly_totals.html
Armin van Buuren,Another You,13,0,40,24677,181669,Spotify MY Weekly Chart,https://kworb.net/spotify/country/my_weekly_totals.html
Justin Bieber,Red Eye,3,0,114,67732,181626,Spotify MY Weekly Chart,https://kworb.net/spotify/country/my_weekly_totals.html
Selena Gomez,My Mind & Me,2,0,111,100763,181545,Spotify MY Weekly Chart,https://kworb.net/spotify/country/my_weekly_totals.html
Stephen Sanchez,Until I Found You - Piano Version,3,0,167,64221,181498,Spotify MY Weekly Chart,https://kworb.net/spotify/country/my_weekly_totals.html
Taylor Swift,Miss Americana & The Heartbreak Prince,2,0,35,119797,181410,Spotify MY Weekly Chart,https://kworb.net/spotify/country/my_weekly_totals.html
Aziz Harun,Beautiful,13,0,145,15407,181195,Spotify MY Weekly Chart,https://kworb.net/spotify/country/my_weekly_totals.html
Taylor Swift,Paris,2,0,104,105737,181152,Spotify MY Weekly Chart,https://kworb.net/spotify/country/my_weekly_totals.html
Hujan,Jika Sempat,9,0,83,26938,181059,Spotify MY Weekly Chart,https://kworb.net/spotify/country/my_weekly_totals.html
Maren Morris,The Bones,4,0,141,48196,180766,Spotify MY Weekly Chart,https://kworb.net/spotify/country/my_weekly_totals.html
Misha Omar,Terimaku Seadanya,12,0,134,21758,180763,Spotify MY Weekly Chart,https://kworb.net/spotify/country/my_weekly_totals.html
程響,四季予你,4,0,168,47149,180690,Spotify MY Weekly Chart,https://kworb.net/spotify/country/my_weekly_totals.html
Ariana Grande,Be Alright,11,0,116,20997,180602,Spotify MY Weekly Chart,https://kworb.net/spotify/country/my_weekly_totals.html
Ippo Hafiz,Seadanya Aku,4,0,182,46952,180388,Spotify MY Weekly Chart,https://kworb.net/spotify/country/my_weekly_totals.html
Kristen Bell,Some Things Never Change,3,0,95,69214,180216,Spotify MY Weekly Chart,https://kworb.net/spotify/country/my_weekly_totals.html
Metro Boomin,Hummingbird (Metro Boomin & James Blake),2,0,184,90772,180143,Spotify MY Weekly Chart,https://kworb.net/spotify/country/my_weekly_totals.html
Doja Cat,Candy,4,0,168,46111,180127,Spotify MY Weekly Chart,https://kworb.net/spotify/country/my_weekly_totals.html
Little Mix,Love Me Like You,10,0,59,23658,179999,Spotify MY Weekly Chart,https://kworb.net/spotify/country/my_weekly_totals.html
BIGBANG,ZUTTER (GD&T.O.P),12,0,35,31792,179625,Spotify MY Weekly Chart,https://kworb.net/spotify/country/my_weekly_totals.html
David Guetta,Better When You're Gone,4,0,117,52282,179428,Spotify MY Weekly Chart,https://kworb.net/spotify/country/my_weekly_totals.html
Marshmello,Fly,5,0,108,43706,178868,Spotify MY Weekly Chart,https://kworb.net/spotify/country/my_weekly_totals.html
Linkin Park,What I've Done,3,0,31,105242,178722,Spotify MY Weekly Chart,https://kworb.net/spotify/country/my_weekly_totals.html
Mr. Probz,Space for Two,5,0,122,39944,178570,Spotify MY Weekly Chart,https://kworb.net/spotify/country/my_weekly_totals.html
Bebe Rexha,(Not) The One,5,0,103,40710,178495,Spotify MY Weekly Chart,https://kworb.net/spotify/country/my_weekly_totals.html
CHUNG HA,Dream of You,3,0,107,67321,178147,Spotify MY Weekly Chart,https://kworb.net/spotify/country/my_weekly_totals.html
HWASA,I`m a B,3,0,121,65358,177841,Spotify MY Weekly Chart,https://kworb.net/spotify/country/my_weekly_totals.html
Justin Bieber,No Sense,9,0,44,39704,177813,Spotify MY Weekly Chart,https://kworb.net/spotify/country/my_weekly_totals.html
NMIXX,Love Me Like This,2,0,123,99563,177780,Spotify MY Weekly Chart,https://kworb.net/spotify/country/my_weekly_totals.html
TAEYEON,Spark,3,0,98,67178,177540,Spotify MY Weekly Chart,https://kworb.net/spotify/country/my_weekly_totals.html
EXO,Lotto,7,0,59,47445,177409,Spotify MY Weekly Chart,https://kworb.net/spotify/country/my_weekly_totals.html
Billie Eilish,Lo Vas A Olvidar,3,0,80,66414,177312,Spotify MY Weekly Chart,https://kworb.net/spotify/country/my_weekly_totals.html
Jeremih,Don't Tell 'Em,17,0,34,20494,177254,Spotify MY Weekly Chart,https://kworb.net/spotify/country/my_weekly_totals.html
Diplo,Welcome to the Party,4,0,78,59182,177198,Spotify MY Weekly Chart,https://kworb.net/spotify/country/my_weekly_totals.html
Nick Jonas,Jealous - Remix,20,0,72,14987,177056,Spotify MY Weekly Chart,https://kworb.net/spotify/country/my_weekly_totals.html
Jay Chou,愛情廢柴,10,0,111,23980,176592,Spotify MY Weekly Chart,https://kworb.net/spotify/country/my_weekly_totals.html
Lyn,With You,9,0,81,26506,176546,Spotify MY Weekly Chart,https://kworb.net/spotify/country/my_weekly_totals.html
Yonnyboii,Aku Itu Aku,4,0,163,46666,176320,Spotify MY Weekly Chart,https://kworb.net/spotify/country/my_weekly_totals.html
LAUV,Invisible Things,3,0,92,80701,176017,Spotify MY Weekly Chart,https://kworb.net/spotify/country/my_weekly_totals.html
Taylor Swift,I Knew You Were Trouble (Taylor's Version),2,0,51,122279,175946,Spotify MY Weekly Chart,https://kworb.net/spotify/country/my_weekly_totals.html
Eminem,Greatest,3,0,47,79720,175677,Spotify MY Weekly Chart,https://kworb.net/spotify/country/my_weekly_totals.html
G.E.M.,來自天堂的魔鬼,4,0,167,46211,175583,Spotify MY Weekly Chart,https://kworb.net/spotify/country/my_weekly_totals.html
Adele,Can I Get It,2,0,59,109280,175163,Spotify MY Weekly Chart,https://kworb.net/spotify/country/my_weekly_totals.html
X Ambassadors,"Unsteady - Erich Lee Gravity Remix/From The ""Me Before You"" Soundtrack",8,0,72,33596,174838,Spotify MY Weekly Chart,https://kworb.net/spotify/country/my_weekly_totals.html
KREAM,Taped up Heart,8,0,142,23749,174829,Spotify MY Weekly Chart,https://kworb.net/spotify/country/my_weekly_totals.html
Lady Gaga,Applause,27,11,3,9144,174807,Spotify MY Weekly Chart,https://kworb.net/spotify/country/my_weekly_totals.html
NCT DREAM,Don’t Need Your Love,3,0,84,68282,174540,Spotify MY Weekly Chart,https://kworb.net/spotify/country/my_weekly_totals.html
Arizona Zervas,FML,4,0,189,45820,174486,Spotify MY Weekly Chart,https://kworb.net/spotify/country/my_weekly_totals.html
TAEYEON,11:11,7,0,71,38313,174350,Spotify MY Weekly Chart,https://kworb.net/spotify/country/my_weekly_totals.html
Adele,I Drink Wine,2,0,53,112785,173958,Spotify MY Weekly Chart,https://kworb.net/spotify/country/my_weekly_totals.html
Maroon 5,Sunday Morning,13,0,158,17158,173826,Spotify MY Weekly Chart,https://kworb.net/spotify/country/my_weekly_totals.html
The Weeknd,Privilege,3,0,33,96633,173815,Spotify MY Weekly Chart,https://kworb.net/spotify/country/my_weekly_totals.html
Disclosure,Magnets,11,0,53,26253,173493,Spotify MY Weekly Chart,https://kworb.net/spotify/country/my_weekly_totals.html
Aimer,残響散歌,3,0,164,59702,173313,Spotify MY Weekly Chart,https://kworb.net/spotify/country/my_weekly_totals.html
Glenn Fredly,Januari,3,0,74,69891,173177,Spotify MY Weekly Chart,https://kworb.net/spotify/country/my_weekly_totals.html
Corinne Bailey Rae,Put Your Records On,17,0,96,13869,172936,Spotify MY Weekly Chart,https://kworb.net/spotify/country/my_weekly_totals.html
Crush,Rush Hour (Feat. j-hope of BTS),2,0,107,86644,172568,Spotify MY Weekly Chart,https://kworb.net/spotify/country/my_weekly_totals.html
benny blanco,I Found You,4,0,110,50262,172365,Spotify MY Weekly Chart,https://kworb.net/spotify/country/my_weekly_totals.html
Kygo,Think About You,3,0,73,67944,172175,Spotify MY Weekly Chart,https://kworb.net/spotify/country/my_weekly_totals.html
Selena Gomez,De Una Vez,3,0,62,74008,171914,Spotify MY Weekly Chart,https://kworb.net/spotify/country/my_weekly_totals.html
Chloe x Halle,Do It,3,0,92,68420,171887,Spotify MY Weekly Chart,https://kworb.net/spotify/country/my_weekly_totals.html
RADWIMPS,すずめ,2,0,155,86419,171856,Spotify MY Weekly Chart,https://kworb.net/spotify/country/my_weekly_totals.html
Taylor Swift,Paper Rings,2,0,42,113164,171499,Spotify MY Weekly Chart,https://kworb.net/spotify/country/my_weekly_totals.html
A Boogie Wit da Hoodie,Swervin,4,0,156,46227,171330,Spotify MY Weekly Chart,https://kworb.net/spotify/country/my_weekly_totals.html
Ed Sheeran,Eraser,3,0,48,90065,171180,Spotify MY Weekly Chart,https://kworb.net/spotify/country/my_weekly_totals.html
The Kid LAROI,Love Again,2,0,153,93183,170722,Spotify MY Weekly Chart,https://kworb.net/spotify/country/my_weekly_totals.html
ENHYPEN,Just A Little Bit,3,0,101,67807,170655,Spotify MY Weekly Chart,https://kworb.net/spotify/country/my_weekly_totals.html
SEULGI,28 Reasons,2,0,104,91468,170494,Spotify MY Weekly Chart,https://kworb.net/spotify/country/my_weekly_totals.html
Sofía Reyes,R.I.P.,3,0,81,66400,170455,Spotify MY Weekly Chart,https://kworb.net/spotify/country/my_weekly_totals.html
Faris Adam,Stecu,1,0,66,170379,170379,Spotify MY Weekly Chart,https://kworb.net/spotify/country/my_weekly_totals.html
THE BOYZ,Stylish,1,0,72,170341,170341,Spotify MY Weekly Chart,https://kworb.net/spotify/country/my_weekly_totals.html
Migos,MotorSport,5,0,132,40276,169936,Spotify MY Weekly Chart,https://kworb.net/spotify/country/my_weekly_totals.html
Rae Sremmurd,Powerglide,5,0,162,35860,169903,Spotify MY Weekly Chart,https://kworb.net/spotify/country/my_weekly_totals.html
TAEYEON,Rain,7,0,53,27475,169795,Spotify MY Weekly Chart,https://kworb.net/spotify/country/my_weekly_totals.html
Tez Cadey,Seve,14,0,99,15027,169572,Spotify MY Weekly Chart,https://kworb.net/spotify/country/my_weekly_totals.html
88rising,These Nights,3,0,94,69390,169179,Spotify MY Weekly Chart,https://kworb.net/spotify/country/my_weekly_totals.html
Seeb,Drink About,4,0,111,43429,169101,Spotify MY Weekly Chart,https://kworb.net/spotify/country/my_weekly_totals.html
Red Velvet,빨간 맛 Red Flavor,5,0,98,40636,169057,Spotify MY Weekly Chart,https://kworb.net/spotify/country/my_weekly_totals.html
Taylor Swift,gold rush,2,0,37,117521,169051,Spotify MY Weekly Chart,https://kworb.net/spotify/country/my_weekly_totals.html
TAEYEON,All with You,8,0,124,23266,168952,Spotify MY Weekly Chart,https://kworb.net/spotify/country/my_weekly_totals.html
HENRY,It's You,5,0,152,36085,168823,Spotify MY Weekly Chart,https://kworb.net/spotify/country/my_weekly_totals.html
88rising,I Love You 3000 II,3,0,111,63392,168478,Spotify MY Weekly Chart,https://kworb.net/spotify/country/my_weekly_totals.html
Selena Gomez,Me & The Rhythm,10,0,69,21454,168452,Spotify MY Weekly Chart,https://kworb.net/spotify/country/my_weekly_totals.html
XXXTENTACION,the remedy for a broken heart (why am I so in love),4,0,87,52511,168442,Spotify MY Weekly Chart,https://kworb.net/spotify/country/my_weekly_totals.html
Don Toliver,After Party,4,0,162,46028,167714,Spotify MY Weekly Chart,https://kworb.net/spotify/country/my_weekly_totals.html
Adele,My Little Love,2,0,50,116591,167640,Spotify MY Weekly Chart,https://kworb.net/spotify/country/my_weekly_totals.html
Taylor Swift,mad woman,2,0,42,118170,167507,Spotify MY Weekly Chart,https://kworb.net/spotify/country/my_weekly_totals.html
Bizarrap,"Shakira: Bzrp Music Sessions, Vol. 53",2,0,160,84998,167466,Spotify MY Weekly Chart,https://kworb.net/spotify/country/my_weekly_totals.html
TOMORROW X TOGETHER,Thursday's Child Has Far To Go,2,0,87,84729,167351,Spotify MY Weekly Chart,https://kworb.net/spotify/country/my_weekly_totals.html
Calvin Harris,Under Control,32,0,16,6755,167342,Spotify MY Weekly Chart,https://kworb.net/spotify/country/my_weekly_totals.html
BoyWithUke,IDGAF,3,0,179,59996,167298,Spotify MY Weekly Chart,https://kworb.net/spotify/country/my_weekly_totals.html
Kanye West,Moon,3,0,91,65164,167157,Spotify MY Weekly Chart,https://kworb.net/spotify/country/my_weekly_totals.html
Taylor Swift,Welcome To New York (Taylor's Version),1,0,60,167073,167073,Spotify MY Weekly Chart,https://kworb.net/spotify/country/my_weekly_totals.html
Taylor Swift,betty,2,0,44,116473,166998,Spotify MY Weekly Chart,https://kworb.net/spotify/country/my_weekly_totals.html
Unknown Artist,Aidilfitri Di Alaf Baru,2,0,53,116119,166867,Spotify MY Weekly Chart,https://kworb.net/spotify/country/my_weekly_totals.html
DAVICHI,Forgetting You,9,0,151,20733,166831,Spotify MY Weekly Chart,https://kworb.net/spotify/country/my_weekly_totals.html
P!nk,Beautiful Trauma,4,0,88,50804,166724,Spotify MY Weekly Chart,https://kworb.net/spotify/country/my_weekly_totals.html
Apink,%%(Eung Eung),4,0,118,49090,166711,Spotify MY Weekly Chart,https://kworb.net/spotify/country/my_weekly_totals.html
BLACKPINK,See U Later,2,0,22,102865,166512,Spotify MY Weekly Chart,https://kworb.net/spotify/country/my_weekly_totals.html
Vance Joy,Mess Is Mine,17,0,47,16326,166443,Spotify MY Weekly Chart,https://kworb.net/spotify/country/my_weekly_totals.html
Wings,Ingatkan Dia,16,0,114,11825,166393,Spotify MY Weekly Chart,https://kworb.net/spotify/country/my_weekly_totals.html
ITZY,SWIPE,3,0,137,60543,166388,Spotify MY Weekly Chart,https://kworb.net/spotify/country/my_weekly_totals.html
One Direction,Love You Goodbye,7,0,31,51622,166383,Spotify MY Weekly Chart,https://kworb.net/spotify/country/my_weekly_totals.html
Beyoncé,BREAK MY SOUL,2,0,81,90622,166149,Spotify MY Weekly Chart,https://kworb.net/spotify/country/my_weekly_totals.html
Travis Scott,The Plan,3,0,92,67251,166108,Spotify MY Weekly Chart,https://kworb.net/spotify/country/my_weekly_totals.html
Taylor Swift,I Think He Knows,2,0,46,110059,165593,Spotify MY Weekly Chart,https://kworb.net/spotify/country/my_weekly_totals.html
Hozier,Someone New,17,0,59,17455,165389,Spotify MY Weekly Chart,https://kworb.net/spotify/country/my_weekly_totals.html
Josh Gad,When I Am Older,3,0,105,63846,165300,Spotify MY Weekly Chart,https://kworb.net/spotify/country/my_weekly_totals.html
Urban Zakapa,Wish,6,0,103,35860,164933,Spotify MY Weekly Chart,https://kworb.net/spotify/country/my_weekly_totals.html
SEVENTEEN,To you,2,0,62,110170,164847,Spotify MY Weekly Chart,https://kworb.net/spotify/country/my_weekly_totals.html
Taylor Swift,Dear John (Taylor's Version),1,0,68,164613,164613,Spotify MY Weekly Chart,https://kworb.net/spotify/country/my_weekly_totals.html
Taylor Swift,Clara Bow,1,0,78,164402,164402,Spotify MY Weekly Chart,https://kworb.net/spotify/country/my_weekly_totals.html
MAX,Still New York,4,0,105,47315,164000,Spotify MY Weekly Chart,https://kworb.net/spotify/country/my_weekly_totals.html
CHUNG HA,PLAY,3,0,105,63996,163961,Spotify MY Weekly Chart,https://kworb.net/spotify/country/my_weekly_totals.html
Why Don't We,Cold In LA,4,0,144,44452,163839,Spotify MY Weekly Chart,https://kworb.net/spotify/country/my_weekly_totals.html
Little Mix,Is Your Love Enough?,5,0,147,36626,163832,Spotify MY Weekly Chart,https://kworb.net/spotify/country/my_weekly_totals.html
Brandon Beal,Twerk It Like Miley,15,0,60,14769,163707,Spotify MY Weekly Chart,https://kworb.net/spotify/country/my_weekly_totals.html
Jay Chou,那天下雨了,1,0,94,163430,163430,Spotify MY Weekly Chart,https://kworb.net/spotify/country/my_weekly_totals.html
Billie Eilish,my strange addiction,3,0,77,70881,163350,Spotify MY Weekly Chart,https://kworb.net/spotify/country/my_weekly_totals.html
Andy Grammer,"Honey, I'm Good.",15,0,44,23633,163174,Spotify MY Weekly Chart,https://kworb.net/spotify/country/my_weekly_totals.html
Spuds,Okay,4,0,145,45090,162653,Spotify MY Weekly Chart,https://kworb.net/spotify/country/my_weekly_totals.html
Amir Masdi,Kau Sakiti,3,0,102,63594,162640,Spotify MY Weekly Chart,https://kworb.net/spotify/country/my_weekly_totals.html
Backstreet Boys,No Place,4,0,130,46349,162567,Spotify MY Weekly Chart,https://kworb.net/spotify/country/my_weekly_totals.html
Billie Eilish,The 30th,2,0,97,89288,161600,Spotify MY Weekly Chart,https://kworb.net/spotify/country/my_weekly_totals.html
Twenty One Pilots,Cancer,6,0,64,42657,161522,Spotify MY Weekly Chart,https://kworb.net/spotify/country/my_weekly_totals.html
1119,Omg新年到,1,0,107,161509,161509,Spotify MY Weekly Chart,https://kworb.net/spotify/country/my_weekly_totals.html
New Boy,Syawal Di Nanti,2,0,167,100965,161507,Spotify MY Weekly Chart,https://kworb.net/spotify/country/my_weekly_totals.html
Lil Nas X,Rodeo,3,0,101,65384,160978,Spotify MY Weekly Chart,https://kworb.net/spotify/country/my_weekly_totals.html
Alan Walker,Live Fast - PUBGM,3,0,98,63001,160764,Spotify MY Weekly Chart,https://kworb.net/spotify/country/my_weekly_totals.html
My Chemical Romance,Famous Last Words,1,0,85,160622,160622,Spotify MY Weekly Chart,https://kworb.net/spotify/country/my_weekly_totals.html
Taylor Swift,epiphany,2,0,45,114203,160419,Spotify MY Weekly Chart,https://kworb.net/spotify/country/my_weekly_totals.html
TOMORROW X TOGETHER,Lonely Boy (The tattoo on my ring finger),2,0,92,80413,160345,Spotify MY Weekly Chart,https://kworb.net/spotify/country/my_weekly_totals.html
Lasse Lindh,"Hush (From Guardian [Original Television Soundtrack], Pt. 3)",6,0,122,30872,159961,Spotify MY Weekly Chart,https://kworb.net/spotify/country/my_weekly_totals.html
Taylor Swift,Suburban Legends (Taylor's Version) (From The Vault),1,0,64,159455,159455,Spotify MY Weekly Chart,https://kworb.net/spotify/country/my_weekly_totals.html
Lady Gaga,Perfect Illusion,5,0,58,46927,159250,Spotify MY Weekly Chart,https://kworb.net/spotify/country/my_weekly_totals.html
Imagine Dragons,I Bet My Life,18,0,39,19257,159115,Spotify MY Weekly Chart,https://kworb.net/spotify/country/my_weekly_totals.html
Iggy Azalea,Team,8,0,94,22488,158937,Spotify MY Weekly Chart,https://kworb.net/spotify/country/my_weekly_totals.html
Joji,CAN'T GET OVER YOU,4,0,131,46870,158721,Spotify MY Weekly Chart,https://kworb.net/spotify/country/my_weekly_totals.html
Emmy Meli,I AM WOMAN,3,0,171,54855,158706,Spotify MY Weekly Chart,https://kworb.net/spotify/country/my_weekly_totals.html
Bryson Tiller,Don't,12,0,112,15046,158648,Spotify MY Weekly Chart,https://kworb.net/spotify/country/my_weekly_totals.html
Taylor Swift,All You Had To Do Was Stay (Taylor's Version),1,0,65,158575,158575,Spotify MY Weekly Chart,https://kworb.net/spotify/country/my_weekly_totals.html
Jung Kook,Closer to You,1,0,65,158564,158564,Spotify MY Weekly Chart,https://kworb.net/spotify/country/my_weekly_totals.html
SEVENTEEN,Crush,2,0,63,107980,158346,Spotify MY Weekly Chart,https://kworb.net/spotify/country/my_weekly_totals.html
The Weeknd,Less Than Zero,2,0,65,100623,158179,Spotify MY Weekly Chart,https://kworb.net/spotify/country/my_weekly_totals.html
TAEYANG,"눈,코,입(Eyes, Noes, Lips)",28,0,117,15896,157854,Spotify MY Weekly Chart,https://kworb.net/spotify/country/my_weekly_totals.html
Kendrick Lamar,Die Hard,2,0,81,89119,157826,Spotify MY Weekly Chart,https://kworb.net/spotify/country/my_weekly_totals.html
Jason Mraz,I Won't Give Up,28,0,135,9202,157749,Spotify MY Weekly Chart,https://kworb.net/spotify/country/my_weekly_totals.html
Alessia Cara,Growing Pains,3,0,62,60050,157593,Spotify MY Weekly Chart,https://kworb.net/spotify/country/my_weekly_totals.html
Lil Nas X,SUN GOES DOWN,3,0,89,65497,157546,Spotify MY Weekly Chart,https://kworb.net/spotify/country/my_weekly_totals.html
Meghan Trainor,No Good For You,8,0,21,29975,157526,Spotify MY Weekly Chart,https://kworb.net/spotify/country/my_weekly_totals.html
Dato' Sri Siti Nurhaliza,Comel Pipi Merah,4,0,118,42083,157091,Spotify MY Weekly Chart,https://kworb.net/spotify/country/my_weekly_totals.html
HyunA&DAWN,PING PONG,3,0,134,53088,156889,Spotify MY Weekly Chart,https://kworb.net/spotify/country/my_weekly_totals.html
Paramore,Ain't It Fun,15,0,28,16919,156865,Spotify MY Weekly Chart,https://kworb.net/spotify/country/my_weekly_totals.html
Isabel LaRosa,i'm yours sped up,2,0,177,78494,156660,Spotify MY Weekly Chart,https://kworb.net/spotify/country/my_weekly_totals.html
Bingyen 郑斌彦,有舍必有得（蛇年新年歌）,1,0,87,156541,156541,Spotify MY Weekly Chart,https://kworb.net/spotify/country/my_weekly_totals.html
Playboi Carti,EVIL J0RDAN,1,0,84,156478,156478,Spotify MY Weekly Chart,https://kworb.net/spotify/country/my_weekly_totals.html
Taylor Swift,Better Than Revenge (Taylor's Version),1,0,74,156406,156406,Spotify MY Weekly Chart,https://kworb.net/spotify/country/my_weekly_totals.html
Gwen Stefani,Baby Don't Lie,14,0,31,23046,156255,Spotify MY Weekly Chart,https://kworb.net/spotify/country/my_weekly_totals.html
Ariana Grande,freak,1,0,117,156109,156109,Spotify MY Weekly Chart,https://kworb.net/spotify/country/my_weekly_totals.html
"Melly Goeslaw,Marthino Lio",Ratusan Purnama,7,0,86,27751,155883,Spotify MY Weekly Chart,https://kworb.net/spotify/country/my_weekly_totals.html
Ariana Grande,never get over me,1,0,119,155674,155674,Spotify MY Weekly Chart,https://kworb.net/spotify/country/my_weekly_totals.html
Taylor Swift,‘tis the damn season,2,0,46,106065,155175,Spotify MY Weekly Chart,https://kworb.net/spotify/country/my_weekly_totals.html
Hanin Dhiya,Roman Picisan,3,0,188,53825,155026,Spotify MY Weekly Chart,https://kworb.net/spotify/country/my_weekly_totals.html
钟盛忠,新年好马,1,0,132,154599,154599,Spotify MY Weekly Chart,https://kworb.net/spotify/country/my_weekly_totals.html
The Weeknd,Scared To Live,2,0,49,102428,154496,Spotify MY Weekly Chart,https://kworb.net/spotify/country/my_weekly_totals.html
5 Seconds of Summer,Jet Black Heart,10,0,53,24090,154446,Spotify MY Weekly Chart,https://kworb.net/spotify/country/my_weekly_totals.html
The Weeknd,Hardest To Love,2,0,50,101062,154412,Spotify MY Weekly Chart,https://kworb.net/spotify/country/my_weekly_totals.html
Ariana Grande,like i do,1,0,124,154195,154195,Spotify MY Weekly Chart,https://kworb.net/spotify/country/my_weekly_totals.html
Girls' Generation,Lion Heart,12,0,75,16497,154147,Spotify MY Weekly Chart,https://kworb.net/spotify/country/my_weekly_totals.html
Keira Knightley,Lost Stars,21,0,95,9339,154128,Spotify MY Weekly Chart,https://kworb.net/spotify/country/my_weekly_totals.html
mgk,I Think I'm OKAY,3,0,126,55046,153798,Spotify MY Weekly Chart,https://kworb.net/spotify/country/my_weekly_totals.html
Stormzy,Own It,3,0,121,58147,153444,Spotify MY Weekly Chart,https://kworb.net/spotify/country/my_weekly_totals.html
gnash,imagine if,4,0,124,41610,153331,Spotify MY Weekly Chart,https://kworb.net/spotify/country/my_weekly_totals.html
RM,seoul (prod. HONNE),3,0,77,63762,153159,Spotify MY Weekly Chart,https://kworb.net/spotify/country/my_weekly_totals.html
Aloe Blacc,The Man,12,0,14,16593,152395,Spotify MY Weekly Chart,https://kworb.net/spotify/country/my_weekly_totals.html
Ariana Grande,off the table,2,0,45,104678,152377,Spotify MY Weekly Chart,https://kworb.net/spotify/country/my_weekly_totals.html
Taylor Swift,Afterglow,2,0,52,98133,152086,Spotify MY Weekly Chart,https://kworb.net/spotify/country/my_weekly_totals.html
Ed Sheeran,Nancy Mulligan,3,0,63,71310,151893,Spotify MY Weekly Chart,https://kworb.net/spotify/country/my_weekly_totals.html
Troye Sivan,Take Yourself Home,3,0,118,55759,151853,Spotify MY Weekly Chart,https://kworb.net/spotify/country/my_weekly_totals.html
Dillon Francis,Coming Over,8,0,37,30886,151429,Spotify MY Weekly Chart,https://kworb.net/spotify/country/my_weekly_totals.html
Aufahanie,Si Dara Raya,1,0,126,150886,150886,Spotify MY Weekly Chart,https://kworb.net/spotify/country/my_weekly_totals.html
Sigala,Came Here for Love,5,0,98,35051,150700,Spotify MY Weekly Chart,https://kworb.net/spotify/country/my_weekly_totals.html
Joji,worldstar money (interlude),2,0,124,79806,150611,Spotify MY Weekly Chart,https://kworb.net/spotify/country/my_weekly_totals.html
World the Kid,Cupid Twin Version,1,0,65,150505,150505,Spotify MY Weekly Chart,https://kworb.net/spotify/country/my_weekly_totals.html
Fall Out Boy,Uma Thurman,19,0,27,24074,150503,Spotify MY Weekly Chart,https://kworb.net/spotify/country/my_weekly_totals.html
Lana Del Rey,Love,4,0,65,56476,150065,Spotify MY Weekly Chart,https://kworb.net/spotify/country/my_weekly_totals.html
Justin Bieber,Boyfriend,1,0,154,149946,149946,Spotify MY Weekly Chart,https://kworb.net/spotify/country/my_weekly_totals.html
Khalil Fong,才二十三,1,0,80,149864,149864,Spotify MY Weekly Chart,https://kworb.net/spotify/country/my_weekly_totals.html
JOONIL JUNG,The first snow,6,0,117,31874,149718,Spotify MY Weekly Chart,https://kworb.net/spotify/country/my_weekly_totals.html
WENDY,Like Water,3,0,101,58763,149657,Spotify MY Weekly Chart,https://kworb.net/spotify/country/my_weekly_totals.html
Talitha.,comeoutside,3,0,150,51159,149473,Spotify MY Weekly Chart,https://kworb.net/spotify/country/my_weekly_totals.html
StaySolidRocky,Party Girl (Remix),2,0,65,83723,149318,Spotify MY Weekly Chart,https://kworb.net/spotify/country/my_weekly_totals.html
Taylor Swift,Nothing New,2,0,81,91934,149283,Spotify MY Weekly Chart,https://kworb.net/spotify/country/my_weekly_totals.html
G-Eazy,Hate The Way,3,0,126,54407,149267,Spotify MY Weekly Chart,https://kworb.net/spotify/country/my_weekly_totals.html
Bruno Mars,Cha Cha Cha,1,0,111,149185,149185,Spotify MY Weekly Chart,https://kworb.net/spotify/country/my_weekly_totals.html
LiSA,炎,3,0,141,52200,148976,Spotify MY Weekly Chart,https://kworb.net/spotify/country/my_weekly_totals.html
SUNMI,Heroine,4,0,103,46374,148797,Spotify MY Weekly Chart,https://kworb.net/spotify/country/my_weekly_totals.html
Amy Mastura,Setahun Sekali,2,0,158,99487,148759,Spotify MY Weekly Chart,https://kworb.net/spotify/country/my_weekly_totals.html
Eminem,Without Me,6,0,82,33452,148738,Spotify MY Weekly Chart,https://kworb.net/spotify/country/my_weekly_totals.html
ROSALÍA,TKN,3,0,98,56656,148667,Spotify MY Weekly Chart,https://kworb.net/spotify/country/my_weekly_totals.html
Chris Brown,Ayo,14,0,45,22474,148558,Spotify MY Weekly Chart,https://kworb.net/spotify/country/my_weekly_totals.html
Kendrick Lamar,LOYALTY. FEAT. RIHANNA.,4,0,77,46227,148258,Spotify MY Weekly Chart,https://kworb.net/spotify/country/my_weekly_totals.html
aespa,WDA (Whole Different Animal),1,0,131,148164,148164,Spotify MY Weekly Chart,https://kworb.net/spotify/country/my_weekly_totals.html
Ariana Grande,big feelings,1,0,143,148102,148102,Spotify MY Weekly Chart,https://kworb.net/spotify/country/my_weekly_totals.html
Lorde,Solar Power,2,0,50,95386,148064,Spotify MY Weekly Chart,https://kworb.net/spotify/country/my_weekly_totals.html
Harry Styles,Daylight,2,0,96,84312,147951,Spotify MY Weekly Chart,https://kworb.net/spotify/country/my_weekly_totals.html
BABYMONSTER,SUGAR HONEY ICE TEA,1,0,120,147572,147572,Spotify MY Weekly Chart,https://kworb.net/spotify/country/my_weekly_totals.html
Deasy Natalina,Aduh Aduh Sayang (Feat. Lawa Nie Geng),18,0,115,10770,147374,Spotify MY Weekly Chart,https://kworb.net/spotify/country/my_weekly_totals.html
Yuna,Pulang,6,0,73,40429,147119,Spotify MY Weekly Chart,https://kworb.net/spotify/country/my_weekly_totals.html
Taylor Swift,Death By A Thousand Cuts,2,0,53,96854,146971,Spotify MY Weekly Chart,https://kworb.net/spotify/country/my_weekly_totals.html
Olivia Rodrigo,my way,1,0,123,146926,146926,Spotify MY Weekly Chart,https://kworb.net/spotify/country/my_weekly_totals.html
David Guetta,Lovers on the Sun,18,0,47,14198,146866,Spotify MY Weekly Chart,https://kworb.net/spotify/country/my_weekly_totals.html
MEOVV,DDI RO RI,1,0,122,146753,146753,Spotify MY Weekly Chart,https://kworb.net/spotify/country/my_weekly_totals.html
Najwa Latif,Klia,1,0,132,146429,146429,Spotify MY Weekly Chart,https://kworb.net/spotify/country/my_weekly_totals.html
Taylor Swift,Shake It Off (Taylor's Version),1,0,74,146297,146297,Spotify MY Weekly Chart,https://kworb.net/spotify/country/my_weekly_totals.html
BIGBANG,Fantastic Baby,20,0,122,10051,146279,Spotify MY Weekly Chart,https://kworb.net/spotify/country/my_weekly_totals.html
Joe Flizzow,KUASA,3,0,144,53173,146200,Spotify MY Weekly Chart,https://kworb.net/spotify/country/my_weekly_totals.html
Danny Koo,新年就是要你 Happy,1,0,102,146117,146117,Spotify MY Weekly Chart,https://kworb.net/spotify/country/my_weekly_totals.html
Maroon 5,Whiskey,3,0,69,56649,145882,Spotify MY Weekly Chart,https://kworb.net/spotify/country/my_weekly_totals.html
Dillon Francis,Get Low,16,0,63,12970,145219,Spotify MY Weekly Chart,https://kworb.net/spotify/country/my_weekly_totals.html
A$AP Ferg,Plain Jane,4,0,134,38948,145190,Spotify MY Weekly Chart,https://kworb.net/spotify/country/my_weekly_totals.html
Harry Styles,Little Freak,2,0,91,87569,145062,Spotify MY Weekly Chart,https://kworb.net/spotify/country/my_weekly_totals.html
Aminé,Caroline,6,0,125,26993,145020,Spotify MY Weekly Chart,https://kworb.net/spotify/country/my_weekly_totals.html
Bunkface,Anugerah Syawal,1,0,140,145017,145017,Spotify MY Weekly Chart,https://kworb.net/spotify/country/my_weekly_totals.html
Mr. Probz,Nothing Really Matters - Afrojack Remix,9,0,12,37610,144690,Spotify MY Weekly Chart,https://kworb.net/spotify/country/my_weekly_totals.html
Repvblik Band,Selimut Tetangga,22,0,93,8419,144493,Spotify MY Weekly Chart,https://kworb.net/spotify/country/my_weekly_totals.html
Bruno Mars,God Was Showing Off,1,0,119,144395,144395,Spotify MY Weekly Chart,https://kworb.net/spotify/country/my_weekly_totals.html
CAZZETTE,Sleepless,12,0,30,13503,144315,Spotify MY Weekly Chart,https://kworb.net/spotify/country/my_weekly_totals.html
Camila Cabello,Cry for Me,2,0,78,73584,144307,Spotify MY Weekly Chart,https://kworb.net/spotify/country/my_weekly_totals.html
Robinson and The Romantics,Nothing to Regret,4,0,141,36890,144169,Spotify MY Weekly Chart,https://kworb.net/spotify/country/my_weekly_totals.html
VÉRITÉ,Somebody Else,7,0,136,22911,144158,Spotify MY Weekly Chart,https://kworb.net/spotify/country/my_weekly_totals.html
Repvblik,Selimut Tetangga,1,0,142,144147,144147,Spotify MY Weekly Chart,https://kworb.net/spotify/country/my_weekly_totals.html
iKON,Dive - KR Ver.,2,0,71,86759,143559,Spotify MY Weekly Chart,https://kworb.net/spotify/country/my_weekly_totals.html
ALLDAY PROJECT,ONE MORE TIME,1,0,128,143477,143477,Spotify MY Weekly Chart,https://kworb.net/spotify/country/my_weekly_totals.html
N.E.R.D,Lemon - Drake Remix,4,0,131,40138,143386,Spotify MY Weekly Chart,https://kworb.net/spotify/country/my_weekly_totals.html
Fall Out Boy,Irresistible,11,0,89,16286,143341,Spotify MY Weekly Chart,https://kworb.net/spotify/country/my_weekly_totals.html
The Chainsmokers,Push My Luck,2,0,85,72295,143219,Spotify MY Weekly Chart,https://kworb.net/spotify/country/my_weekly_totals.html
"Car, the garden",Romantic Sunday,3,0,184,48153,143154,Spotify MY Weekly Chart,https://kworb.net/spotify/country/my_weekly_totals.html
Taylor Swift,New Romantics (Taylor's Version),1,0,80,142822,142822,Spotify MY Weekly Chart,https://kworb.net/spotify/country/my_weekly_totals.html
Joji,Before The Day Is Over,1,0,57,142675,142675,Spotify MY Weekly Chart,https://kworb.net/spotify/country/my_weekly_totals.html
Jestinna Kuan,好運一萬年,1,0,108,142448,142448,Spotify MY Weekly Chart,https://kworb.net/spotify/country/my_weekly_totals.html
Jax Jones,Harder,3,0,127,55436,142394,Spotify MY Weekly Chart,https://kworb.net/spotify/country/my_weekly_totals.html
Jin,Nothing Without Your Love,1,0,89,142322,142322,Spotify MY Weekly Chart,https://kworb.net/spotify/country/my_weekly_totals.html
MY ASTRO,大团圆,1,0,167,142046,142046,Spotify MY Weekly Chart,https://kworb.net/spotify/country/my_weekly_totals.html
Steve Aoki,All Night,3,0,69,59693,141706,Spotify MY Weekly Chart,https://kworb.net/spotify/country/my_weekly_totals.html
Taylor Swift,The Story Of Us (Taylor's Version),1,0,88,141226,141226,Spotify MY Weekly Chart,https://kworb.net/spotify/country/my_weekly_totals.html
Taylor Swift,hoax,2,0,59,99363,141016,Spotify MY Weekly Chart,https://kworb.net/spotify/country/my_weekly_totals.html
Queen,Under Pressure - Remastered,3,0,108,51046,140923,Spotify MY Weekly Chart,https://kworb.net/spotify/country/my_weekly_totals.html
José González,Heartbeats,26,0,99,9262,140804,Spotify MY Weekly Chart,https://kworb.net/spotify/country/my_weekly_totals.html
One Direction,If I Could Fly,7,0,36,46591,140722,Spotify MY Weekly Chart,https://kworb.net/spotify/country/my_weekly_totals.html
Faizal Tahir,Bila Lagi Nak Jumpa,1,0,149,140510,140510,Spotify MY Weekly Chart,https://kworb.net/spotify/country/my_weekly_totals.html
BTS,Save ME,7,0,92,25890,139939,Spotify MY Weekly Chart,https://kworb.net/spotify/country/my_weekly_totals.html
Ariana Grande,bad thing (bunny hop),1,0,169,139840,139840,Spotify MY Weekly Chart,https://kworb.net/spotify/country/my_weekly_totals.html
DATA,Nyanyian Rindu Buat Kekasih,1,0,151,139815,139815,Spotify MY Weekly Chart,https://kworb.net/spotify/country/my_weekly_totals.html
SUNMI,You can't sit with us,3,0,144,49631,139785,Spotify MY Weekly Chart,https://kworb.net/spotify/country/my_weekly_totals.html
Hailee Steinfeld,Wrong Direction,3,0,169,48553,139756,Spotify MY Weekly Chart,https://kworb.net/spotify/country/my_weekly_totals.html
LEEHI,BREATHE,5,0,161,34530,139624,Spotify MY Weekly Chart,https://kworb.net/spotify/country/my_weekly_totals.html
Olivia Rodrigo,cigarette smoke,1,0,156,138972,138972,Spotify MY Weekly Chart,https://kworb.net/spotify/country/my_weekly_totals.html
Linkin Park,Talking to Myself,3,0,57,75695,138795,Spotify MY Weekly Chart,https://kworb.net/spotify/country/my_weekly_totals.html
Zookeepers,Drunk On You,4,0,133,39418,138698,Spotify MY Weekly Chart,https://kworb.net/spotify/country/my_weekly_totals.html
Taylor Swift,Daylight,2,0,60,89139,138636,Spotify MY Weekly Chart,https://kworb.net/spotify/country/my_weekly_totals.html
Taylor Swift,Clean (Taylor's Version),1,0,89,138462,138462,Spotify MY Weekly Chart,https://kworb.net/spotify/country/my_weekly_totals.html
Epik High,No Different,3,0,111,51039,138401,Spotify MY Weekly Chart,https://kworb.net/spotify/country/my_weekly_totals.html
CAZZETTE,Blind Heart,10,0,41,19273,138346,Spotify MY Weekly Chart,https://kworb.net/spotify/country/my_weekly_totals.html
Anirudh Ravichander,"Ordinary Person (From ""Leo"")",1,0,90,138335,138335,Spotify MY Weekly Chart,https://kworb.net/spotify/country/my_weekly_totals.html
Sofaz,Ingatan Di Hari Raya,2,0,140,72201,138332,Spotify MY Weekly Chart,https://kworb.net/spotify/country/my_weekly_totals.html
Dua Lipa,Be The One,4,0,106,37459,138134,Spotify MY Weekly Chart,https://kworb.net/spotify/country/my_weekly_totals.html
SEVENTEEN,Home,3,0,99,56107,138105,Spotify MY Weekly Chart,https://kworb.net/spotify/country/my_weekly_totals.html
Cash Cash,Take Me Home,12,0,35,12507,137971,Spotify MY Weekly Chart,https://kworb.net/spotify/country/my_weekly_totals.html
Tones And I,Never Seen the Rain,3,0,167,47400,137969,Spotify MY Weekly Chart,https://kworb.net/spotify/country/my_weekly_totals.html
AILEE,Breaking Down,3,0,154,48411,137906,Spotify MY Weekly Chart,https://kworb.net/spotify/country/my_weekly_totals.html
Donne Maula,Bercinta Lewat Kata,1,0,112,137885,137885,Spotify MY Weekly Chart,https://kworb.net/spotify/country/my_weekly_totals.html
Chris Brown,Questions,5,0,171,30181,137870,Spotify MY Weekly Chart,https://kworb.net/spotify/country/my_weekly_totals.html
Daiyan Trisha,Penat,3,0,181,47607,137727,Spotify MY Weekly Chart,https://kworb.net/spotify/country/my_weekly_totals.html
Dominic Fike,3 Nights,3,0,120,49846,137604,Spotify MY Weekly Chart,https://kworb.net/spotify/country/my_weekly_totals.html
XIA,How Can I Love You,7,0,81,27159,137515,Spotify MY Weekly Chart,https://kworb.net/spotify/country/my_weekly_totals.html
JENNIE,twin,1,0,100,137137,137137,Spotify MY Weekly Chart,https://kworb.net/spotify/country/my_weekly_totals.html
Kendrick Lamar,Black Panther,3,0,74,57422,136907,Spotify MY Weekly Chart,https://kworb.net/spotify/country/my_weekly_totals.html
Wany Hasrita,Canggung,3,0,187,46862,136900,Spotify MY Weekly Chart,https://kworb.net/spotify/country/my_weekly_totals.html
Ariana Grande,"nowhere, nobody",1,0,184,136766,136766,Spotify MY Weekly Chart,https://kworb.net/spotify/country/my_weekly_totals.html
Gracie Abrams,Hit the Wall,1,0,169,135946,135946,Spotify MY Weekly Chart,https://kworb.net/spotify/country/my_weekly_totals.html
Jin,Loser,1,0,105,135726,135726,Spotify MY Weekly Chart,https://kworb.net/spotify/country/my_weekly_totals.html
Taylor Swift,Mean (Taylor's Version),1,0,99,135558,135558,Spotify MY Weekly Chart,https://kworb.net/spotify/country/my_weekly_totals.html
Rihanna,Kiss It Better,1,0,170,135540,135540,Spotify MY Weekly Chart,https://kworb.net/spotify/country/my_weekly_totals.html
Gareth.T,顏色,1,0,168,135397,135397,Spotify MY Weekly Chart,https://kworb.net/spotify/country/my_weekly_totals.html
Lorde,Liability,3,0,68,54901,135381,Spotify MY Weekly Chart,https://kworb.net/spotify/country/my_weekly_totals.html
DJ Xen,DJ SO ASU – Pelukan Yang Hangat,1,0,151,135357,135357,Spotify MY Weekly Chart,https://kworb.net/spotify/country/my_weekly_totals.html
Idina Menzel,Let It Go - English Version,10,0,11,19092,135133,Spotify MY Weekly Chart,https://kworb.net/spotify/country/my_weekly_totals.html
3P,Hu Else,2,0,85,82896,135118,Spotify MY Weekly Chart,https://kworb.net/spotify/country/my_weekly_totals.html
Alessia Cara,Out Of Love,3,0,139,46501,134742,Spotify MY Weekly Chart,https://kworb.net/spotify/country/my_weekly_totals.html
Khalil Fong,紅豆,1,0,100,134673,134673,Spotify MY Weekly Chart,https://kworb.net/spotify/country/my_weekly_totals.html
Jin,Background,1,0,108,134208,134208,Spotify MY Weekly Chart,https://kworb.net/spotify/country/my_weekly_totals.html
NCT DREAM,Ridin',2,0,65,69576,134205,Spotify MY Weekly Chart,https://kworb.net/spotify/country/my_weekly_totals.html
ENHYPEN,No Way Back (Feat. So!YoON!),1,0,169,134160,134160,Spotify MY Weekly Chart,https://kworb.net/spotify/country/my_weekly_totals.html
Iklim,Gerhana Cinta Luka,1,0,180,134122,134122,Spotify MY Weekly Chart,https://kworb.net/spotify/country/my_weekly_totals.html
Don Toliver,E85,1,0,181,134073,134073,Spotify MY Weekly Chart,https://kworb.net/spotify/country/my_weekly_totals.html
Taylor Swift,I Wish You Would (Taylor's Version),1,0,95,133912,133912,Spotify MY Weekly Chart,https://kworb.net/spotify/country/my_weekly_totals.html
NCT DOJAEJUNG,Perfume,1,0,82,133831,133831,Spotify MY Weekly Chart,https://kworb.net/spotify/country/my_weekly_totals.html
IU,Coin,2,0,58,83515,133822,Spotify MY Weekly Chart,https://kworb.net/spotify/country/my_weekly_totals.html
SEVENTEEN,HOME;RUN,2,0,85,69763,133630,Spotify MY Weekly Chart,https://kworb.net/spotify/country/my_weekly_totals.html
Demeises,Dengarlah Bintang Hatiku,1,0,175,133615,133615,Spotify MY Weekly Chart,https://kworb.net/spotify/country/my_weekly_totals.html
Mumford & Sons,Believe,17,0,33,23917,133608,Spotify MY Weekly Chart,https://kworb.net/spotify/country/my_weekly_totals.html
Taylor Swift,imgonnagetyouback,1,0,109,133598,133598,Spotify MY Weekly Chart,https://kworb.net/spotify/country/my_weekly_totals.html
Kygo,Kids in Love,3,0,66,58384,133597,Spotify MY Weekly Chart,https://kworb.net/spotify/country/my_weekly_totals.html
Coldplay,Up&Up,7,0,116,36221,133558,Spotify MY Weekly Chart,https://kworb.net/spotify/country/my_weekly_totals.html
JENNIE,Intro : JANE with FKJ,1,0,106,133466,133466,Spotify MY Weekly Chart,https://kworb.net/spotify/country/my_weekly_totals.html
Pia Mia,Do It Again,12,0,82,15012,133357,Spotify MY Weekly Chart,https://kworb.net/spotify/country/my_weekly_totals.html
阿冗,你的答案,3,0,191,45596,133328,Spotify MY Weekly Chart,https://kworb.net/spotify/country/my_weekly_totals.html
JISOO,Hugs & Kisses,1,0,117,133281,133281,Spotify MY Weekly Chart,https://kworb.net/spotify/country/my_weekly_totals.html
Justin Bieber,Been You,6,0,45,40249,133193,Spotify MY Weekly Chart,https://kworb.net/spotify/country/my_weekly_totals.html
Queen,We Will Rock You - Remastered,3,0,122,48280,133167,Spotify MY Weekly Chart,https://kworb.net/spotify/country/my_weekly_totals.html
STAYC,ASAP,3,0,162,46805,133113,Spotify MY Weekly Chart,https://kworb.net/spotify/country/my_weekly_totals.html
Kim Kyung Hee,And I'm here,5,0,128,29587,132967,Spotify MY Weekly Chart,https://kworb.net/spotify/country/my_weekly_totals.html
Stacy,Romeo,10,0,149,14157,132924,Spotify MY Weekly Chart,https://kworb.net/spotify/country/my_weekly_totals.html
Mike Posner,Please Don't Go,3,0,171,46451,132902,Spotify MY Weekly Chart,https://kworb.net/spotify/country/my_weekly_totals.html
Kep1er,Up!,2,0,134,71036,132888,Spotify MY Weekly Chart,https://kworb.net/spotify/country/my_weekly_totals.html
Olivia Rodrigo,purple,1,0,177,132839,132839,Spotify MY Weekly Chart,https://kworb.net/spotify/country/my_weekly_totals.html
Jin,Rope It,1,0,113,132837,132837,Spotify MY Weekly Chart,https://kworb.net/spotify/country/my_weekly_totals.html
BTS,불타오르네 FIRE,7,0,115,21929,132758,Spotify MY Weekly Chart,https://kworb.net/spotify/country/my_weekly_totals.html
Ado,新時代,2,0,155,69793,132637,Spotify MY Weekly Chart,https://kworb.net/spotify/country/my_weekly_totals.html
Justin Bieber,Children,6,0,49,37563,132462,Spotify MY Weekly Chart,https://kworb.net/spotify/country/my_weekly_totals.html
Slam,Kurnia,1,0,195,132401,132401,Spotify MY Weekly Chart,https://kworb.net/spotify/country/my_weekly_totals.html
Taylor Swift,Soon You’ll Get Better,2,0,62,87747,132134,Spotify MY Weekly Chart,https://kworb.net/spotify/country/my_weekly_totals.html
Billie Eilish,bellyache,3,0,111,49450,131930,Spotify MY Weekly Chart,https://kworb.net/spotify/country/my_weekly_totals.html
ENHYPEN,Bite Me - Japanese Ver.,1,0,84,131840,131840,Spotify MY Weekly Chart,https://kworb.net/spotify/country/my_weekly_totals.html
OFFICIAL HIGE DANDISM,Cry Baby,3,0,188,45205,131740,Spotify MY Weekly Chart,https://kworb.net/spotify/country/my_weekly_totals.html
LEEHI,MY LOVE,6,0,112,25333,131726,Spotify MY Weekly Chart,https://kworb.net/spotify/country/my_weekly_totals.html
Jin,With the Clouds,1,0,118,131693,131693,Spotify MY Weekly Chart,https://kworb.net/spotify/country/my_weekly_totals.html
Juice WRLD,Life's A Mess,2,0,69,82395,131521,Spotify MY Weekly Chart,https://kworb.net/spotify/country/my_weekly_totals.html
Lil Uzi Vert,That Way - Bonus Track,2,0,116,67526,131487,Spotify MY Weekly Chart,https://kworb.net/spotify/country/my_weekly_totals.html
Olivia Rodrigo,expectations,1,0,181,131035,131035,Spotify MY Weekly Chart,https://kworb.net/spotify/country/my_weekly_totals.html
Jung Kook,My You,1,0,104,131004,131004,Spotify MY Weekly Chart,https://kworb.net/spotify/country/my_weekly_totals.html
Jimin,Promise,1,0,75,130889,130889,Spotify MY Weekly Chart,https://kworb.net/spotify/country/my_weekly_totals.html
Ed Sheeran,Bibia Be Ye Ye,3,0,66,67503,130848,Spotify MY Weekly Chart,https://kworb.net/spotify/country/my_weekly_totals.html
David Guetta,Titanium,42,0,21,7773,130665,Spotify MY Weekly Chart,https://kworb.net/spotify/country/my_weekly_totals.html
JISOO,TEARS,1,0,125,130663,130663,Spotify MY Weekly Chart,https://kworb.net/spotify/country/my_weekly_totals.html
mgk,RAP DEVIL,3,0,95,49135,130615,Spotify MY Weekly Chart,https://kworb.net/spotify/country/my_weekly_totals.html
Tasha Manshahar,Terima Kasih Cinta (Feat. RJ),17,0,118,11020,130431,Spotify MY Weekly Chart,https://kworb.net/spotify/country/my_weekly_totals.html
BTS,Trivia 起 : Just Dance,2,0,43,88489,130229,Spotify MY Weekly Chart,https://kworb.net/spotify/country/my_weekly_totals.html
MINO,FIANCÉ,3,0,93,54836,130052,Spotify MY Weekly Chart,https://kworb.net/spotify/country/my_weekly_totals.html
Anirudh Ravichander,Powerhouse,1,0,115,130014,130014,Spotify MY Weekly Chart,https://kworb.net/spotify/country/my_weekly_totals.html
Nirvana,Something In The Way - Remastered,2,0,117,69488,129932,Spotify MY Weekly Chart,https://kworb.net/spotify/country/my_weekly_totals.html
My Chemical Romance,The Ghost of You,1,0,137,129788,129788,Spotify MY Weekly Chart,https://kworb.net/spotify/country/my_weekly_totals.html
AJR,I'm Ready,12,0,26,17648,129566,Spotify MY Weekly Chart,https://kworb.net/spotify/country/my_weekly_totals.html
Rich Brian,100 Degrees,3,0,170,44544,129545,Spotify MY Weekly Chart,https://kworb.net/spotify/country/my_weekly_totals.html
Bunga,Intan Payung,3,0,167,44344,129442,Spotify MY Weekly Chart,https://kworb.net/spotify/country/my_weekly_totals.html
CLC,HELICOPTER,2,0,80,68017,129442,Spotify MY Weekly Chart,https://kworb.net/spotify/country/my_weekly_totals.html
Kygo,Carry Me,6,0,114,25471,129321,Spotify MY Weekly Chart,https://kworb.net/spotify/country/my_weekly_totals.html
Taylor Swift,False God,2,0,66,84275,129315,Spotify MY Weekly Chart,https://kworb.net/spotify/country/my_weekly_totals.html
TOMORROW X TOGETHER,Devil by the Window,1,0,70,129251,129251,Spotify MY Weekly Chart,https://kworb.net/spotify/country/my_weekly_totals.html
Joji,LOVE YOU LESS,1,0,185,129251,129251,Spotify MY Weekly Chart,https://kworb.net/spotify/country/my_weekly_totals.html
Stray Kids,Do It,1,0,172,129159,129159,Spotify MY Weekly Chart,https://kworb.net/spotify/country/my_weekly_totals.html
Post Malone,Spoil My Night,3,0,73,58912,129130,Spotify MY Weekly Chart,https://kworb.net/spotify/country/my_weekly_totals.html
Ed Sheeran,Remember The Name,2,0,70,83500,128833,Spotify MY Weekly Chart,https://kworb.net/spotify/country/my_weekly_totals.html
Axwell /\ Ingrosso,Sun Is Shining,11,0,50,22822,128719,Spotify MY Weekly Chart,https://kworb.net/spotify/country/my_weekly_totals.html
Taylor Swift,How You Get The Girl (Taylor's Version),1,0,110,128602,128602,Spotify MY Weekly Chart,https://kworb.net/spotify/country/my_weekly_totals.html
Taylor Swift,Bad Blood (Taylor's Version),1,0,112,128439,128439,Spotify MY Weekly Chart,https://kworb.net/spotify/country/my_weekly_totals.html
K-Clique,Licik (Tuju),3,0,165,45823,128241,Spotify MY Weekly Chart,https://kworb.net/spotify/country/my_weekly_totals.html
Jon Liddell,No More,7,0,132,19380,128069,Spotify MY Weekly Chart,https://kworb.net/spotify/country/my_weekly_totals.html
Will Smith,Prince Ali,3,0,148,44796,128041,Spotify MY Weekly Chart,https://kworb.net/spotify/country/my_weekly_totals.html
Alien Huang,地球上最浪漫的一首歌,2,0,57,79564,127996,Spotify MY Weekly Chart,https://kworb.net/spotify/country/my_weekly_totals.html
TREASURE,YELLOW,1,0,115,127914,127914,Spotify MY Weekly Chart,https://kworb.net/spotify/country/my_weekly_totals.html
Post Malone,Staring At The Sun,2,0,88,72619,127880,Spotify MY Weekly Chart,https://kworb.net/spotify/country/my_weekly_totals.html
Nathan Sykes,Over And Over Again,9,0,91,16746,127827,Spotify MY Weekly Chart,https://kworb.net/spotify/country/my_weekly_totals.html
V,Blue,1,0,90,127727,127727,Spotify MY Weekly Chart,https://kworb.net/spotify/country/my_weekly_totals.html
Omar Apollo,Evergreen,2,0,196,65111,127694,Spotify MY Weekly Chart,https://kworb.net/spotify/country/my_weekly_totals.html
Stings,Dalam Diam Aku Mencintaimu,1,0,196,127644,127644,Spotify MY Weekly Chart,https://kworb.net/spotify/country/my_weekly_totals.html
TREASURE,IT’S OKAY,2,0,109,72278,127600,Spotify MY Weekly Chart,https://kworb.net/spotify/country/my_weekly_totals.html
K-Clique,Warna,3,0,184,43587,127335,Spotify MY Weekly Chart,https://kworb.net/spotify/country/my_weekly_totals.html
Christina Aguilera,Reflection (2020),2,0,77,71509,127333,Spotify MY Weekly Chart,https://kworb.net/spotify/country/my_weekly_totals.html
Kanye West,Only One,8,0,27,21336,126902,Spotify MY Weekly Chart,https://kworb.net/spotify/country/my_weekly_totals.html
Fifth Harmony,The Life,7,0,97,21975,126870,Spotify MY Weekly Chart,https://kworb.net/spotify/country/my_weekly_totals.html
SZA,The Other Side (from Trolls World Tour),2,0,117,69425,126771,Spotify MY Weekly Chart,https://kworb.net/spotify/country/my_weekly_totals.html
Taylor Swift,The Black Dog,1,0,119,126730,126730,Spotify MY Weekly Chart,https://kworb.net/spotify/country/my_weekly_totals.html
Khalid,Self,2,0,75,71804,126379,Spotify MY Weekly Chart,https://kworb.net/spotify/country/my_weekly_totals.html
Anne-Marie,Perfect To Me,3,0,141,43497,126243,Spotify MY Weekly Chart,https://kworb.net/spotify/country/my_weekly_totals.html
EXO,Paradise,2,0,76,72120,126239,Spotify MY Weekly Chart,https://kworb.net/spotify/country/my_weekly_totals.html
John Newman,Love Me Again,18,0,21,9509,126186,Spotify MY Weekly Chart,https://kworb.net/spotify/country/my_weekly_totals.html
Sigala,Lullaby,4,0,168,32382,126086,Spotify MY Weekly Chart,https://kworb.net/spotify/country/my_weekly_totals.html
Christopher,My Heart,3,0,159,43004,125957,Spotify MY Weekly Chart,https://kworb.net/spotify/country/my_weekly_totals.html
Ptrp Studio,ชอบเธออะ,2,0,153,66747,125795,Spotify MY Weekly Chart,https://kworb.net/spotify/country/my_weekly_totals.html
Kim Feel,"Someday, The Boy",3,0,181,42969,125735,Spotify MY Weekly Chart,https://kworb.net/spotify/country/my_weekly_totals.html
Bunga Citra Lestari,Karena Kucinta Kau,2,0,108,73756,125639,Spotify MY Weekly Chart,https://kworb.net/spotify/country/my_weekly_totals.html
Jin,Another Level,1,0,160,125482,125482,Spotify MY Weekly Chart,https://kworb.net/spotify/country/my_weekly_totals.html
Jackson Wang,過 (Should've Let Go),2,0,89,64022,125266,Spotify MY Weekly Chart,https://kworb.net/spotify/country/my_weekly_totals.html
Apau Qhaliff,Cinta Mati,1,0,192,125096,125096,Spotify MY Weekly Chart,https://kworb.net/spotify/country/my_weekly_totals.html
Audien,Something Better,13,0,100,11525,124970,Spotify MY Weekly Chart,https://kworb.net/spotify/country/my_weekly_totals.html
Radiohead,No Surprises,1,0,189,124832,124832,Spotify MY Weekly Chart,https://kworb.net/spotify/country/my_weekly_totals.html
Kanye West,Ghost Town,2,0,62,71727,124797,Spotify MY Weekly Chart,https://kworb.net/spotify/country/my_weekly_totals.html
J. Cole,KOD,3,0,97,50787,124797,Spotify MY Weekly Chart,https://kworb.net/spotify/country/my_weekly_totals.html
Linkin Park,Good Goodbye,2,0,49,87423,124694,Spotify MY Weekly Chart,https://kworb.net/spotify/country/my_weekly_totals.html
ZAYN,Rainberry,3,0,117,47585,124642,Spotify MY Weekly Chart,https://kworb.net/spotify/country/my_weekly_totals.html
Big Sean,I Don't Fuck With You,20,0,106,7534,124537,Spotify MY Weekly Chart,https://kworb.net/spotify/country/my_weekly_totals.html
The Lumineers,Ho Hey,32,5,9,7147,124427,Spotify MY Weekly Chart,https://kworb.net/spotify/country/my_weekly_totals.html
Laufey,Winter Wonderland - Spotify Singles Holiday,1,0,163,124107,124107,Spotify MY Weekly Chart,https://kworb.net/spotify/country/my_weekly_totals.html
Jin,"To Me, Today",1,0,138,124009,124009,Spotify MY Weekly Chart,https://kworb.net/spotify/country/my_weekly_totals.html
Hunter Hayes,21,9,0,53,20594,123975,Spotify MY Weekly Chart,https://kworb.net/spotify/country/my_weekly_totals.html
SEUNGRI,"1, 2, 3!",3,0,107,47405,123883,Spotify MY Weekly Chart,https://kworb.net/spotify/country/my_weekly_totals.html
James Hersey,Miss You,6,0,132,23335,123873,Spotify MY Weekly Chart,https://kworb.net/spotify/country/my_weekly_totals.html
Orange Tan,蛇全蛇美Hoseh Liao,1,0,142,123851,123851,Spotify MY Weekly Chart,https://kworb.net/spotify/country/my_weekly_totals.html
The Chainsmokers,Bloodstream,3,0,57,63682,123730,Spotify MY Weekly Chart,https://kworb.net/spotify/country/my_weekly_totals.html
Stray Kids,DOMINO,2,0,96,63809,123656,Spotify MY Weekly Chart,https://kworb.net/spotify/country/my_weekly_totals.html
Aina Abdul,Sumpah,2,0,113,65012,123453,Spotify MY Weekly Chart,https://kworb.net/spotify/country/my_weekly_totals.html
Panic! At The Disco,Bohemian Rhapsody,5,0,86,31090,123439,Spotify MY Weekly Chart,https://kworb.net/spotify/country/my_weekly_totals.html
FLETCHER,Live Young Die Free,9,0,70,19403,123160,Spotify MY Weekly Chart,https://kworb.net/spotify/country/my_weekly_totals.html
NCT 127,Kick It,2,0,115,70765,122804,Spotify MY Weekly Chart,https://kworb.net/spotify/country/my_weekly_totals.html
ATEEZ,INCEPTION,2,0,84,69480,122646,Spotify MY Weekly Chart,https://kworb.net/spotify/country/my_weekly_totals.html
Fourtwnty,Aku Tenang,1,0,141,122450,122450,Spotify MY Weekly Chart,https://kworb.net/spotify/country/my_weekly_totals.html
Tiësto,Secrets,10,0,37,25536,122443,Spotify MY Weekly Chart,https://kworb.net/spotify/country/my_weekly_totals.html
Demi Lovato,Sober,3,0,100,49118,122313,Spotify MY Weekly Chart,https://kworb.net/spotify/country/my_weekly_totals.html
TREASURE,MMM,2,0,106,62191,122162,Spotify MY Weekly Chart,https://kworb.net/spotify/country/my_weekly_totals.html
Taylor Swift,The Prophecy,1,0,132,122116,122116,Spotify MY Weekly Chart,https://kworb.net/spotify/country/my_weekly_totals.html
Tyron Hapi,Anyway,4,0,178,30864,121978,Spotify MY Weekly Chart,https://kworb.net/spotify/country/my_weekly_totals.html
Ariana Grande,in my head,2,0,56,81759,121917,Spotify MY Weekly Chart,https://kworb.net/spotify/country/my_weekly_totals.html
Anne-Marie,Birthday,2,0,108,63994,121750,Spotify MY Weekly Chart,https://kworb.net/spotify/country/my_weekly_totals.html
R. City,Make Up,9,0,86,17326,121426,Spotify MY Weekly Chart,https://kworb.net/spotify/country/my_weekly_totals.html
Steady Gang,打工仔,1,0,157,121420,121420,Spotify MY Weekly Chart,https://kworb.net/spotify/country/my_weekly_totals.html
Kehlani,up at night,2,0,139,62563,121352,Spotify MY Weekly Chart,https://kworb.net/spotify/country/my_weekly_totals.html
Nabila Razali,Tak Sabar Nak Raya,1,0,197,121287,121287,Spotify MY Weekly Chart,https://kworb.net/spotify/country/my_weekly_totals.html
BABYMONSTER,"Love,Maybe",1,0,159,121215,121215,Spotify MY Weekly Chart,https://kworb.net/spotify/country/my_weekly_totals.html
Jin,Falling,1,0,170,121165,121165,Spotify MY Weekly Chart,https://kworb.net/spotify/country/my_weekly_totals.html
TOMORROW X TOGETHER,"Farewell, Neverland",1,0,80,121135,121135,Spotify MY Weekly Chart,https://kworb.net/spotify/country/my_weekly_totals.html
RM,Come back to me,1,0,142,121026,121026,Spotify MY Weekly Chart,https://kworb.net/spotify/country/my_weekly_totals.html
JJ Lin,偉大的渺小,4,0,177,31088,120915,Spotify MY Weekly Chart,https://kworb.net/spotify/country/my_weekly_totals.html
Lana Del Rey,Summertime Sadness [Lana Del Rey vs. Cedric Gervais] - Cedric Gervais Remix,25,0,15,6188,120432,Spotify MY Weekly Chart,https://kworb.net/spotify/country/my_weekly_totals.html
Iman Troye,Janji Happy Hari Raya,1,0,156,120410,120410,Spotify MY Weekly Chart,https://kworb.net/spotify/country/my_weekly_totals.html
James Bay,Peer Pressure,3,0,172,40955,120233,Spotify MY Weekly Chart,https://kworb.net/spotify/country/my_weekly_totals.html
PSY,Gentleman,17,8,4,14409,120182,Spotify MY Weekly Chart,https://kworb.net/spotify/country/my_weekly_totals.html
G-DRAGON,TAKE ME,1,0,123,120028,120028,Spotify MY Weekly Chart,https://kworb.net/spotify/country/my_weekly_totals.html
DIOR 大穎,乐油油,1,0,161,119966,119966,Spotify MY Weekly Chart,https://kworb.net/spotify/country/my_weekly_totals.html
萧慧敏 HUI MEI,SHARE丰年,1,0,162,119901,119901,Spotify MY Weekly Chart,https://kworb.net/spotify/country/my_weekly_totals.html
Louis The Child,Better Not,3,0,102,49030,119864,Spotify MY Weekly Chart,https://kworb.net/spotify/country/my_weekly_totals.html
Hearts2Hearts,STYLE,1,0,156,119855,119855,Spotify MY Weekly Chart,https://kworb.net/spotify/country/my_weekly_totals.html
Adrian Milanio,Cruise - Remix,1,0,107,119836,119836,Spotify MY Weekly Chart,https://kworb.net/spotify/country/my_weekly_totals.html
Avicii,Levels,2,0,51,82622,119814,Spotify MY Weekly Chart,https://kworb.net/spotify/country/my_weekly_totals.html
Justin Timberlake,Filthy,2,0,71,70197,119808,Spotify MY Weekly Chart,https://kworb.net/spotify/country/my_weekly_totals.html
IVE,ATTITUDE,1,0,181,119738,119738,Spotify MY Weekly Chart,https://kworb.net/spotify/country/my_weekly_totals.html
ENHYPEN,Moonstruck,1,0,131,119451,119451,Spotify MY Weekly Chart,https://kworb.net/spotify/country/my_weekly_totals.html
SZA,Crybaby,1,0,141,119376,119376,Spotify MY Weekly Chart,https://kworb.net/spotify/country/my_weekly_totals.html
Khalil Fong,三人遊,1,0,124,119298,119298,Spotify MY Weekly Chart,https://kworb.net/spotify/country/my_weekly_totals.html
The Weeknd,Rockin’,3,0,49,60106,119242,Spotify MY Weekly Chart,https://kworb.net/spotify/country/my_weekly_totals.html
Joji,Dissolve,1,0,76,119224,119224,Spotify MY Weekly Chart,https://kworb.net/spotify/country/my_weekly_totals.html
Jung Kook,3D (Alternate Ver.),1,0,100,118977,118977,Spotify MY Weekly Chart,https://kworb.net/spotify/country/my_weekly_totals.html
TREASURE,PARADISE,1,0,158,118810,118810,Spotify MY Weekly Chart,https://kworb.net/spotify/country/my_weekly_totals.html
Troye Sivan,Lucky Strike,3,0,119,46799,118725,Spotify MY Weekly Chart,https://kworb.net/spotify/country/my_weekly_totals.html
MINO,Run away,2,0,100,64023,118612,Spotify MY Weekly Chart,https://kworb.net/spotify/country/my_weekly_totals.html
Porter Robinson,Shelter,6,0,156,22008,118533,Spotify MY Weekly Chart,https://kworb.net/spotify/country/my_weekly_totals.html
Joji,Afterthought,2,0,81,71523,118505,Spotify MY Weekly Chart,https://kworb.net/spotify/country/my_weekly_totals.html
Anirudh Ravichander,Naa Ready,1,0,115,118476,118476,Spotify MY Weekly Chart,https://kworb.net/spotify/country/my_weekly_totals.html
JENNIE,Filter,1,0,136,118464,118464,Spotify MY Weekly Chart,https://kworb.net/spotify/country/my_weekly_totals.html
Drake,Blem,4,0,118,33779,118334,Spotify MY Weekly Chart,https://kworb.net/spotify/country/my_weekly_totals.html
EXO,Runaway,2,0,81,68312,118104,Spotify MY Weekly Chart,https://kworb.net/spotify/country/my_weekly_totals.html
Rachel Platten,Better Place,8,0,90,17954,118074,Spotify MY Weekly Chart,https://kworb.net/spotify/country/my_weekly_totals.html
Ed Sheeran,All of the Stars - Soundtrack Version,18,0,32,12542,117945,Spotify MY Weekly Chart,https://kworb.net/spotify/country/my_weekly_totals.html
Justin Timberlake,Selfish,1,0,148,117859,117859,Spotify MY Weekly Chart,https://kworb.net/spotify/country/my_weekly_totals.html
Queen,Love Of My Life - Remastered 2011,3,0,147,42354,117613,Spotify MY Weekly Chart,https://kworb.net/spotify/country/my_weekly_totals.html
T-Wayne,Nasty Freestyle,13,0,59,14185,117600,Spotify MY Weekly Chart,https://kworb.net/spotify/country/my_weekly_totals.html
Logan Paul,Help Me Help You,4,0,119,35125,117595,Spotify MY Weekly Chart,https://kworb.net/spotify/country/my_weekly_totals.html
KANGDANIEL,SOS,1,0,124,117462,117462,Spotify MY Weekly Chart,https://kworb.net/spotify/country/my_weekly_totals.html
Taylor Swift,Last Kiss (Taylor's Version),1,0,136,117410,117410,Spotify MY Weekly Chart,https://kworb.net/spotify/country/my_weekly_totals.html
Jin,I will come to you,1,0,180,117385,117385,Spotify MY Weekly Chart,https://kworb.net/spotify/country/my_weekly_totals.html
Tate McRae,It's ok I'm ok,1,0,144,117225,117225,Spotify MY Weekly Chart,https://kworb.net/spotify/country/my_weekly_totals.html
LISA,Moonlit Floor (Kiss Me),1,0,134,117199,117199,Spotify MY Weekly Chart,https://kworb.net/spotify/country/my_weekly_totals.html
Taylor Swift,22 (Taylor's Version),1,0,55,117173,117173,Spotify MY Weekly Chart,https://kworb.net/spotify/country/my_weekly_totals.html
Taylor Swift,Castles Crumbling,1,0,138,117144,117144,Spotify MY Weekly Chart,https://kworb.net/spotify/country/my_weekly_totals.html
Fifth Harmony,BO$$,9,0,35,17248,117105,Spotify MY Weekly Chart,https://kworb.net/spotify/country/my_weekly_totals.html
BANKS,Beggin For Thread,10,0,42,16249,117041,Spotify MY Weekly Chart,https://kworb.net/spotify/country/my_weekly_totals.html
CNCO,Hey DJ - Remix,3,0,176,39888,116946,Spotify MY Weekly Chart,https://kworb.net/spotify/country/my_weekly_totals.html
фрози,supїdo,1,0,126,116582,116582,Spotify MY Weekly Chart,https://kworb.net/spotify/country/my_weekly_totals.html
Olivia Rodrigo,all-american bitch,1,0,111,116495,116495,Spotify MY Weekly Chart,https://kworb.net/spotify/country/my_weekly_totals.html
Coleman Hell,2 Heads,12,0,51,15224,116444,Spotify MY Weekly Chart,https://kworb.net/spotify/country/my_weekly_totals.html
Agust D,People,2,0,69,75134,116428,Spotify MY Weekly Chart,https://kworb.net/spotify/country/my_weekly_totals.html
Taylor Swift,So High School,1,0,147,116222,116222,Spotify MY Weekly Chart,https://kworb.net/spotify/country/my_weekly_totals.html
Imagine Dragons,On Top Of The World,26,0,37,5735,116097,Spotify MY Weekly Chart,https://kworb.net/spotify/country/my_weekly_totals.html
Wali,Cari Jodoh,1,0,177,116083,116083,Spotify MY Weekly Chart,https://kworb.net/spotify/country/my_weekly_totals.html
d4vd,Always Love featuring Hyunjin (Stray Kids),1,0,181,115793,115793,Spotify MY Weekly Chart,https://kworb.net/spotify/country/my_weekly_totals.html
Taylor Swift,I Know Places (Taylor's Version),1,0,137,115740,115740,Spotify MY Weekly Chart,https://kworb.net/spotify/country/my_weekly_totals.html
Post Malone,On The Road,2,0,111,62761,115691,Spotify MY Weekly Chart,https://kworb.net/spotify/country/my_weekly_totals.html
Greyson Chance,shut up,3,0,173,39691,115582,Spotify MY Weekly Chart,https://kworb.net/spotify/country/my_weekly_totals.html
Kiesza,Hideaway,13,0,30,17233,115552,Spotify MY Weekly Chart,https://kworb.net/spotify/country/my_weekly_totals.html
JJ Lin,修煉愛情,8,0,123,18603,115533,Spotify MY Weekly Chart,https://kworb.net/spotify/country/my_weekly_totals.html
Colbie Caillat,Bubbly,12,0,166,16323,115487,Spotify MY Weekly Chart,https://kworb.net/spotify/country/my_weekly_totals.html
Pharrell Williams,Sangria Wine,2,0,63,67036,115439,Spotify MY Weekly Chart,https://kworb.net/spotify/country/my_weekly_totals.html
JENNIE,Starlight,1,0,145,115124,115124,Spotify MY Weekly Chart,https://kworb.net/spotify/country/my_weekly_totals.html
Red Velvet,러시안 룰렛 Russian Roulette,5,0,76,35296,115076,Spotify MY Weekly Chart,https://kworb.net/spotify/country/my_weekly_totals.html
Yuna,Invisible,2,0,92,65796,114994,Spotify MY Weekly Chart,https://kworb.net/spotify/country/my_weekly_totals.html
Justin Bieber,ALL I CAN TAKE,1,0,185,114930,114930,Spotify MY Weekly Chart,https://kworb.net/spotify/country/my_weekly_totals.html
Ariana Grande,ordinary things,1,0,121,114905,114905,Spotify MY Weekly Chart,https://kworb.net/spotify/country/my_weekly_totals.html
keshi,ANGOSTURA,2,0,165,58550,114880,Spotify MY Weekly Chart,https://kworb.net/spotify/country/my_weekly_totals.html
Alesso,I Wanna Know,7,0,122,18603,114825,Spotify MY Weekly Chart,https://kworb.net/spotify/country/my_weekly_totals.html
Sabrina Carpenter,A Nonsense Christmas,1,0,196,114809,114809,Spotify MY Weekly Chart,https://kworb.net/spotify/country/my_weekly_totals.html
Ed Sheeran,One,22,0,97,6512,114742,Spotify MY Weekly Chart,https://kworb.net/spotify/country/my_weekly_totals.html
Ed Sheeran,Merry Christmas,2,0,145,58859,114581,Spotify MY Weekly Chart,https://kworb.net/spotify/country/my_weekly_totals.html
Post Malone,A Thousand Bad Times,2,0,107,63825,114515,Spotify MY Weekly Chart,https://kworb.net/spotify/country/my_weekly_totals.html
Beyoncé,Drunk in Love,16,0,20,10787,114469,Spotify MY Weekly Chart,https://kworb.net/spotify/country/my_weekly_totals.html
21 Savage,monster,3,0,157,38908,114467,Spotify MY Weekly Chart,https://kworb.net/spotify/country/my_weekly_totals.html
EXO,Universe,3,0,100,48845,114363,Spotify MY Weekly Chart,https://kworb.net/spotify/country/my_weekly_totals.html
Els Warouw,Dear Diary,2,0,165,57689,114215,Spotify MY Weekly Chart,https://kworb.net/spotify/country/my_weekly_totals.html
Mahalini,Mencintaimu - (From: 2nd Miracle in Cell No.7),1,0,198,114062,114062,Spotify MY Weekly Chart,https://kworb.net/spotify/country/my_weekly_totals.html
Ed Sheeran,Perfect - Acoustic,3,0,115,42968,114060,Spotify MY Weekly Chart,https://kworb.net/spotify/country/my_weekly_totals.html
Datuk Ahmad Jais,Dari Jauh Ku Pohon Maaf,2,0,149,68996,113997,Spotify MY Weekly Chart,https://kworb.net/spotify/country/my_weekly_totals.html
Taylor Swift,Haunted (Taylor's Version),1,0,145,113810,113810,Spotify MY Weekly Chart,https://kworb.net/spotify/country/my_weekly_totals.html
SZA,What Do I Do,1,0,162,113773,113773,Spotify MY Weekly Chart,https://kworb.net/spotify/country/my_weekly_totals.html
Khalil Fong,麥恩莉,1,0,146,113685,113685,Spotify MY Weekly Chart,https://kworb.net/spotify/country/my_weekly_totals.html
P!nk,Walk Me Home,3,0,192,38731,113320,Spotify MY Weekly Chart,https://kworb.net/spotify/country/my_weekly_totals.html
Snakehips,Cruel,6,0,93,26707,113236,Spotify MY Weekly Chart,https://kworb.net/spotify/country/my_weekly_totals.html
Taylor Swift,Wonderland (Taylor's Version),1,0,143,113196,113196,Spotify MY Weekly Chart,https://kworb.net/spotify/country/my_weekly_totals.html
MNEK,Colour,3,0,135,43462,113166,Spotify MY Weekly Chart,https://kworb.net/spotify/country/my_weekly_totals.html
MEOVV,TOXIC,1,0,192,113071,113071,Spotify MY Weekly Chart,https://kworb.net/spotify/country/my_weekly_totals.html
Drake,Portland,4,0,122,32677,113066,Spotify MY Weekly Chart,https://kworb.net/spotify/country/my_weekly_totals.html
Jidenna,Classic Man,10,0,72,16445,112986,Spotify MY Weekly Chart,https://kworb.net/spotify/country/my_weekly_totals.html
CORTIS,JoyRide,1,0,190,112973,112973,Spotify MY Weekly Chart,https://kworb.net/spotify/country/my_weekly_totals.html
CHVRCHES,Miracle,3,0,120,44422,112802,Spotify MY Weekly Chart,https://kworb.net/spotify/country/my_weekly_totals.html
Adele,Strangers By Nature,1,0,54,112663,112663,Spotify MY Weekly Chart,https://kworb.net/spotify/country/my_weekly_totals.html
ENHYPEN,Blockbuster feat. YEONJUN of TOMORROW X TOGETHER,2,0,125,59033,112646,Spotify MY Weekly Chart,https://kworb.net/spotify/country/my_weekly_totals.html
BTS,Trivia 承 : Love,2,0,56,75474,112559,Spotify MY Weekly Chart,https://kworb.net/spotify/country/my_weekly_totals.html
"Tyler, The Creator",Noid,1,0,183,112556,112556,Spotify MY Weekly Chart,https://kworb.net/spotify/country/my_weekly_totals.html
Joji,1AM FREESTYLE,1,0,90,112491,112491,Spotify MY Weekly Chart,https://kworb.net/spotify/country/my_weekly_totals.html
Joker Xue,你还要我怎样,6,0,144,21058,112431,Spotify MY Weekly Chart,https://kworb.net/spotify/country/my_weekly_totals.html
Jimin,Face-off,1,0,92,112376,112376,Spotify MY Weekly Chart,https://kworb.net/spotify/country/my_weekly_totals.html
GFRIEND,Apple,2,0,134,57950,112347,Spotify MY Weekly Chart,https://kworb.net/spotify/country/my_weekly_totals.html
Seeb,Grip,3,0,166,39511,112220,Spotify MY Weekly Chart,https://kworb.net/spotify/country/my_weekly_totals.html
Taylor Swift,You Are In Love (Taylor's Version),1,0,148,112152,112152,Spotify MY Weekly Chart,https://kworb.net/spotify/country/my_weekly_totals.html
One Direction,A.M.,5,0,40,42523,111854,Spotify MY Weekly Chart,https://kworb.net/spotify/country/my_weekly_totals.html
Labrinth,All For Us,2,0,176,56114,111845,Spotify MY Weekly Chart,https://kworb.net/spotify/country/my_weekly_totals.html
Becky G,Lovin' So Hard,9,0,54,16784,111701,Spotify MY Weekly Chart,https://kworb.net/spotify/country/my_weekly_totals.html
Bunkface,Darah Muda,11,0,147,11096,111662,Spotify MY Weekly Chart,https://kworb.net/spotify/country/my_weekly_totals.html
Jonas Blue,I See Love,3,0,115,44502,111636,Spotify MY Weekly Chart,https://kworb.net/spotify/country/my_weekly_totals.html
EXO,Just as usual,2,0,90,63881,111371,Spotify MY Weekly Chart,https://kworb.net/spotify/country/my_weekly_totals.html
Taylor Swift,When Emma Falls in Love (Taylor’s Version) (From The Vault),1,0,157,111317,111317,Spotify MY Weekly Chart,https://kworb.net/spotify/country/my_weekly_totals.html
Daya,Cool,5,0,93,29385,111130,Spotify MY Weekly Chart,https://kworb.net/spotify/country/my_weekly_totals.html
Julia Duclos,Further,3,0,153,42515,111035,Spotify MY Weekly Chart,https://kworb.net/spotify/country/my_weekly_totals.html
Yuna,Lanes,5,0,85,29380,110947,Spotify MY Weekly Chart,https://kworb.net/spotify/country/my_weekly_totals.html
Akim And The Majistret,Saksama,1,0,174,110911,110911,Spotify MY Weekly Chart,https://kworb.net/spotify/country/my_weekly_totals.html
Kanye West,Off The Grid,2,0,92,64915,110901,Spotify MY Weekly Chart,https://kworb.net/spotify/country/my_weekly_totals.html
Anirudh Ravichander,"Dippam Dappam (From ""Kaathuvaakula Rendu Kaadhal"")",2,0,181,56556,110831,Spotify MY Weekly Chart,https://kworb.net/spotify/country/my_weekly_totals.html
Aina Abdul,Cinta Tak Pernah Tepat Waktu,1,0,176,110774,110774,Spotify MY Weekly Chart,https://kworb.net/spotify/country/my_weekly_totals.html
Taylor Swift,The Albatross,1,0,153,110773,110773,Spotify MY Weekly Chart,https://kworb.net/spotify/country/my_weekly_totals.html
Jason Mraz,Have It All,3,0,132,40827,110771,Spotify MY Weekly Chart,https://kworb.net/spotify/country/my_weekly_totals.html
WINNER,AH YEAH - KR Ver.,2,0,83,64923,110547,Spotify MY Weekly Chart,https://kworb.net/spotify/country/my_weekly_totals.html
Marshmello,Tongue Tied,2,0,113,59831,110458,Spotify MY Weekly Chart,https://kworb.net/spotify/country/my_weekly_totals.html
D.O.,My Love,2,0,94,60476,110422,Spotify MY Weekly Chart,https://kworb.net/spotify/country/my_weekly_totals.html
TAEYEON,Four Seasons,2,0,102,57982,110336,Spotify MY Weekly Chart,https://kworb.net/spotify/country/my_weekly_totals.html
Kat Dahlia,I Think I'm In Love,9,0,57,14171,110291,Spotify MY Weekly Chart,https://kworb.net/spotify/country/my_weekly_totals.html
Travie McCoy,Billionaire,1,0,176,110110,110110,Spotify MY Weekly Chart,https://kworb.net/spotify/country/my_weekly_totals.html
EXO,전야 前夜 The Eve,3,0,106,48109,109910,Spotify MY Weekly Chart,https://kworb.net/spotify/country/my_weekly_totals.html
Anirudh Ravichander,Monica,1,0,174,109885,109885,Spotify MY Weekly Chart,https://kworb.net/spotify/country/my_weekly_totals.html
Daniel Caesar,Rearrange My World,1,0,181,109848,109848,Spotify MY Weekly Chart,https://kworb.net/spotify/country/my_weekly_totals.html
JENNIE,F.T.S.,1,0,160,109844,109844,Spotify MY Weekly Chart,https://kworb.net/spotify/country/my_weekly_totals.html
Taylor Swift,Long Live (Taylor's Version),1,0,160,109807,109807,Spotify MY Weekly Chart,https://kworb.net/spotify/country/my_weekly_totals.html
FLETCHER,War Paint,10,0,84,13383,109726,Spotify MY Weekly Chart,https://kworb.net/spotify/country/my_weekly_totals.html
Bunga Citra Lestari,"Selalu Ada di Nadimu (Original Soundtrack From “JUMBO"")",1,0,190,109704,109704,Spotify MY Weekly Chart,https://kworb.net/spotify/country/my_weekly_totals.html
Michael Bublé,Santa Claus Is Coming to Town,5,0,42,46288,109617,Spotify MY Weekly Chart,https://kworb.net/spotify/country/my_weekly_totals.html
Red Velvet,Chill Kill,1,0,148,109573,109573,Spotify MY Weekly Chart,https://kworb.net/spotify/country/my_weekly_totals.html
Faizal Tahir,Assalamualaikum,17,0,105,14190,109476,Spotify MY Weekly Chart,https://kworb.net/spotify/country/my_weekly_totals.html
JONGHYUN,Lonely,3,0,90,46795,109408,Spotify MY Weekly Chart,https://kworb.net/spotify/country/my_weekly_totals.html
Toploader,Dancing in the Moonlight,7,0,148,16506,109399,Spotify MY Weekly Chart,https://kworb.net/spotify/country/my_weekly_totals.html
DEAN,DIE 4 YOU,1,0,149,109372,109372,Spotify MY Weekly Chart,https://kworb.net/spotify/country/my_weekly_totals.html
F4dli,Aku Dah Lupa,1,0,162,109334,109334,Spotify MY Weekly Chart,https://kworb.net/spotify/country/my_weekly_totals.html
Joji,NIGHT RIDER,1,0,92,109256,109256,Spotify MY Weekly Chart,https://kworb.net/spotify/country/my_weekly_totals.html
IU,Give You My Heart,2,0,141,60224,109144,Spotify MY Weekly Chart,https://kworb.net/spotify/country/my_weekly_totals.html
Jestinna Kuan,龙龙好运来,1,0,145,109139,109139,Spotify MY Weekly Chart,https://kworb.net/spotify/country/my_weekly_totals.html
Taylor Swift,How Did It End?,1,0,159,109026,109026,Spotify MY Weekly Chart,https://kworb.net/spotify/country/my_weekly_totals.html
Zedd,Clarity,27,0,14,4807,108997,Spotify MY Weekly Chart,https://kworb.net/spotify/country/my_weekly_totals.html
BSS,CBZ (Prime time),1,0,190,108847,108847,Spotify MY Weekly Chart,https://kworb.net/spotify/country/my_weekly_totals.html
Jestinna Kuan,嘟嘟嘟，新年好,1,0,198,108817,108817,Spotify MY Weekly Chart,https://kworb.net/spotify/country/my_weekly_totals.html
Music Factory,Cupid Twin Version (Sped Up) - Remix,1,0,97,108737,108737,Spotify MY Weekly Chart,https://kworb.net/spotify/country/my_weekly_totals.html
OMI,Cheerleader - Felix Jaehn vs Salaam Remi Remix,4,0,33,41580,108606,Spotify MY Weekly Chart,https://kworb.net/spotify/country/my_weekly_totals.html
Astro 全体艺人,Astro 贺岁歌曲2021: 元气满满MooMoo哒,2,0,107,57198,108558,Spotify MY Weekly Chart,https://kworb.net/spotify/country/my_weekly_totals.html
LANY,okay,2,0,102,56676,108513,Spotify MY Weekly Chart,https://kworb.net/spotify/country/my_weekly_totals.html
BABYMONSTER,BILLIONAIRE,1,0,192,108505,108505,Spotify MY Weekly Chart,https://kworb.net/spotify/country/my_weekly_totals.html
Drake,Pussy & Millions,1,0,93,108452,108452,Spotify MY Weekly Chart,https://kworb.net/spotify/country/my_weekly_totals.html
Muse,Starlight,1,0,150,108331,108331,Spotify MY Weekly Chart,https://kworb.net/spotify/country/my_weekly_totals.html
Muni Long,Hrs and Hrs,2,0,189,54916,108279,Spotify MY Weekly Chart,https://kworb.net/spotify/country/my_weekly_totals.html
Avicii,Broken Arrows,5,0,63,34193,108273,Spotify MY Weekly Chart,https://kworb.net/spotify/country/my_weekly_totals.html
Danny Koo,新年 Beng Beng Beng,1,0,148,108217,108217,Spotify MY Weekly Chart,https://kworb.net/spotify/country/my_weekly_totals.html
Anirudh Ravichander,"Naa Ready (From ""Leo"")",1,0,147,108214,108214,Spotify MY Weekly Chart,https://kworb.net/spotify/country/my_weekly_totals.html
Janna Nick,Gatal,2,0,188,54783,108201,Spotify MY Weekly Chart,https://kworb.net/spotify/country/my_weekly_totals.html
Muse,Time Is Running Out,1,0,152,108110,108110,Spotify MY Weekly Chart,https://kworb.net/spotify/country/my_weekly_totals.html
Tori Kelly,I Was Made For Loving You,7,0,185,16900,108078,Spotify MY Weekly Chart,https://kworb.net/spotify/country/my_weekly_totals.html
Taylor Swift,Electric Touch,1,0,162,108041,108041,Spotify MY Weekly Chart,https://kworb.net/spotify/country/my_weekly_totals.html
Linkin Park,Heavy Is the Crown,1,0,167,107991,107991,Spotify MY Weekly Chart,https://kworb.net/spotify/country/my_weekly_totals.html
TOMORROW X TOGETHER,Over The Moon,1,0,199,107984,107984,Spotify MY Weekly Chart,https://kworb.net/spotify/country/my_weekly_totals.html
LANY,dancing in the kitchen,2,0,102,60533,107974,Spotify MY Weekly Chart,https://kworb.net/spotify/country/my_weekly_totals.html
Harry Styles,Sweet Creature,3,0,93,42790,107971,Spotify MY Weekly Chart,https://kworb.net/spotify/country/my_weekly_totals.html
TOMORROW X TOGETHER,Happy Fools,1,0,101,107959,107959,Spotify MY Weekly Chart,https://kworb.net/spotify/country/my_weekly_totals.html
JJ Lin,將故事寫成我們,2,0,105,63135,107895,Spotify MY Weekly Chart,https://kworb.net/spotify/country/my_weekly_totals.html
Eminem,Gnat,2,0,94,62639,107840,Spotify MY Weekly Chart,https://kworb.net/spotify/country/my_weekly_totals.html
Zachz Winner,next door - jedag jedug,1,0,191,107796,107796,Spotify MY Weekly Chart,https://kworb.net/spotify/country/my_weekly_totals.html
Ungu,Percaya Padaku,1,0,200,107743,107743,Spotify MY Weekly Chart,https://kworb.net/spotify/country/my_weekly_totals.html
Jimin,Alone,1,0,99,107654,107654,Spotify MY Weekly Chart,https://kworb.net/spotify/country/my_weekly_totals.html
EXO,Power,3,0,88,47501,107467,Spotify MY Weekly Chart,https://kworb.net/spotify/country/my_weekly_totals.html
Luqman Podolski,RING RING,2,0,179,54302,107454,Spotify MY Weekly Chart,https://kworb.net/spotify/country/my_weekly_totals.html
Sam Smith,Drowning Shadows,8,0,74,19743,107386,Spotify MY Weekly Chart,https://kworb.net/spotify/country/my_weekly_totals.html
Birdy,Tee Shirt,19,0,115,9625,107333,Spotify MY Weekly Chart,https://kworb.net/spotify/country/my_weekly_totals.html
Drake,Slime You Out,1,0,134,107315,107315,Spotify MY Weekly Chart,https://kworb.net/spotify/country/my_weekly_totals.html
Jay Chou,Cold Hearted,1,0,62,107279,107279,Spotify MY Weekly Chart,https://kworb.net/spotify/country/my_weekly_totals.html
Jessica Darrow,Surface Pressure,2,0,182,54674,107188,Spotify MY Weekly Chart,https://kworb.net/spotify/country/my_weekly_totals.html
WizTheMc,Show Me Love,1,0,195,107066,107066,Spotify MY Weekly Chart,https://kworb.net/spotify/country/my_weekly_totals.html
SZA,Love Language,1,0,120,106941,106941,Spotify MY Weekly Chart,https://kworb.net/spotify/country/my_weekly_totals.html
LAUV,26,2,0,168,56915,106926,Spotify MY Weekly Chart,https://kworb.net/spotify/country/my_weekly_totals.html
keshi,more,2,0,122,58342,106906,Spotify MY Weekly Chart,https://kworb.net/spotify/country/my_weekly_totals.html
Billie Eilish,ilomilo,2,0,93,65022,106901,Spotify MY Weekly Chart,https://kworb.net/spotify/country/my_weekly_totals.html
LBI利比,跳楼机 - 1.1x,1,0,188,106735,106735,Spotify MY Weekly Chart,https://kworb.net/spotify/country/my_weekly_totals.html
Fotograf,Di Alam Fana Cinta,1,0,189,106725,106725,Spotify MY Weekly Chart,https://kworb.net/spotify/country/my_weekly_totals.html
Bad Bunny,Dakiti,2,0,134,53446,106721,Spotify MY Weekly Chart,https://kworb.net/spotify/country/my_weekly_totals.html
Peter Manos,In My Head,3,0,194,36774,106700,Spotify MY Weekly Chart,https://kworb.net/spotify/country/my_weekly_totals.html
Beyoncé,Can You Feel the Love Tonight,2,0,103,62797,106699,Spotify MY Weekly Chart,https://kworb.net/spotify/country/my_weekly_totals.html
Anirudh Ravichander,"Manasilaayo (From ""Vettaiyan"")",1,0,174,106670,106670,Spotify MY Weekly Chart,https://kworb.net/spotify/country/my_weekly_totals.html
Taylor Swift,Chloe or Sam or Sophia or Marcus,1,0,164,106663,106663,Spotify MY Weekly Chart,https://kworb.net/spotify/country/my_weekly_totals.html
Hafiz Suip,Matahari,19,0,94,8590,106653,Spotify MY Weekly Chart,https://kworb.net/spotify/country/my_weekly_totals.html
D.O.,I'm Fine,2,0,106,57716,106550,Spotify MY Weekly Chart,https://kworb.net/spotify/country/my_weekly_totals.html
TOMORROW X TOGETHER,Back for More,1,0,139,106430,106430,Spotify MY Weekly Chart,https://kworb.net/spotify/country/my_weekly_totals.html
j-hope,Daydream (백일몽),2,0,52,71975,106364,Spotify MY Weekly Chart,https://kworb.net/spotify/country/my_weekly_totals.html
Lorde,Yellow Flicker Beat,13,0,36,18659,106348,Spotify MY Weekly Chart,https://kworb.net/spotify/country/my_weekly_totals.html
Dua Lipa,Training Season,1,0,160,106317,106317,Spotify MY Weekly Chart,https://kworb.net/spotify/country/my_weekly_totals.html
SUPER JUNIOR,Black Suit,3,0,134,39239,106269,Spotify MY Weekly Chart,https://kworb.net/spotify/country/my_weekly_totals.html
Choi Yu Ree,Wish,2,0,159,53226,106250,Spotify MY Weekly Chart,https://kworb.net/spotify/country/my_weekly_totals.html
Logic,Keanu Reeves,3,0,179,36354,106205,Spotify MY Weekly Chart,https://kworb.net/spotify/country/my_weekly_totals.html
Akim And The Majistret,Hanya Padamu,7,0,183,16888,106110,Spotify MY Weekly Chart,https://kworb.net/spotify/country/my_weekly_totals.html
Sam Smith,Say It First,2,0,57,71438,106098,Spotify MY Weekly Chart,https://kworb.net/spotify/country/my_weekly_totals.html
Ed Sheeran,BLOW,2,0,131,54303,106095,Spotify MY Weekly Chart,https://kworb.net/spotify/country/my_weekly_totals.html
Ne-Yo,She Knows,11,0,53,16155,106050,Spotify MY Weekly Chart,https://kworb.net/spotify/country/my_weekly_totals.html
Billie Eilish,8,2,0,97,64318,105876,Spotify MY Weekly Chart,https://kworb.net/spotify/country/my_weekly_totals.html
The Chainsmokers,Young,3,0,75,51383,105842,Spotify MY Weekly Chart,https://kworb.net/spotify/country/my_weekly_totals.html
Jimin,Rebirth (Intro),1,0,175,105772,105772,Spotify MY Weekly Chart,https://kworb.net/spotify/country/my_weekly_totals.html
Kristen Bell,The Next Right Thing,2,0,136,56214,105741,Spotify MY Weekly Chart,https://kworb.net/spotify/country/my_weekly_totals.html
ATEEZ,Fireworks (I'm The One),2,0,117,56328,105566,Spotify MY Weekly Chart,https://kworb.net/spotify/country/my_weekly_totals.html
Jimin,Slow Dance,1,0,178,105509,105509,Spotify MY Weekly Chart,https://kworb.net/spotify/country/my_weekly_totals.html
Rich Brian,Love In My Pocket,2,0,126,55890,105429,Spotify MY Weekly Chart,https://kworb.net/spotify/country/my_weekly_totals.html
EVERGLOW,FIRST,2,0,98,58818,105427,Spotify MY Weekly Chart,https://kworb.net/spotify/country/my_weekly_totals.html
Halsey,Lilith,1,0,139,105424,105424,Spotify MY Weekly Chart,https://kworb.net/spotify/country/my_weekly_totals.html
Ed Sheeran,Curtains,1,0,137,105417,105417,Spotify MY Weekly Chart,https://kworb.net/spotify/country/my_weekly_totals.html
Katy Perry,The One That Got Away - Acoustic,21,0,122,9415,105352,Spotify MY Weekly Chart,https://kworb.net/spotify/country/my_weekly_totals.html
Hael Husaini,Peluk,1,0,196,105121,105121,Spotify MY Weekly Chart,https://kworb.net/spotify/country/my_weekly_totals.html
Don Toliver,LV Bag,1,0,200,105036,105036,Spotify MY Weekly Chart,https://kworb.net/spotify/country/my_weekly_totals.html
Travie McCoy,Golden,9,0,69,16752,104999,Spotify MY Weekly Chart,https://kworb.net/spotify/country/my_weekly_totals.html
Taylor Swift,Foolish One (Taylor’s Version) (From The Vault),1,0,174,104990,104990,Spotify MY Weekly Chart,https://kworb.net/spotify/country/my_weekly_totals.html
Logic,One Day,2,0,78,58706,104907,Spotify MY Weekly Chart,https://kworb.net/spotify/country/my_weekly_totals.html
RM,Still Life,1,0,112,104871,104871,Spotify MY Weekly Chart,https://kworb.net/spotify/country/my_weekly_totals.html
HWASA,Orbit,2,0,102,52498,104698,Spotify MY Weekly Chart,https://kworb.net/spotify/country/my_weekly_totals.html
Troye Sivan,Rager teenager!,2,0,133,54340,104598,Spotify MY Weekly Chart,https://kworb.net/spotify/country/my_weekly_totals.html
ZAYN,BeFoUr,4,0,53,38350,104590,Spotify MY Weekly Chart,https://kworb.net/spotify/country/my_weekly_totals.html
Shaa,Pertama Kali,4,0,179,27595,104536,Spotify MY Weekly Chart,https://kworb.net/spotify/country/my_weekly_totals.html
Taylor Swift,thanK you aIMee,1,0,170,104471,104471,Spotify MY Weekly Chart,https://kworb.net/spotify/country/my_weekly_totals.html
Adele,To Be Loved,1,0,62,104452,104452,Spotify MY Weekly Chart,https://kworb.net/spotify/country/my_weekly_totals.html
BTS,Permission to Dance (R&B Remix),2,0,98,59921,104339,Spotify MY Weekly Chart,https://kworb.net/spotify/country/my_weekly_totals.html
Far East Movement,Rocketeer,1,0,200,104274,104274,Spotify MY Weekly Chart,https://kworb.net/spotify/country/my_weekly_totals.html
Tulus,Interaksi,1,0,183,104252,104252,Spotify MY Weekly Chart,https://kworb.net/spotify/country/my_weekly_totals.html
SEVENTEEN,CLAP,3,0,119,41149,104236,Spotify MY Weekly Chart,https://kworb.net/spotify/country/my_weekly_totals.html
TOMORROW X TOGETHER,Magic,2,0,110,55179,104154,Spotify MY Weekly Chart,https://kworb.net/spotify/country/my_weekly_totals.html
Billie Eilish,BITTERSUITE,1,0,184,104009,104009,Spotify MY Weekly Chart,https://kworb.net/spotify/country/my_weekly_totals.html
Talitha.,Please Stay,3,0,141,37732,103933,Spotify MY Weekly Chart,https://kworb.net/spotify/country/my_weekly_totals.html
Hindia,Cincin,1,0,200,103868,103868,Spotify MY Weekly Chart,https://kworb.net/spotify/country/my_weekly_totals.html
Paramore,Hard Times,3,0,80,44678,103846,Spotify MY Weekly Chart,https://kworb.net/spotify/country/my_weekly_totals.html
KARD,Bomb Bomb,2,0,115,55652,103778,Spotify MY Weekly Chart,https://kworb.net/spotify/country/my_weekly_totals.html
SonaOne,Again,4,0,132,31557,103773,Spotify MY Weekly Chart,https://kworb.net/spotify/country/my_weekly_totals.html
Charli xcx,Boom Clap,12,0,21,19724,103749,Spotify MY Weekly Chart,https://kworb.net/spotify/country/my_weekly_totals.html
OneRepublic,I Lived,17,0,49,13574,103736,Spotify MY Weekly Chart,https://kworb.net/spotify/country/my_weekly_totals.html
Yuna,Masih Sunyi,1,0,131,103727,103727,Spotify MY Weekly Chart,https://kworb.net/spotify/country/my_weekly_totals.html
Maggie Lindemann,Obsessed,3,0,136,38533,103616,Spotify MY Weekly Chart,https://kworb.net/spotify/country/my_weekly_totals.html
Kmy Kmo,Gong Nekara,3,0,153,36541,103444,Spotify MY Weekly Chart,https://kworb.net/spotify/country/my_weekly_totals.html
Sabrina Carpenter,Juno,1,0,184,103372,103372,Spotify MY Weekly Chart,https://kworb.net/spotify/country/my_weekly_totals.html
Ali Gatie,How Things Used to Be,2,0,149,52006,103118,Spotify MY Weekly Chart,https://kworb.net/spotify/country/my_weekly_totals.html
Wyclef Jean,Divine Sorrow,9,0,49,17086,103112,Spotify MY Weekly Chart,https://kworb.net/spotify/country/my_weekly_totals.html
Orange Tan,Happy 龙龙 Time,1,0,172,102993,102993,Spotify MY Weekly Chart,https://kworb.net/spotify/country/my_weekly_totals.html
Stray Kids,"Sorry, I Love You",2,0,133,52806,102980,Spotify MY Weekly Chart,https://kworb.net/spotify/country/my_weekly_totals.html
Taylor Swift,tolerate it,1,0,47,102964,102964,Spotify MY Weekly Chart,https://kworb.net/spotify/country/my_weekly_totals.html
Taylor Swift,Never Grow Up (Taylor's Version),1,0,184,102900,102900,Spotify MY Weekly Chart,https://kworb.net/spotify/country/my_weekly_totals.html
Drake,Emotionless,2,0,69,65001,102839,Spotify MY Weekly Chart,https://kworb.net/spotify/country/my_weekly_totals.html
DJ Khaled,I DID IT,2,0,130,58275,102736,Spotify MY Weekly Chart,https://kworb.net/spotify/country/my_weekly_totals.html
Kuizz,Vibe,3,0,163,35076,102601,Spotify MY Weekly Chart,https://kworb.net/spotify/country/my_weekly_totals.html
Sid Sriram,Yaen Ennai Pirindhaai - Male,2,0,159,51361,102419,Spotify MY Weekly Chart,https://kworb.net/spotify/country/my_weekly_totals.html
Natasha Bedingfield,Unwritten,1,0,177,102319,102319,Spotify MY Weekly Chart,https://kworb.net/spotify/country/my_weekly_totals.html
Anne-Marie,Don't Play,2,0,106,57732,102273,Spotify MY Weekly Chart,https://kworb.net/spotify/country/my_weekly_totals.html
J. Cole,m y . l i f e,2,0,94,55752,102141,Spotify MY Weekly Chart,https://kworb.net/spotify/country/my_weekly_totals.html
Rita Ora,Poison,7,0,39,26394,101977,Spotify MY Weekly Chart,https://kworb.net/spotify/country/my_weekly_totals.html
CHUNG HA,Bicycle,2,0,107,55449,101924,Spotify MY Weekly Chart,https://kworb.net/spotify/country/my_weekly_totals.html
EXO-SC,1 Billion Views,2,0,147,54538,101862,Spotify MY Weekly Chart,https://kworb.net/spotify/country/my_weekly_totals.html
Hilary Duff,Sparks,9,0,49,23683,101713,Spotify MY Weekly Chart,https://kworb.net/spotify/country/my_weekly_totals.html
Drama Band,Drama,2,0,140,53537,101474,Spotify MY Weekly Chart,https://kworb.net/spotify/country/my_weekly_totals.html
Ariana Grande,raindrops (an angel cried),2,0,63,67064,101439,Spotify MY Weekly Chart,https://kworb.net/spotify/country/my_weekly_totals.html
LE SSERAFIM,1-800-hot-n-fun,1,0,196,101397,101397,Spotify MY Weekly Chart,https://kworb.net/spotify/country/my_weekly_totals.html
Billie Eilish,THE DINER,1,0,193,101364,101364,Spotify MY Weekly Chart,https://kworb.net/spotify/country/my_weekly_totals.html
Megan Thee Stallion,Hot Girl Summer,2,0,119,52630,101350,Spotify MY Weekly Chart,https://kworb.net/spotify/country/my_weekly_totals.html
4Minute,Hate,6,0,61,24246,101348,Spotify MY Weekly Chart,https://kworb.net/spotify/country/my_weekly_totals.html
EXO,Ooh La La La,2,0,76,63379,101308,Spotify MY Weekly Chart,https://kworb.net/spotify/country/my_weekly_totals.html
The Weeknd,Dark Times,8,0,69,18369,101276,Spotify MY Weekly Chart,https://kworb.net/spotify/country/my_weekly_totals.html
Taylor Swift,We Are Never Ever Getting Back Together (Taylor's Version),1,0,70,101201,101201,Spotify MY Weekly Chart,https://kworb.net/spotify/country/my_weekly_totals.html
Jordan Adetunji,KEHLANI,1,0,189,101193,101193,Spotify MY Weekly Chart,https://kworb.net/spotify/country/my_weekly_totals.html
Taylor Swift,peace,1,0,56,101070,101070,Spotify MY Weekly Chart,https://kworb.net/spotify/country/my_weekly_totals.html
Prince Royce,Stuck On a Feeling,11,0,69,11423,101034,Spotify MY Weekly Chart,https://kworb.net/spotify/country/my_weekly_totals.html
Roy Kim,HEAVEN,4,0,115,32518,100985,Spotify MY Weekly Chart,https://kworb.net/spotify/country/my_weekly_totals.html
G-DRAGON,"무제(無題) (Untitled, 2014)",1,0,31,100910,100910,Spotify MY Weekly Chart,https://kworb.net/spotify/country/my_weekly_totals.html
Chase Atlantic,OHMAMI,2,0,106,59217,100872,Spotify MY Weekly Chart,https://kworb.net/spotify/country/my_weekly_totals.html
Anirudh Ravichander,Lokiverse 2.0,1,0,161,100692,100692,Spotify MY Weekly Chart,https://kworb.net/spotify/country/my_weekly_totals.html
Taylor Swift,Timeless (Taylor’s Version) (From The Vault),1,0,193,100627,100627,Spotify MY Weekly Chart,https://kworb.net/spotify/country/my_weekly_totals.html
Luqman Podolski,Sudah Kahwin Ke Belum?,1,0,183,100621,100621,Spotify MY Weekly Chart,https://kworb.net/spotify/country/my_weekly_totals.html
Far East Movement,Freal Luv (Far East Movement X Marshmello),3,0,71,38534,100621,Spotify MY Weekly Chart,https://kworb.net/spotify/country/my_weekly_totals.html
ZEROBASEONE,In Bloom,1,0,174,100573,100573,Spotify MY Weekly Chart,https://kworb.net/spotify/country/my_weekly_totals.html
Stray Kids,CHEESE,2,0,148,50466,100565,Spotify MY Weekly Chart,https://kworb.net/spotify/country/my_weekly_totals.html
Robin Schulz,Sun Goes Down,7,0,37,19108,100543,Spotify MY Weekly Chart,https://kworb.net/spotify/country/my_weekly_totals.html
Cash Cash,Hero,2,0,178,50904,100501,Spotify MY Weekly Chart,https://kworb.net/spotify/country/my_weekly_totals.html
Taylor Swift,Run,1,0,71,100367,100367,Spotify MY Weekly Chart,https://kworb.net/spotify/country/my_weekly_totals.html
RM,Yun,1,0,123,100339,100339,Spotify MY Weekly Chart,https://kworb.net/spotify/country/my_weekly_totals.html
SOYEON,NOBODY,1,0,176,100332,100332,Spotify MY Weekly Chart,https://kworb.net/spotify/country/my_weekly_totals.html
Ariana Grande,R.E.M,2,0,74,63887,100325,Spotify MY Weekly Chart,https://kworb.net/spotify/country/my_weekly_totals.html
James Newton Howard,The Hanging Tree,10,0,36,19444,100270,Spotify MY Weekly Chart,https://kworb.net/spotify/country/my_weekly_totals.html
GOT7,Encore,2,0,99,57251,100222,Spotify MY Weekly Chart,https://kworb.net/spotify/country/my_weekly_totals.html
ZAYN,Too Much,2,0,92,54264,99996,Spotify MY Weekly Chart,https://kworb.net/spotify/country/my_weekly_totals.html
DEAN,What 2 Do,7,0,107,16905,99975,Spotify MY Weekly Chart,https://kworb.net/spotify/country/my_weekly_totals.html
6ixth Sense,Tak Bisa Memilihmu,1,0,198,99964,99964,Spotify MY Weekly Chart,https://kworb.net/spotify/country/my_weekly_totals.html
Bazzi,I Got You,2,0,116,53990,99893,Spotify MY Weekly Chart,https://kworb.net/spotify/country/my_weekly_totals.html
Jessie Ware,Say You Love Me,15,0,59,13439,99849,Spotify MY Weekly Chart,https://kworb.net/spotify/country/my_weekly_totals.html
Muse,Hysteria,1,0,170,99815,99815,Spotify MY Weekly Chart,https://kworb.net/spotify/country/my_weekly_totals.html
NCT 127,Punch,2,0,102,59834,99792,Spotify MY Weekly Chart,https://kworb.net/spotify/country/my_weekly_totals.html
The Weeknd,Sidewalks,3,0,63,43898,99738,Spotify MY Weekly Chart,https://kworb.net/spotify/country/my_weekly_totals.html
Joji,BLAHBLAHBLAH DEMO,1,0,114,99726,99726,Spotify MY Weekly Chart,https://kworb.net/spotify/country/my_weekly_totals.html
One Direction,Where Do Broken Hearts Go,10,0,41,19587,99513,Spotify MY Weekly Chart,https://kworb.net/spotify/country/my_weekly_totals.html
SISTAR,I Like That,6,0,128,19104,99506,Spotify MY Weekly Chart,https://kworb.net/spotify/country/my_weekly_totals.html
ATEEZ,Crazy Form,1,0,189,99458,99458,Spotify MY Weekly Chart,https://kworb.net/spotify/country/my_weekly_totals.html
ITZY,In the morning - English Ver.,2,0,181,50657,99450,Spotify MY Weekly Chart,https://kworb.net/spotify/country/my_weekly_totals.html
The Veronicas,In My Blood,6,0,170,17091,99433,Spotify MY Weekly Chart,https://kworb.net/spotify/country/my_weekly_totals.html
Faizal Tahir,Sumandak,2,0,119,55585,99347,Spotify MY Weekly Chart,https://kworb.net/spotify/country/my_weekly_totals.html
LANY,If You See Her,2,0,87,57748,99341,Spotify MY Weekly Chart,https://kworb.net/spotify/country/my_weekly_totals.html
Post Malone,Go Flex,3,0,153,34517,99285,Spotify MY Weekly Chart,https://kworb.net/spotify/country/my_weekly_totals.html
Ali Gatie,Can't Let You Go,2,0,151,51422,99185,Spotify MY Weekly Chart,https://kworb.net/spotify/country/my_weekly_totals.html
G-DRAGON,IBELONGIIU,1,0,197,98990,98990,Spotify MY Weekly Chart,https://kworb.net/spotify/country/my_weekly_totals.html
D.O.,It's Love,2,0,112,55129,98962,Spotify MY Weekly Chart,https://kworb.net/spotify/country/my_weekly_totals.html
Matoma,Staying Up,3,0,118,37924,98928,Spotify MY Weekly Chart,https://kworb.net/spotify/country/my_weekly_totals.html
A. Nayaka,Orang Lain - Def Jam Malaysia Remix,2,0,120,55113,98897,Spotify MY Weekly Chart,https://kworb.net/spotify/country/my_weekly_totals.html
ATEEZ,WORK,1,0,200,98871,98871,Spotify MY Weekly Chart,https://kworb.net/spotify/country/my_weekly_totals.html
Danny Koo,泰国的表弟 - 泰国的表弟,1,0,120,98857,98857,Spotify MY Weekly Chart,https://kworb.net/spotify/country/my_weekly_totals.html
Travis Scott,I KNOW ?,1,0,177,98710,98710,Spotify MY Weekly Chart,https://kworb.net/spotify/country/my_weekly_totals.html
Olivia Rodrigo,making the bed,1,0,151,98628,98628,Spotify MY Weekly Chart,https://kworb.net/spotify/country/my_weekly_totals.html
Auli'i Cravalho,How Far I'll Go,4,0,122,27091,98543,Spotify MY Weekly Chart,https://kworb.net/spotify/country/my_weekly_totals.html
Taylor Swift,I Hate It Here,1,0,195,98536,98536,Spotify MY Weekly Chart,https://kworb.net/spotify/country/my_weekly_totals.html
Pakho Chau,"讓愛高飛 - 劇集 ""多功能老婆"" 片尾曲",2,0,154,49741,98526,Spotify MY Weekly Chart,https://kworb.net/spotify/country/my_weekly_totals.html
5 Seconds of Summer,Wildflower,2,0,145,49850,98488,Spotify MY Weekly Chart,https://kworb.net/spotify/country/my_weekly_totals.html
aespa,Better Things,1,0,159,98405,98405,Spotify MY Weekly Chart,https://kworb.net/spotify/country/my_weekly_totals.html
SZA,Used,1,0,146,98356,98356,Spotify MY Weekly Chart,https://kworb.net/spotify/country/my_weekly_totals.html
Linkin Park,Leave Out All The Rest,2,0,62,71574,98194,Spotify MY Weekly Chart,https://kworb.net/spotify/country/my_weekly_totals.html
The Weeknd,How Do I Make You Love Me?,1,0,66,98180,98180,Spotify MY Weekly Chart,https://kworb.net/spotify/country/my_weekly_totals.html
SZA,Snooze (Acoustic),1,0,161,98128,98128,Spotify MY Weekly Chart,https://kworb.net/spotify/country/my_weekly_totals.html
Thomas Gold,Magic,4,0,167,25941,98107,Spotify MY Weekly Chart,https://kworb.net/spotify/country/my_weekly_totals.html
will.i.am,Scream & Shout,21,6,5,9664,98097,Spotify MY Weekly Chart,https://kworb.net/spotify/country/my_weekly_totals.html
KARD,Hola Hola,3,0,127,38615,98039,Spotify MY Weekly Chart,https://kworb.net/spotify/country/my_weekly_totals.html
B.I,illa illa,2,0,118,54809,98034,Spotify MY Weekly Chart,https://kworb.net/spotify/country/my_weekly_totals.html
Stray Kids,Charmer,1,0,69,97996,97996,Spotify MY Weekly Chart,https://kworb.net/spotify/country/my_weekly_totals.html
Coldplay,Hypnotised,2,0,67,67099,97991,Spotify MY Weekly Chart,https://kworb.net/spotify/country/my_weekly_totals.html
The Weeknd,Here We Go… Again,1,0,67,97905,97905,Spotify MY Weekly Chart,https://kworb.net/spotify/country/my_weekly_totals.html
Raiden,Yours,2,0,116,58794,97869,Spotify MY Weekly Chart,https://kworb.net/spotify/country/my_weekly_totals.html
Sam Smith,My Oasis,2,0,155,50103,97704,Spotify MY Weekly Chart,https://kworb.net/spotify/country/my_weekly_totals.html
GFRIEND,Fever,2,0,132,54249,97694,Spotify MY Weekly Chart,https://kworb.net/spotify/country/my_weekly_totals.html
AKMU,NAKKA,2,0,114,56641,97666,Spotify MY Weekly Chart,https://kworb.net/spotify/country/my_weekly_totals.html
Dua Lipa,Illusion,1,0,197,97650,97650,Spotify MY Weekly Chart,https://kworb.net/spotify/country/my_weekly_totals.html
Logic,44 More,3,0,129,36495,97626,Spotify MY Weekly Chart,https://kworb.net/spotify/country/my_weekly_totals.html
Taylor Swift,State Of Grace (Taylor's Version),1,0,74,97516,97516,Spotify MY Weekly Chart,https://kworb.net/spotify/country/my_weekly_totals.html
ENHYPEN,Upper Side Dreamin’,2,0,174,50634,97490,Spotify MY Weekly Chart,https://kworb.net/spotify/country/my_weekly_totals.html
MAMAMOO,WANNA BE MYSELF,2,0,145,52992,97151,Spotify MY Weekly Chart,https://kworb.net/spotify/country/my_weekly_totals.html
Faizal Tahir,Nobody,2,0,155,51214,97114,Spotify MY Weekly Chart,https://kworb.net/spotify/country/my_weekly_totals.html
SEVENTEEN,DON QUIXOTE,1,0,67,96988,96988,Spotify MY Weekly Chart,https://kworb.net/spotify/country/my_weekly_totals.html
Taylor Swift,High Infidelity,1,0,122,96911,96911,Spotify MY Weekly Chart,https://kworb.net/spotify/country/my_weekly_totals.html
Jason Derulo,Try Me,12,0,73,16425,96844,Spotify MY Weekly Chart,https://kworb.net/spotify/country/my_weekly_totals.html
Young Thug,Hot (Remix),2,0,162,49234,96827,Spotify MY Weekly Chart,https://kworb.net/spotify/country/my_weekly_totals.html
The Weeknd,Gasoline,1,0,69,96822,96822,Spotify MY Weekly Chart,https://kworb.net/spotify/country/my_weekly_totals.html
D.O.,Si Fueras Mía,2,0,124,51941,96806,Spotify MY Weekly Chart,https://kworb.net/spotify/country/my_weekly_totals.html
Marshmello,Light It Up,2,0,103,56694,96789,Spotify MY Weekly Chart,https://kworb.net/spotify/country/my_weekly_totals.html
Fences,Arrows,7,0,39,16781,96741,Spotify MY Weekly Chart,https://kworb.net/spotify/country/my_weekly_totals.html
Drake,Search & Rescue,1,0,153,96680,96680,Spotify MY Weekly Chart,https://kworb.net/spotify/country/my_weekly_totals.html
Matoma,Old Thing Back,10,0,56,15267,96669,Spotify MY Weekly Chart,https://kworb.net/spotify/country/my_weekly_totals.html
Juice WRLD,Robbery,2,0,122,49523,96611,Spotify MY Weekly Chart,https://kworb.net/spotify/country/my_weekly_totals.html
NanaSheme,Boleh Blah,8,0,160,12875,96574,Spotify MY Weekly Chart,https://kworb.net/spotify/country/my_weekly_totals.html
SZA,Hit Different,2,0,149,51910,96524,Spotify MY Weekly Chart,https://kworb.net/spotify/country/my_weekly_totals.html
ENHYPEN,Bills,1,0,175,96421,96421,Spotify MY Weekly Chart,https://kworb.net/spotify/country/my_weekly_totals.html
Yuna,Does She,2,0,159,49358,96350,Spotify MY Weekly Chart,https://kworb.net/spotify/country/my_weekly_totals.html
New Empire,A Little Braver,6,0,156,18087,96209,Spotify MY Weekly Chart,https://kworb.net/spotify/country/my_weekly_totals.html
RM,tokyo,2,0,123,49366,96186,Spotify MY Weekly Chart,https://kworb.net/spotify/country/my_weekly_totals.html
SZA,Special,1,0,153,96131,96131,Spotify MY Weekly Chart,https://kworb.net/spotify/country/my_weekly_totals.html
ZAYN,Good Years,2,0,117,49881,96052,Spotify MY Weekly Chart,https://kworb.net/spotify/country/my_weekly_totals.html
Bingyen 郑斌彦,龍龍的新年 Long Long New Year,1,0,194,95956,95956,Spotify MY Weekly Chart,https://kworb.net/spotify/country/my_weekly_totals.html
J. Cole,i n t e r l u d e,2,0,109,51601,95928,Spotify MY Weekly Chart,https://kworb.net/spotify/country/my_weekly_totals.html
WONWOO,Bittersweet,2,0,117,53874,95921,Spotify MY Weekly Chart,https://kworb.net/spotify/country/my_weekly_totals.html
SEVENTEEN,I can't run away,1,0,69,95654,95654,Spotify MY Weekly Chart,https://kworb.net/spotify/country/my_weekly_totals.html
6ix9ine,TIC TOC,2,0,90,56361,95640,Spotify MY Weekly Chart,https://kworb.net/spotify/country/my_weekly_totals.html
Selena Gomez,Come & Get It,22,8,8,6443,95577,Spotify MY Weekly Chart,https://kworb.net/spotify/country/my_weekly_totals.html
Sam Hunt,House Party,10,0,83,13864,95567,Spotify MY Weekly Chart,https://kworb.net/spotify/country/my_weekly_totals.html
Maroon 5,Lost,2,0,156,48593,95480,Spotify MY Weekly Chart,https://kworb.net/spotify/country/my_weekly_totals.html
Kygo,Forever Yours - Avicii Tribute,2,0,150,50226,95430,Spotify MY Weekly Chart,https://kworb.net/spotify/country/my_weekly_totals.html
Olivia Rodrigo,the grudge,1,0,166,95314,95314,Spotify MY Weekly Chart,https://kworb.net/spotify/country/my_weekly_totals.html
Salma Salsabil,Bunga Hati,1,0,195,95182,95182,Spotify MY Weekly Chart,https://kworb.net/spotify/country/my_weekly_totals.html
Jackson Wang,100 Ways,2,0,137,51200,95158,Spotify MY Weekly Chart,https://kworb.net/spotify/country/my_weekly_totals.html
Lil Uzi Vert,The Way Life Goes,3,0,157,34480,95146,Spotify MY Weekly Chart,https://kworb.net/spotify/country/my_weekly_totals.html
EXO,Hear Me Out,1,0,178,95004,95004,Spotify MY Weekly Chart,https://kworb.net/spotify/country/my_weekly_totals.html
Bad Bunny,DÁKITI,2,0,152,53013,94984,Spotify MY Weekly Chart,https://kworb.net/spotify/country/my_weekly_totals.html
Rihanna,Stay,25,0,100,6719,94928,Spotify MY Weekly Chart,https://kworb.net/spotify/country/my_weekly_totals.html
Warner Music Malaysia All Star,Seloka Hari Raya,2,0,123,52598,94911,Spotify MY Weekly Chart,https://kworb.net/spotify/country/my_weekly_totals.html
Ed Sheeran,I'm a Mess,17,0,76,9801,94801,Spotify MY Weekly Chart,https://kworb.net/spotify/country/my_weekly_totals.html
Stray Kids,VENOM,1,0,76,94793,94793,Spotify MY Weekly Chart,https://kworb.net/spotify/country/my_weekly_totals.html
A-Lin,幸福太短 - 電視劇「奇妙的時光之旅」片尾曲,6,0,131,17048,94519,Spotify MY Weekly Chart,https://kworb.net/spotify/country/my_weekly_totals.html
Sam Smith,Midnight Train,2,0,68,62292,94478,Spotify MY Weekly Chart,https://kworb.net/spotify/country/my_weekly_totals.html
Kuizz,Why I Hate the Weekends,2,0,158,48504,94379,Spotify MY Weekly Chart,https://kworb.net/spotify/country/my_weekly_totals.html
Ariana Grande,Santa Baby,3,0,101,43814,93852,Spotify MY Weekly Chart,https://kworb.net/spotify/country/my_weekly_totals.html
RM,All Day,1,0,137,93813,93813,Spotify MY Weekly Chart,https://kworb.net/spotify/country/my_weekly_totals.html
Weekend Relaxation,A New Day,4,4,1,29568,93798,Spotify MY Weekly Chart,https://kworb.net/spotify/country/my_weekly_totals.html
Young T & Bugsey,Don't Rush,2,0,131,51520,93736,Spotify MY Weekly Chart,https://kworb.net/spotify/country/my_weekly_totals.html
Doja Cat,Attention,1,0,182,93618,93618,Spotify MY Weekly Chart,https://kworb.net/spotify/country/my_weekly_totals.html
NCT DREAM,Dive Into You,2,0,111,50977,93543,Spotify MY Weekly Chart,https://kworb.net/spotify/country/my_weekly_totals.html
OH MY GIRL,Dun Dun Dance,2,0,121,49637,93536,Spotify MY Weekly Chart,https://kworb.net/spotify/country/my_weekly_totals.html
Future,Type Shit,1,0,198,93433,93433,Spotify MY Weekly Chart,https://kworb.net/spotify/country/my_weekly_totals.html
Taylor Swift,happiness,1,0,58,93413,93413,Spotify MY Weekly Chart,https://kworb.net/spotify/country/my_weekly_totals.html
Clara Mae,I'm Not Her,3,0,173,33291,93401,Spotify MY Weekly Chart,https://kworb.net/spotify/country/my_weekly_totals.html
One Direction,Olivia,5,0,53,35063,93396,Spotify MY Weekly Chart,https://kworb.net/spotify/country/my_weekly_totals.html
RADWIMPS,Grand Escape (Movie Edit),2,0,168,48184,93338,Spotify MY Weekly Chart,https://kworb.net/spotify/country/my_weekly_totals.html
Zara Larsson,Don't Worry Bout Me,2,0,152,47182,93296,Spotify MY Weekly Chart,https://kworb.net/spotify/country/my_weekly_totals.html
Amylea,Kendati,2,0,159,47602,93257,Spotify MY Weekly Chart,https://kworb.net/spotify/country/my_weekly_totals.html
SUNMI,Noir 누아르,2,0,104,53964,93239,Spotify MY Weekly Chart,https://kworb.net/spotify/country/my_weekly_totals.html
Kacey Musgraves,All Is Found - Kacey Musgraves Version,2,0,177,48019,93215,Spotify MY Weekly Chart,https://kworb.net/spotify/country/my_weekly_totals.html
Jestinna Kuan,一起兔two兔,1,0,134,93152,93152,Spotify MY Weekly Chart,https://kworb.net/spotify/country/my_weekly_totals.html
Linkin Park,Nobody Can Save Me,2,0,70,64938,93078,Spotify MY Weekly Chart,https://kworb.net/spotify/country/my_weekly_totals.html
Jay Chou,一點點,5,0,96,27807,92747,Spotify MY Weekly Chart,https://kworb.net/spotify/country/my_weekly_totals.html
Nat King Cole,The Christmas Song (Merry Christmas To You),2,0,160,51783,92682,Spotify MY Weekly Chart,https://kworb.net/spotify/country/my_weekly_totals.html
Ariana Grande,the light is coming,2,0,102,46711,92662,Spotify MY Weekly Chart,https://kworb.net/spotify/country/my_weekly_totals.html
GD X TAEYANG,GOOD BOY,16,0,104,7384,92420,Spotify MY Weekly Chart,https://kworb.net/spotify/country/my_weekly_totals.html
Drake,Pop Style,5,0,114,21806,92401,Spotify MY Weekly Chart,https://kworb.net/spotify/country/my_weekly_totals.html
One Direction,Best Song Ever,21,5,8,6425,92383,Spotify MY Weekly Chart,https://kworb.net/spotify/country/my_weekly_totals.html
The Weeknd,False Alarm,4,0,88,33015,92352,Spotify MY Weekly Chart,https://kworb.net/spotify/country/my_weekly_totals.html
RM,Closer,1,0,140,92336,92336,Spotify MY Weekly Chart,https://kworb.net/spotify/country/my_weekly_totals.html
DOLLA,Impikan,2,0,180,47220,92189,Spotify MY Weekly Chart,https://kworb.net/spotify/country/my_weekly_totals.html
Payung Teduh,Akad,3,0,153,34289,92009,Spotify MY Weekly Chart,https://kworb.net/spotify/country/my_weekly_totals.html
Why Don't We,I Still Do,2,0,156,47284,91927,Spotify MY Weekly Chart,https://kworb.net/spotify/country/my_weekly_totals.html
Julia Michaels,Hurt Again,2,0,154,48881,91868,Spotify MY Weekly Chart,https://kworb.net/spotify/country/my_weekly_totals.html
JJ Lin,對的時間點,2,0,170,47129,91867,Spotify MY Weekly Chart,https://kworb.net/spotify/country/my_weekly_totals.html
NCT 127,Fact Check,1,0,198,91710,91710,Spotify MY Weekly Chart,https://kworb.net/spotify/country/my_weekly_totals.html
SEVENTEEN,Imperfect love,1,0,77,91696,91696,Spotify MY Weekly Chart,https://kworb.net/spotify/country/my_weekly_totals.html
Halsey,Colors - Stripped,6,0,165,16071,91649,Spotify MY Weekly Chart,https://kworb.net/spotify/country/my_weekly_totals.html
A.R. Rahman,"Verithanam (From ""Bigil"")",2,0,167,47901,91647,Spotify MY Weekly Chart,https://kworb.net/spotify/country/my_weekly_totals.html
Oasis,Wonderwall,19,0,182,9445,91529,Spotify MY Weekly Chart,https://kworb.net/spotify/country/my_weekly_totals.html
SZA,SOS,1,0,159,91466,91466,Spotify MY Weekly Chart,https://kworb.net/spotify/country/my_weekly_totals.html
Ariana Grande,goodnight n go,2,0,83,57536,91460,Spotify MY Weekly Chart,https://kworb.net/spotify/country/my_weekly_totals.html
B.I,Got It Like That,2,0,140,46581,91356,Spotify MY Weekly Chart,https://kworb.net/spotify/country/my_weekly_totals.html
The Weeknd,I Heard You’re Married,1,0,80,91350,91350,Spotify MY Weekly Chart,https://kworb.net/spotify/country/my_weekly_totals.html
Post Malone,Rich & Sad,2,0,79,55087,91065,Spotify MY Weekly Chart,https://kworb.net/spotify/country/my_weekly_totals.html
Lorde,Homemade Dynamite - REMIX,3,0,190,30508,91035,Spotify MY Weekly Chart,https://kworb.net/spotify/country/my_weekly_totals.html
Action Bronson,Standing in the Rain,4,0,93,27992,91033,Spotify MY Weekly Chart,https://kworb.net/spotify/country/my_weekly_totals.html
Olivia Rodrigo,logical,1,0,186,90964,90964,Spotify MY Weekly Chart,https://kworb.net/spotify/country/my_weekly_totals.html
Stray Kids,The View,2,0,174,47015,90841,Spotify MY Weekly Chart,https://kworb.net/spotify/country/my_weekly_totals.html
LunchMoney Lewis,Whip It!,6,0,75,17066,90806,Spotify MY Weekly Chart,https://kworb.net/spotify/country/my_weekly_totals.html
Stray Kids,TOPLINE,1,0,185,90790,90790,Spotify MY Weekly Chart,https://kworb.net/spotify/country/my_weekly_totals.html
Priory,Weekend,9,0,69,11927,90782,Spotify MY Weekly Chart,https://kworb.net/spotify/country/my_weekly_totals.html
Eddy Kim,긴 밤이 오면,3,0,177,31951,90733,Spotify MY Weekly Chart,https://kworb.net/spotify/country/my_weekly_totals.html
Linkin Park,Crawling,2,0,78,61495,90713,Spotify MY Weekly Chart,https://kworb.net/spotify/country/my_weekly_totals.html
EXO,Lucky One,4,0,62,38196,90691,Spotify MY Weekly Chart,https://kworb.net/spotify/country/my_weekly_totals.html
Timeflies,Raincoat,3,0,138,33101,90658,Spotify MY Weekly Chart,https://kworb.net/spotify/country/my_weekly_totals.html
The Weeknd,Alone Again,1,0,59,90633,90633,Spotify MY Weekly Chart,https://kworb.net/spotify/country/my_weekly_totals.html
SEVENTEEN,Dust,1,0,169,90491,90491,Spotify MY Weekly Chart,https://kworb.net/spotify/country/my_weekly_totals.html
Eve,廻廻奇譚,2,0,166,45559,90362,Spotify MY Weekly Chart,https://kworb.net/spotify/country/my_weekly_totals.html
Wanna One,Spring Breeze,2,0,99,52796,90290,Spotify MY Weekly Chart,https://kworb.net/spotify/country/my_weekly_totals.html
RM,forever rain,2,0,136,46494,90211,Spotify MY Weekly Chart,https://kworb.net/spotify/country/my_weekly_totals.html
blackbear,if i were u,2,0,189,45818,90101,Spotify MY Weekly Chart,https://kworb.net/spotify/country/my_weekly_totals.html
Taylor Swift,Treacherous (Taylor's Version),1,0,86,89971,89971,Spotify MY Weekly Chart,https://kworb.net/spotify/country/my_weekly_totals.html
Olivia Rodrigo,lacy,1,0,189,89968,89968,Spotify MY Weekly Chart,https://kworb.net/spotify/country/my_weekly_totals.html
keshi,drunk,1,0,149,89901,89901,Spotify MY Weekly Chart,https://kworb.net/spotify/country/my_weekly_totals.html
Metro Boomin,"All The Way Live (Spider-Man: Across the Spider-Verse) (Metro Boomin & Future, Lil Uzi Vert)",1,0,189,89837,89837,Spotify MY Weekly Chart,https://kworb.net/spotify/country/my_weekly_totals.html
Shawn Mendes,Three Empty Words,4,0,90,28791,89717,Spotify MY Weekly Chart,https://kworb.net/spotify/country/my_weekly_totals.html
Calvin Harris,Sweet Nothing,24,4,7,7873,89709,Spotify MY Weekly Chart,https://kworb.net/spotify/country/my_weekly_totals.html
Stray Kids,Lonely St.,1,0,88,89684,89684,Spotify MY Weekly Chart,https://kworb.net/spotify/country/my_weekly_totals.html
RM,Lonely,1,0,151,89544,89544,Spotify MY Weekly Chart,https://kworb.net/spotify/country/my_weekly_totals.html
Harry Styles,Music For a Sushi Restaurant,1,0,87,89401,89401,Spotify MY Weekly Chart,https://kworb.net/spotify/country/my_weekly_totals.html
Han Byul,Luka Dan Bahagia,2,0,189,44881,89384,Spotify MY Weekly Chart,https://kworb.net/spotify/country/my_weekly_totals.html
OH MY GIRL,Nonstop,2,0,142,46142,89381,Spotify MY Weekly Chart,https://kworb.net/spotify/country/my_weekly_totals.html
SEVENTEEN,2 MINUS 1 - Bonus Track,1,0,82,89365,89365,Spotify MY Weekly Chart,https://kworb.net/spotify/country/my_weekly_totals.html
La La Land Cast,Another Day Of Sun,4,0,152,25598,89218,Spotify MY Weekly Chart,https://kworb.net/spotify/country/my_weekly_totals.html
Astro Artiste,旺兔GOLD,1,0,150,89105,89105,Spotify MY Weekly Chart,https://kworb.net/spotify/country/my_weekly_totals.html
D.O.,That's okay,2,0,172,45533,89081,Spotify MY Weekly Chart,https://kworb.net/spotify/country/my_weekly_totals.html
Metro Boomin,Niagara Falls (Foot or 2) [with Travis Scott & 21 Savage],1,0,154,89004,89004,Spotify MY Weekly Chart,https://kworb.net/spotify/country/my_weekly_totals.html
Sufi Rashid,Senyuman Raya,2,0,161,44895,88917,Spotify MY Weekly Chart,https://kworb.net/spotify/country/my_weekly_totals.html
RM,moonchild,2,0,140,46037,88619,Spotify MY Weekly Chart,https://kworb.net/spotify/country/my_weekly_totals.html
Taylor Swift,Dear Reader,1,0,137,88575,88575,Spotify MY Weekly Chart,https://kworb.net/spotify/country/my_weekly_totals.html
Taylor Swift,Glitch,1,0,138,88318,88318,Spotify MY Weekly Chart,https://kworb.net/spotify/country/my_weekly_totals.html
Isabel LaRosa,i'm yours,1,0,141,88256,88256,Spotify MY Weekly Chart,https://kworb.net/spotify/country/my_weekly_totals.html
Why Don't We,Come To Brazil,2,0,169,45766,88217,Spotify MY Weekly Chart,https://kworb.net/spotify/country/my_weekly_totals.html
Armin van Buuren,This Is What It Feels Like,30,0,23,3682,88095,Spotify MY Weekly Chart,https://kworb.net/spotify/country/my_weekly_totals.html
Sam Smith,No Peace,2,0,81,55265,87924,Spotify MY Weekly Chart,https://kworb.net/spotify/country/my_weekly_totals.html
Ariana Grande,Let Me Love You,5,0,123,20626,87913,Spotify MY Weekly Chart,https://kworb.net/spotify/country/my_weekly_totals.html
Alec Benjamin,Jesus In LA,2,0,163,45405,87802,Spotify MY Weekly Chart,https://kworb.net/spotify/country/my_weekly_totals.html
88rising,History,2,0,88,54579,87729,Spotify MY Weekly Chart,https://kworb.net/spotify/country/my_weekly_totals.html
SEVENTEEN,Fire,1,0,185,87690,87690,Spotify MY Weekly Chart,https://kworb.net/spotify/country/my_weekly_totals.html
BTS,Skit: Billboard Music Awards Speech,2,0,109,45109,87688,Spotify MY Weekly Chart,https://kworb.net/spotify/country/my_weekly_totals.html
Lukas Graham,You're Not There,4,0,179,22724,87246,Spotify MY Weekly Chart,https://kworb.net/spotify/country/my_weekly_totals.html
BTS,Don't Leave Me,2,0,99,47851,87243,Spotify MY Weekly Chart,https://kworb.net/spotify/country/my_weekly_totals.html
Bing Crosby,White Christmas,3,0,142,43662,86985,Spotify MY Weekly Chart,https://kworb.net/spotify/country/my_weekly_totals.html
Maroon 5,Love Somebody,22,0,11,5152,86938,Spotify MY Weekly Chart,https://kworb.net/spotify/country/my_weekly_totals.html
SEVENTEEN,PANG!,1,0,85,86930,86930,Spotify MY Weekly Chart,https://kworb.net/spotify/country/my_weekly_totals.html
Alec Benjamin,Must Have Been The Wind,2,0,174,44006,86874,Spotify MY Weekly Chart,https://kworb.net/spotify/country/my_weekly_totals.html
R3HAB,All Around The World (La La La),2,0,176,44286,86714,Spotify MY Weekly Chart,https://kworb.net/spotify/country/my_weekly_totals.html
Rita Ora,Body on Me,6,0,67,18056,86710,Spotify MY Weekly Chart,https://kworb.net/spotify/country/my_weekly_totals.html
Stray Kids,"Waiting For Us (Bang Chan, Lee Know, Seungmin, I.N)",1,0,93,86644,86644,Spotify MY Weekly Chart,https://kworb.net/spotify/country/my_weekly_totals.html
Pharrell Williams,Freedom,7,0,51,19574,86569,Spotify MY Weekly Chart,https://kworb.net/spotify/country/my_weekly_totals.html
Zara Larsson,All the Time,2,0,173,44512,86499,Spotify MY Weekly Chart,https://kworb.net/spotify/country/my_weekly_totals.html
Kane Brown,Be Like That,2,0,196,43648,86493,Spotify MY Weekly Chart,https://kworb.net/spotify/country/my_weekly_totals.html
Ellie Goulding,Flux,2,0,151,44016,86466,Spotify MY Weekly Chart,https://kworb.net/spotify/country/my_weekly_totals.html
Taylor Swift,I Almost Do (Taylor's Version),1,0,87,86460,86460,Spotify MY Weekly Chart,https://kworb.net/spotify/country/my_weekly_totals.html
SG Wannabe,사랑하자,5,0,111,20176,86156,Spotify MY Weekly Chart,https://kworb.net/spotify/country/my_weekly_totals.html
Amylea X Megat,Tetap Kamu,2,0,168,44572,86102,Spotify MY Weekly Chart,https://kworb.net/spotify/country/my_weekly_totals.html
Khai Bahar,Nafas Cinta,2,0,184,43193,85999,Spotify MY Weekly Chart,https://kworb.net/spotify/country/my_weekly_totals.html
Melly Goeslaw,Denting,2,0,181,43014,85787,Spotify MY Weekly Chart,https://kworb.net/spotify/country/my_weekly_totals.html
Juice WRLD,Fast,2,0,128,47860,85787,Spotify MY Weekly Chart,https://kworb.net/spotify/country/my_weekly_totals.html
Jamal Abdillah,Lambaian Aidilfitri,3,0,166,44521,85712,Spotify MY Weekly Chart,https://kworb.net/spotify/country/my_weekly_totals.html
Becky G,Can't Stop Dancin',7,0,43,18263,85666,Spotify MY Weekly Chart,https://kworb.net/spotify/country/my_weekly_totals.html
TOMORROW X TOGETHER,No Rules,2,0,187,43434,85542,Spotify MY Weekly Chart,https://kworb.net/spotify/country/my_weekly_totals.html
RM,Forg_tful,1,0,168,85464,85464,Spotify MY Weekly Chart,https://kworb.net/spotify/country/my_weekly_totals.html
Drake,Falling Back,1,0,92,85390,85390,Spotify MY Weekly Chart,https://kworb.net/spotify/country/my_weekly_totals.html
Eminem,Stepping Stone,2,0,106,51107,85252,Spotify MY Weekly Chart,https://kworb.net/spotify/country/my_weekly_totals.html
Drake,On BS,1,0,156,85166,85166,Spotify MY Weekly Chart,https://kworb.net/spotify/country/my_weekly_totals.html
Mariah Carey,Christmas (Baby Please Come Home),2,0,170,47125,85118,Spotify MY Weekly Chart,https://kworb.net/spotify/country/my_weekly_totals.html
RM,Change pt.2,1,0,171,85033,85033,Spotify MY Weekly Chart,https://kworb.net/spotify/country/my_weekly_totals.html
Sarah Suhairi,Nyawa & Raga,2,0,123,47925,85029,Spotify MY Weekly Chart,https://kworb.net/spotify/country/my_weekly_totals.html
Gwen Stefani,Used To Love You,7,0,110,13359,84893,Spotify MY Weekly Chart,https://kworb.net/spotify/country/my_weekly_totals.html
The Weeknd,Dawn FM,1,0,92,84756,84756,Spotify MY Weekly Chart,https://kworb.net/spotify/country/my_weekly_totals.html
Naughty Boy,Runnin' (Lose It All),8,0,107,13120,84754,Spotify MY Weekly Chart,https://kworb.net/spotify/country/my_weekly_totals.html
Mariah Carey,All I Want For Christmas Is You - Original Version,6,0,37,26825,84715,Spotify MY Weekly Chart,https://kworb.net/spotify/country/my_weekly_totals.html
Adele,Cry Your Heart Out,1,0,84,84703,84703,Spotify MY Weekly Chart,https://kworb.net/spotify/country/my_weekly_totals.html
Ruel,Face To Face,2,0,189,42588,84655,Spotify MY Weekly Chart,https://kworb.net/spotify/country/my_weekly_totals.html
Majid Jordan,Caught Up,2,0,178,42645,84603,Spotify MY Weekly Chart,https://kworb.net/spotify/country/my_weekly_totals.html
Taylor Swift,Message In A Bottle (Taylor's Version) (From The Vault),1,0,89,84475,84475,Spotify MY Weekly Chart,https://kworb.net/spotify/country/my_weekly_totals.html
Louis Tomlinson,Miss You,2,0,84,50155,84472,Spotify MY Weekly Chart,https://kworb.net/spotify/country/my_weekly_totals.html
Jimin,Interlude : Dive,1,0,149,84412,84412,Spotify MY Weekly Chart,https://kworb.net/spotify/country/my_weekly_totals.html
Sia,Bird Set Free,5,0,64,21677,84403,Spotify MY Weekly Chart,https://kworb.net/spotify/country/my_weekly_totals.html
RM,No.2,1,0,178,84247,84247,Spotify MY Weekly Chart,https://kworb.net/spotify/country/my_weekly_totals.html
Rae Sremmurd,This Could Be Us,7,0,79,14803,84155,Spotify MY Weekly Chart,https://kworb.net/spotify/country/my_weekly_totals.html
NAYEON,NO PROBLEM,1,0,95,84062,84062,Spotify MY Weekly Chart,https://kworb.net/spotify/country/my_weekly_totals.html
Future,Low Life,5,0,122,18470,84038,Spotify MY Weekly Chart,https://kworb.net/spotify/country/my_weekly_totals.html
5 Seconds of Summer,Girls Talk Boys,3,0,71,36185,83805,Spotify MY Weekly Chart,https://kworb.net/spotify/country/my_weekly_totals.html
Alexander Stewart,blame's on me,1,0,156,83623,83623,Spotify MY Weekly Chart,https://kworb.net/spotify/country/my_weekly_totals.html
Imagine Dragons,Walking The Wire,2,0,95,47502,83599,Spotify MY Weekly Chart,https://kworb.net/spotify/country/my_weekly_totals.html
The Weeknd,Best Friends,1,0,94,83556,83556,Spotify MY Weekly Chart,https://kworb.net/spotify/country/my_weekly_totals.html
BTS,Dynamite - Instrumental,1,0,59,83552,83552,Spotify MY Weekly Chart,https://kworb.net/spotify/country/my_weekly_totals.html
5 Seconds of Summer,Hey Everybody!,6,0,68,20736,83367,Spotify MY Weekly Chart,https://kworb.net/spotify/country/my_weekly_totals.html
Hujan,Kotak Hati,2,0,191,44554,83010,Spotify MY Weekly Chart,https://kworb.net/spotify/country/my_weekly_totals.html
Stray Kids,FREEZE,1,0,102,82962,82962,Spotify MY Weekly Chart,https://kworb.net/spotify/country/my_weekly_totals.html
Taylor Swift,evermore,1,0,74,82935,82935,Spotify MY Weekly Chart,https://kworb.net/spotify/country/my_weekly_totals.html
Ariana Grande,just like magic,1,0,64,82916,82916,Spotify MY Weekly Chart,https://kworb.net/spotify/country/my_weekly_totals.html
萧慧敏,Ü虎加把劲,1,0,86,82876,82876,Spotify MY Weekly Chart,https://kworb.net/spotify/country/my_weekly_totals.html
Taylor Swift,The Last Time,1,0,91,82577,82577,Spotify MY Weekly Chart,https://kworb.net/spotify/country/my_weekly_totals.html
Harry Styles,Grapejuice,1,0,102,82387,82387,Spotify MY Weekly Chart,https://kworb.net/spotify/country/my_weekly_totals.html
RM,Hectic,1,0,191,82293,82293,Spotify MY Weekly Chart,https://kworb.net/spotify/country/my_weekly_totals.html
Taylor Swift,dorothea,1,0,77,82229,82229,Spotify MY Weekly Chart,https://kworb.net/spotify/country/my_weekly_totals.html
Alextbh,no space,2,0,161,42858,82171,Spotify MY Weekly Chart,https://kworb.net/spotify/country/my_weekly_totals.html
Taylor Swift,Better Man (Taylor's Version) (From The Vault),1,0,94,81917,81917,Spotify MY Weekly Chart,https://kworb.net/spotify/country/my_weekly_totals.html
Mojo,Roman Cinta,8,0,39,20532,81867,Spotify MY Weekly Chart,https://kworb.net/spotify/country/my_weekly_totals.html
ZAYN,No Candle No Light,2,0,148,42171,81670,Spotify MY Weekly Chart,https://kworb.net/spotify/country/my_weekly_totals.html
Martin Garrix,Burn Out,2,0,122,43823,81492,Spotify MY Weekly Chart,https://kworb.net/spotify/country/my_weekly_totals.html
Rizky Febian,Seperti Kisah,1,0,167,81400,81400,Spotify MY Weekly Chart,https://kworb.net/spotify/country/my_weekly_totals.html
The Weeknd,Too Late,1,0,73,81368,81368,Spotify MY Weekly Chart,https://kworb.net/spotify/country/my_weekly_totals.html
Aska Yang,凉凉 - 電視劇《三生三世十里桃花》片尾曲,3,0,165,28666,81214,Spotify MY Weekly Chart,https://kworb.net/spotify/country/my_weekly_totals.html
LISTENBEE,Save Me,8,0,79,12904,81186,Spotify MY Weekly Chart,https://kworb.net/spotify/country/my_weekly_totals.html
Bebe Rexha,I Can't Stop Drinking About You,9,0,74,10624,81095,Spotify MY Weekly Chart,https://kworb.net/spotify/country/my_weekly_totals.html
Ariana Grande,shut up,1,0,67,80951,80951,Spotify MY Weekly Chart,https://kworb.net/spotify/country/my_weekly_totals.html
Harry Styles,Love Of My Life,1,0,107,80839,80839,Spotify MY Weekly Chart,https://kworb.net/spotify/country/my_weekly_totals.html
BLACKPINK,STAY - KR Ver.,2,0,178,41078,80732,Spotify MY Weekly Chart,https://kworb.net/spotify/country/my_weekly_totals.html
ILOVEMAKONNEN,Tuesday,7,0,55,15043,80447,Spotify MY Weekly Chart,https://kworb.net/spotify/country/my_weekly_totals.html
Demi Lovato,Stone Cold,6,0,165,15178,80295,Spotify MY Weekly Chart,https://kworb.net/spotify/country/my_weekly_totals.html
BANNERS,Start A Riot,8,0,174,10677,80189,Spotify MY Weekly Chart,https://kworb.net/spotify/country/my_weekly_totals.html
Sia,I'm Still Here,2,0,166,41028,80135,Spotify MY Weekly Chart,https://kworb.net/spotify/country/my_weekly_totals.html
Cardi B,Be Careful,2,0,124,41585,80061,Spotify MY Weekly Chart,https://kworb.net/spotify/country/my_weekly_totals.html
Charlie Puth,If You Leave Me Now,2,0,108,47275,80040,Spotify MY Weekly Chart,https://kworb.net/spotify/country/my_weekly_totals.html
Coldplay,Miracles (Someone Special),2,0,85,49924,79954,Spotify MY Weekly Chart,https://kworb.net/spotify/country/my_weekly_totals.html
Taylor Swift,I Bet You Think About Me,1,0,103,79765,79765,Spotify MY Weekly Chart,https://kworb.net/spotify/country/my_weekly_totals.html
RM,uhgood,2,0,161,42252,79720,Spotify MY Weekly Chart,https://kworb.net/spotify/country/my_weekly_totals.html
Enrique Iglesias,Bailando - Spanish Version,17,0,132,8615,79677,Spotify MY Weekly Chart,https://kworb.net/spotify/country/my_weekly_totals.html
Burl Ives,A Holly Jolly Christmas - Single Version,2,0,135,43608,79319,Spotify MY Weekly Chart,https://kworb.net/spotify/country/my_weekly_totals.html
AWOLNATION,Sail,27,0,38,4800,79168,Spotify MY Weekly Chart,https://kworb.net/spotify/country/my_weekly_totals.html
Lilly Wood and The Prick,Prayer In C (Robin Schulz Remix) [Radio Edit],7,0,63,13706,79140,Spotify MY Weekly Chart,https://kworb.net/spotify/country/my_weekly_totals.html
ONE OK ROCK,Stand Out Fit In,2,0,160,41194,79039,Spotify MY Weekly Chart,https://kworb.net/spotify/country/my_weekly_totals.html
Jeremy Zucker,somebody loves you,2,0,177,39579,78987,Spotify MY Weekly Chart,https://kworb.net/spotify/country/my_weekly_totals.html
RM,everythingoes,2,0,160,42555,78713,Spotify MY Weekly Chart,https://kworb.net/spotify/country/my_weekly_totals.html
The Chainsmokers,Don't Say,2,0,76,50422,78637,Spotify MY Weekly Chart,https://kworb.net/spotify/country/my_weekly_totals.html
CLC,No,2,0,136,42585,78604,Spotify MY Weekly Chart,https://kworb.net/spotify/country/my_weekly_totals.html
Vance Joy,Georgia,18,0,129,6077,78551,Spotify MY Weekly Chart,https://kworb.net/spotify/country/my_weekly_totals.html
BTS,Let Go,2,0,111,44670,78486,Spotify MY Weekly Chart,https://kworb.net/spotify/country/my_weekly_totals.html
The Weeknd,Starry Eyes,1,0,105,78404,78404,Spotify MY Weekly Chart,https://kworb.net/spotify/country/my_weekly_totals.html
James Arthur,You Deserve Better,2,0,163,40691,78092,Spotify MY Weekly Chart,https://kworb.net/spotify/country/my_weekly_totals.html
Yoo Jae Seok,Dancing King,4,0,133,22316,77984,Spotify MY Weekly Chart,https://kworb.net/spotify/country/my_weekly_totals.html
Post Malone,Ball For Me,2,0,110,44591,77884,Spotify MY Weekly Chart,https://kworb.net/spotify/country/my_weekly_totals.html
Taylor Swift,coney island,1,0,84,77505,77505,Spotify MY Weekly Chart,https://kworb.net/spotify/country/my_weekly_totals.html
Adele,Hold On,1,0,96,77476,77476,Spotify MY Weekly Chart,https://kworb.net/spotify/country/my_weekly_totals.html
I.O.I,"I Love You, I Remember You",4,0,151,20802,77064,Spotify MY Weekly Chart,https://kworb.net/spotify/country/my_weekly_totals.html
Jay Chou,手寫的從前,12,0,70,11390,77008,Spotify MY Weekly Chart,https://kworb.net/spotify/country/my_weekly_totals.html
Rihanna,Diamonds,25,0,15,4656,76985,Spotify MY Weekly Chart,https://kworb.net/spotify/country/my_weekly_totals.html
iKON,APOLOGY,6,0,81,18790,76922,Spotify MY Weekly Chart,https://kworb.net/spotify/country/my_weekly_totals.html
Katy Perry,Birthday,6,0,26,14586,76831,Spotify MY Weekly Chart,https://kworb.net/spotify/country/my_weekly_totals.html
French Montana,No Stylist,2,0,158,39463,76794,Spotify MY Weekly Chart,https://kworb.net/spotify/country/my_weekly_totals.html
Drake,Champagne Poetry,1,0,73,76794,76794,Spotify MY Weekly Chart,https://kworb.net/spotify/country/my_weekly_totals.html
Maher Zain,Baraka Allahu Lakuma,1,0,187,76687,76687,Spotify MY Weekly Chart,https://kworb.net/spotify/country/my_weekly_totals.html
Angus & Julia Stone,Stay With Me - Live From Spotify Berlin,13,0,147,14982,76656,Spotify MY Weekly Chart,https://kworb.net/spotify/country/my_weekly_totals.html
Devin Kennedy,Forget About You (Intimate),1,0,182,76603,76603,Spotify MY Weekly Chart,https://kworb.net/spotify/country/my_weekly_totals.html
Maher Zain,Ya Nabi Salam Alaika,1,0,190,76466,76466,Spotify MY Weekly Chart,https://kworb.net/spotify/country/my_weekly_totals.html
Us The Duo,Shake It Off,18,0,99,8734,76375,Spotify MY Weekly Chart,https://kworb.net/spotify/country/my_weekly_totals.html
Michael Bublé,White Christmas (duet with Shania Twain),6,0,48,30436,76371,Spotify MY Weekly Chart,https://kworb.net/spotify/country/my_weekly_totals.html
iKON,DON'T LET ME KNOW - KR Ver.,2,0,158,39716,76347,Spotify MY Weekly Chart,https://kworb.net/spotify/country/my_weekly_totals.html
Ariana Grande,safety net,1,0,74,76318,76318,Spotify MY Weekly Chart,https://kworb.net/spotify/country/my_weekly_totals.html
Taylor Swift,Begin Again (Taylor's Version),1,0,110,76308,76308,Spotify MY Weekly Chart,https://kworb.net/spotify/country/my_weekly_totals.html
BTS,I Need U,3,0,140,70960,76147,Spotify MY Weekly Chart,https://kworb.net/spotify/country/my_weekly_totals.html
Ariana Grande,make up,1,0,65,76114,76114,Spotify MY Weekly Chart,https://kworb.net/spotify/country/my_weekly_totals.html
Agust D,What do you think?,1,0,68,76059,76059,Spotify MY Weekly Chart,https://kworb.net/spotify/country/my_weekly_totals.html
The xx,On Hold,3,0,97,29540,76021,Spotify MY Weekly Chart,https://kworb.net/spotify/country/my_weekly_totals.html
Lil Mosey,Noticed,2,0,161,39136,75968,Spotify MY Weekly Chart,https://kworb.net/spotify/country/my_weekly_totals.html
Calvin Harris,Pray to God,13,0,118,8911,75863,Spotify MY Weekly Chart,https://kworb.net/spotify/country/my_weekly_totals.html
The Weeknd,Snowchild,1,0,78,75841,75841,Spotify MY Weekly Chart,https://kworb.net/spotify/country/my_weekly_totals.html
NCT DREAM,We Go Up,2,0,138,40714,75756,Spotify MY Weekly Chart,https://kworb.net/spotify/country/my_weekly_totals.html
Demi Lovato,Let It Go,11,0,27,9439,75628,Spotify MY Weekly Chart,https://kworb.net/spotify/country/my_weekly_totals.html
Sia,Unstoppable,3,0,139,54026,75589,Spotify MY Weekly Chart,https://kworb.net/spotify/country/my_weekly_totals.html
Pharrell Williams,Come Get It Bae,5,0,33,16143,75581,Spotify MY Weekly Chart,https://kworb.net/spotify/country/my_weekly_totals.html
Adele,All Night Parking,1,0,99,75427,75427,Spotify MY Weekly Chart,https://kworb.net/spotify/country/my_weekly_totals.html
Jay Chou,You Are The Firework I Missed,1,0,112,75345,75345,Spotify MY Weekly Chart,https://kworb.net/spotify/country/my_weekly_totals.html
Girls' Generation,PARTY,10,0,118,9980,75335,Spotify MY Weekly Chart,https://kworb.net/spotify/country/my_weekly_totals.html
SEVENTEEN,March,1,0,119,75132,75132,Spotify MY Weekly Chart,https://kworb.net/spotify/country/my_weekly_totals.html
Ariana Grande,My Everything,11,0,26,17997,74826,Spotify MY Weekly Chart,https://kworb.net/spotify/country/my_weekly_totals.html
will.i.am,#thatPOWER,17,4,8,6629,74823,Spotify MY Weekly Chart,https://kworb.net/spotify/country/my_weekly_totals.html
Taylor Swift,ivy,1,0,89,74793,74793,Spotify MY Weekly Chart,https://kworb.net/spotify/country/my_weekly_totals.html
Harry Styles,Satellite,1,0,129,74763,74763,Spotify MY Weekly Chart,https://kworb.net/spotify/country/my_weekly_totals.html
The Weeknd,Escape From LA,1,0,80,74690,74690,Spotify MY Weekly Chart,https://kworb.net/spotify/country/my_weekly_totals.html
Lady Gaga,Look What I Found,2,0,175,39026,74680,Spotify MY Weekly Chart,https://kworb.net/spotify/country/my_weekly_totals.html
MiC LOWRY,Oh Lord,4,0,167,20121,74387,Spotify MY Weekly Chart,https://kworb.net/spotify/country/my_weekly_totals.html
The Barden Bellas,World Championship Finale 2,7,0,55,13953,74304,Spotify MY Weekly Chart,https://kworb.net/spotify/country/my_weekly_totals.html
Adele,Love Is A Game,1,0,103,74286,74286,Spotify MY Weekly Chart,https://kworb.net/spotify/country/my_weekly_totals.html
Starley,Call On Me - Ryan Riback Remix,2,0,54,46006,74278,Spotify MY Weekly Chart,https://kworb.net/spotify/country/my_weekly_totals.html
BTS,No More Dream,1,0,137,74154,74154,Spotify MY Weekly Chart,https://kworb.net/spotify/country/my_weekly_totals.html
Taylor Swift,long story short,1,0,90,74148,74148,Spotify MY Weekly Chart,https://kworb.net/spotify/country/my_weekly_totals.html
Kanye West,Jail,1,0,73,73959,73959,Spotify MY Weekly Chart,https://kworb.net/spotify/country/my_weekly_totals.html
2NE1,Goodbye,3,0,135,28264,73948,Spotify MY Weekly Chart,https://kworb.net/spotify/country/my_weekly_totals.html
MAMAMOO,ILLELLA,1,0,158,73868,73868,Spotify MY Weekly Chart,https://kworb.net/spotify/country/my_weekly_totals.html
ATEEZ,Guerrilla,1,0,112,73614,73614,Spotify MY Weekly Chart,https://kworb.net/spotify/country/my_weekly_totals.html
Taylor Swift,Stay Stay Stay (Taylor's Version),1,0,120,73581,73581,Spotify MY Weekly Chart,https://kworb.net/spotify/country/my_weekly_totals.html
NCT,BOSS,2,0,132,38294,73504,Spotify MY Weekly Chart,https://kworb.net/spotify/country/my_weekly_totals.html
The Neighbourhood,#icanteven,8,0,72,11027,73181,Spotify MY Weekly Chart,https://kworb.net/spotify/country/my_weekly_totals.html
Pitbull,We Are One (Ole Ola) [The Official 2014 FIFA World Cup Song],5,0,18,16777,73164,Spotify MY Weekly Chart,https://kworb.net/spotify/country/my_weekly_totals.html
Leona Lewis,Bleeding Love,3,0,188,36679,73047,Spotify MY Weekly Chart,https://kworb.net/spotify/country/my_weekly_totals.html
Post Malone,Over Now,2,0,116,43636,73026,Spotify MY Weekly Chart,https://kworb.net/spotify/country/my_weekly_totals.html
Girls' Generation,Holiday,2,0,100,41885,72942,Spotify MY Weekly Chart,https://kworb.net/spotify/country/my_weekly_totals.html
The Weeknd,Faith,1,0,84,72927,72927,Spotify MY Weekly Chart,https://kworb.net/spotify/country/my_weekly_totals.html
Drake,8 Out Of 10,1,0,55,72790,72790,Spotify MY Weekly Chart,https://kworb.net/spotify/country/my_weekly_totals.html
Kygo,Fragile,4,0,80,24838,72741,Spotify MY Weekly Chart,https://kworb.net/spotify/country/my_weekly_totals.html
Justin Bieber,Get Used To It,4,0,66,27922,72709,Spotify MY Weekly Chart,https://kworb.net/spotify/country/my_weekly_totals.html
Ed Sheeran,Perfect Symphony (Ed Sheeran & Andrea Bocelli),2,0,103,44144,72683,Spotify MY Weekly Chart,https://kworb.net/spotify/country/my_weekly_totals.html
Jason Derulo,If I'm Lucky,2,0,100,38842,72646,Spotify MY Weekly Chart,https://kworb.net/spotify/country/my_weekly_totals.html
Troye Sivan,FOOLS,7,0,111,12273,72582,Spotify MY Weekly Chart,https://kworb.net/spotify/country/my_weekly_totals.html
Jay Chou,Reflection,1,0,126,72483,72483,Spotify MY Weekly Chart,https://kworb.net/spotify/country/my_weekly_totals.html
Zizan Razak,Kau Takkan Tahu,2,0,156,37928,72368,Spotify MY Weekly Chart,https://kworb.net/spotify/country/my_weekly_totals.html
SEVENTEEN,Oh My!,2,0,143,40719,72174,Spotify MY Weekly Chart,https://kworb.net/spotify/country/my_weekly_totals.html
Agust D,Strange,1,0,77,72075,72075,Spotify MY Weekly Chart,https://kworb.net/spotify/country/my_weekly_totals.html
John Legend,A Good Night,2,0,144,38112,72030,Spotify MY Weekly Chart,https://kworb.net/spotify/country/my_weekly_totals.html
Adele,Woman Like Me,1,0,111,71950,71950,Spotify MY Weekly Chart,https://kworb.net/spotify/country/my_weekly_totals.html
Harry Styles,Cinema,1,0,134,71910,71910,Spotify MY Weekly Chart,https://kworb.net/spotify/country/my_weekly_totals.html
WINNER,SENTIMENTAL,5,0,76,18520,71494,Spotify MY Weekly Chart,https://kworb.net/spotify/country/my_weekly_totals.html
Joji,MODUS,1,0,82,71478,71478,Spotify MY Weekly Chart,https://kworb.net/spotify/country/my_weekly_totals.html
TAEYEON,I (Feat. Verbal Jint),2,0,23,50195,71366,Spotify MY Weekly Chart,https://kworb.net/spotify/country/my_weekly_totals.html
Shaggy,I Need Your Love,7,0,66,16442,71336,Spotify MY Weekly Chart,https://kworb.net/spotify/country/my_weekly_totals.html
Charlie Puth,Loser,1,0,169,71276,71276,Spotify MY Weekly Chart,https://kworb.net/spotify/country/my_weekly_totals.html
Grey,I Miss You,3,0,180,24215,71055,Spotify MY Weekly Chart,https://kworb.net/spotify/country/my_weekly_totals.html
Otto Knows,Next to Me,6,0,52,18699,71003,Spotify MY Weekly Chart,https://kworb.net/spotify/country/my_weekly_totals.html
Anirudh Ravichander,Vikram - Title Track,1,0,149,70947,70947,Spotify MY Weekly Chart,https://kworb.net/spotify/country/my_weekly_totals.html
MAMAMOO,Starry Night,2,0,122,37390,70933,Spotify MY Weekly Chart,https://kworb.net/spotify/country/my_weekly_totals.html
Taylor Swift,cowboy like me,1,0,99,70822,70822,Spotify MY Weekly Chart,https://kworb.net/spotify/country/my_weekly_totals.html
SEVENTEEN,CHEERS,1,0,135,70693,70693,Spotify MY Weekly Chart,https://kworb.net/spotify/country/my_weekly_totals.html
Taylor Swift,Fearless (Taylor’s Version),1,0,71,70667,70667,Spotify MY Weekly Chart,https://kworb.net/spotify/country/my_weekly_totals.html
SEVENTEEN,Shadow,1,0,135,70591,70591,Spotify MY Weekly Chart,https://kworb.net/spotify/country/my_weekly_totals.html
Route 94,My Love,7,0,34,12597,70586,Spotify MY Weekly Chart,https://kworb.net/spotify/country/my_weekly_totals.html
Nicki Minaj,Only,11,0,46,16376,70467,Spotify MY Weekly Chart,https://kworb.net/spotify/country/my_weekly_totals.html
Jay Chou,Pink Ocean,1,0,135,70434,70434,Spotify MY Weekly Chart,https://kworb.net/spotify/country/my_weekly_totals.html
Agust D,28,1,0,80,70265,70265,Spotify MY Weekly Chart,https://kworb.net/spotify/country/my_weekly_totals.html
Jin,Super Tuna,1,0,198,70209,70209,Spotify MY Weekly Chart,https://kworb.net/spotify/country/my_weekly_totals.html
TAEYEON,Happy,1,0,72,69913,69913,Spotify MY Weekly Chart,https://kworb.net/spotify/country/my_weekly_totals.html
Taylor Swift,It’s Nice To Have A Friend,1,0,89,69880,69880,Spotify MY Weekly Chart,https://kworb.net/spotify/country/my_weekly_totals.html
BTS,Crystal Snow,2,0,138,37494,69855,Spotify MY Weekly Chart,https://kworb.net/spotify/country/my_weekly_totals.html
Cobra Starship,Never Been In Love,5,0,40,18580,69854,Spotify MY Weekly Chart,https://kworb.net/spotify/country/my_weekly_totals.html
Chelsea Cutler,The Reason,2,0,169,35351,69713,Spotify MY Weekly Chart,https://kworb.net/spotify/country/my_weekly_totals.html
Taylor Swift,Come Back...Be Here (Taylor's Version),1,0,125,69557,69557,Spotify MY Weekly Chart,https://kworb.net/spotify/country/my_weekly_totals.html
Famous Dex,JAPAN,2,0,173,35384,69449,Spotify MY Weekly Chart,https://kworb.net/spotify/country/my_weekly_totals.html
NCT,Baby Don’t Stop,2,0,150,35686,69442,Spotify MY Weekly Chart,https://kworb.net/spotify/country/my_weekly_totals.html
10CM,My eyes,3,0,157,25872,69398,Spotify MY Weekly Chart,https://kworb.net/spotify/country/my_weekly_totals.html
Dewa 19,Dewi,1,0,146,69273,69273,Spotify MY Weekly Chart,https://kworb.net/spotify/country/my_weekly_totals.html
Jeremy Zucker,not ur friend,1,0,119,68923,68923,Spotify MY Weekly Chart,https://kworb.net/spotify/country/my_weekly_totals.html
Agust D,Moonlight,1,0,83,68920,68920,Spotify MY Weekly Chart,https://kworb.net/spotify/country/my_weekly_totals.html
Jax Jones,Breathe,2,0,136,37099,68814,Spotify MY Weekly Chart,https://kworb.net/spotify/country/my_weekly_totals.html
Marshmello,Ritual,3,0,128,24655,68753,Spotify MY Weekly Chart,https://kworb.net/spotify/country/my_weekly_totals.html
Ariana Grande,six thirty,1,0,91,68695,68695,Spotify MY Weekly Chart,https://kworb.net/spotify/country/my_weekly_totals.html
The Chainsmokers,Kanye,5,0,44,14852,68665,Spotify MY Weekly Chart,https://kworb.net/spotify/country/my_weekly_totals.html
Avicii,I Could Be The One (Avicii Vs. Nicky Romero) - Nicktim / Radio Edit,27,0,25,3084,68625,Spotify MY Weekly Chart,https://kworb.net/spotify/country/my_weekly_totals.html
Ella Mai,Boo'd Up,2,0,171,35017,68519,Spotify MY Weekly Chart,https://kworb.net/spotify/country/my_weekly_totals.html
XXXTENTACION,NUMB,2,0,133,39058,68414,Spotify MY Weekly Chart,https://kworb.net/spotify/country/my_weekly_totals.html
SISTAR,LONELY,2,0,92,42942,68365,Spotify MY Weekly Chart,https://kworb.net/spotify/country/my_weekly_totals.html
M.C the Max,"그대, 바람이 되어",4,0,113,19625,68263,Spotify MY Weekly Chart,https://kworb.net/spotify/country/my_weekly_totals.html
Justin Bieber,Come Around Me,1,0,106,68215,68215,Spotify MY Weekly Chart,https://kworb.net/spotify/country/my_weekly_totals.html
Hilary Duff,All About You,6,0,43,14570,68140,Spotify MY Weekly Chart,https://kworb.net/spotify/country/my_weekly_totals.html
Stray Kids,"Muddy Water (Changbin, Hyunjin, HAN, Felix)",1,0,138,68004,68004,Spotify MY Weekly Chart,https://kworb.net/spotify/country/my_weekly_totals.html
NCT 127,The Rainy Night,1,0,96,67997,67997,Spotify MY Weekly Chart,https://kworb.net/spotify/country/my_weekly_totals.html
Mariah Carey,#Beautiful,17,3,9,5754,67934,Spotify MY Weekly Chart,https://kworb.net/spotify/country/my_weekly_totals.html
BTS,Boy In Luv,1,0,165,67790,67790,Spotify MY Weekly Chart,https://kworb.net/spotify/country/my_weekly_totals.html
Justin Bieber,Habitual,1,0,107,67712,67712,Spotify MY Weekly Chart,https://kworb.net/spotify/country/my_weekly_totals.html
Gavin James,Always,2,0,168,35487,67580,Spotify MY Weekly Chart,https://kworb.net/spotify/country/my_weekly_totals.html
Hez Hazmi,Kau Bukan Untuk Ku,2,0,174,34676,67538,Spotify MY Weekly Chart,https://kworb.net/spotify/country/my_weekly_totals.html
TWICE,Queen of Hearts,1,0,155,67413,67413,Spotify MY Weekly Chart,https://kworb.net/spotify/country/my_weekly_totals.html
Taylor Swift,marjorie,1,0,111,67354,67354,Spotify MY Weekly Chart,https://kworb.net/spotify/country/my_weekly_totals.html
Shamix Diva,Ajarkan Aku,1,0,144,67233,67233,Spotify MY Weekly Chart,https://kworb.net/spotify/country/my_weekly_totals.html
BIGBANG,LET’S NOT FALL IN LOVE,3,0,128,27341,67232,Spotify MY Weekly Chart,https://kworb.net/spotify/country/my_weekly_totals.html
Kim Kyung Hee,Stuck In Love,3,0,169,24860,67055,Spotify MY Weekly Chart,https://kworb.net/spotify/country/my_weekly_totals.html
Justin Bieber,We Are,4,0,71,25751,67018,Spotify MY Weekly Chart,https://kworb.net/spotify/country/my_weekly_totals.html
Kendrick Lamar,ELEMENT.,2,0,108,37348,66999,Spotify MY Weekly Chart,https://kworb.net/spotify/country/my_weekly_totals.html
Mayday,如果我們不曾相遇,4,0,162,19004,66811,Spotify MY Weekly Chart,https://kworb.net/spotify/country/my_weekly_totals.html
MØ,Sun In Our Eyes,2,0,175,35098,66809,Spotify MY Weekly Chart,https://kworb.net/spotify/country/my_weekly_totals.html
Sigrid,Everybody Knows,2,0,150,36340,66797,Spotify MY Weekly Chart,https://kworb.net/spotify/country/my_weekly_totals.html
Various Artists,Today's Top Hits Intro,9,0,79,11011,66768,Spotify MY Weekly Chart,https://kworb.net/spotify/country/my_weekly_totals.html
Nicky Jam,Live It Up - Official Song 2018 FIFA World Cup Russia,2,0,174,34508,66695,Spotify MY Weekly Chart,https://kworb.net/spotify/country/my_weekly_totals.html
Agust D,Burn It,1,0,88,66669,66669,Spotify MY Weekly Chart,https://kworb.net/spotify/country/my_weekly_totals.html
Justin Bieber,Unstable,1,0,97,66650,66650,Spotify MY Weekly Chart,https://kworb.net/spotify/country/my_weekly_totals.html
Fall Out Boy,Fourth Of July,4,0,35,21712,66552,Spotify MY Weekly Chart,https://kworb.net/spotify/country/my_weekly_totals.html
Ariana Grande,nasty,1,0,96,66476,66476,Spotify MY Weekly Chart,https://kworb.net/spotify/country/my_weekly_totals.html
IU,Flu,1,0,96,66453,66453,Spotify MY Weekly Chart,https://kworb.net/spotify/country/my_weekly_totals.html
Vince Staples,Opps,2,0,115,37008,66352,Spotify MY Weekly Chart,https://kworb.net/spotify/country/my_weekly_totals.html
Zella Day,Hypnotic,8,0,61,12537,66213,Spotify MY Weekly Chart,https://kworb.net/spotify/country/my_weekly_totals.html
Drake,Papi’s Home,1,0,92,66150,66150,Spotify MY Weekly Chart,https://kworb.net/spotify/country/my_weekly_totals.html
Han Suji,Winter Is Coming,3,0,167,23969,65973,Spotify MY Weekly Chart,https://kworb.net/spotify/country/my_weekly_totals.html
SEVENTEEN,IF you leave me,1,0,151,65970,65970,Spotify MY Weekly Chart,https://kworb.net/spotify/country/my_weekly_totals.html
Harry Styles,Keep Driving,1,0,156,65857,65857,Spotify MY Weekly Chart,https://kworb.net/spotify/country/my_weekly_totals.html
Mumford & Sons,Snake Eyes,5,0,46,17396,65812,Spotify MY Weekly Chart,https://kworb.net/spotify/country/my_weekly_totals.html
Anirudh Ravichander,"Pathala Pathala (From ""Vikram"")",1,0,182,65775,65775,Spotify MY Weekly Chart,https://kworb.net/spotify/country/my_weekly_totals.html
Taylor Swift,Babe (Taylor's Version) (From The Vault),1,0,138,65748,65748,Spotify MY Weekly Chart,https://kworb.net/spotify/country/my_weekly_totals.html
Tritonal,Untouchable,5,0,63,18297,65702,Spotify MY Weekly Chart,https://kworb.net/spotify/country/my_weekly_totals.html
Imagine Dragons,Warriors,8,0,61,11910,65558,Spotify MY Weekly Chart,https://kworb.net/spotify/country/my_weekly_totals.html
Echosmith,Over My Head,2,0,171,33071,65510,Spotify MY Weekly Chart,https://kworb.net/spotify/country/my_weekly_totals.html
Bad Bunny,La Difícil,1,0,131,65491,65491,Spotify MY Weekly Chart,https://kworb.net/spotify/country/my_weekly_totals.html
Joji,Tick Tock,1,0,103,65444,65444,Spotify MY Weekly Chart,https://kworb.net/spotify/country/my_weekly_totals.html
Harry Styles,Daydreaming,1,0,157,65385,65385,Spotify MY Weekly Chart,https://kworb.net/spotify/country/my_weekly_totals.html
Harry Styles,Boyfriends,1,0,158,65380,65380,Spotify MY Weekly Chart,https://kworb.net/spotify/country/my_weekly_totals.html
R3HAB,Hold On Tight,2,0,147,35082,65282,Spotify MY Weekly Chart,https://kworb.net/spotify/country/my_weekly_totals.html
Linkin Park,Somewhere I Belong,1,0,69,65246,65246,Spotify MY Weekly Chart,https://kworb.net/spotify/country/my_weekly_totals.html
Ariana Grande,my hair,1,0,100,65126,65126,Spotify MY Weekly Chart,https://kworb.net/spotify/country/my_weekly_totals.html
j-hope,= (Equal Sign),1,0,157,65092,65092,Spotify MY Weekly Chart,https://kworb.net/spotify/country/my_weekly_totals.html
Lorde,Perfect Places,2,0,105,37915,65025,Spotify MY Weekly Chart,https://kworb.net/spotify/country/my_weekly_totals.html
SEVENTEEN,Domino,1,0,154,64974,64974,Spotify MY Weekly Chart,https://kworb.net/spotify/country/my_weekly_totals.html
Justin Bieber,Trust,4,0,74,25344,64780,Spotify MY Weekly Chart,https://kworb.net/spotify/country/my_weekly_totals.html
Diplo,Get It Right,2,0,168,32849,64744,Spotify MY Weekly Chart,https://kworb.net/spotify/country/my_weekly_totals.html
Girls' Generation,All Night,2,0,120,36386,64741,Spotify MY Weekly Chart,https://kworb.net/spotify/country/my_weekly_totals.html
A$AP Rocky,Praise The Lord (Da Shine),2,0,184,32975,64650,Spotify MY Weekly Chart,https://kworb.net/spotify/country/my_weekly_totals.html
Fifth Harmony,Write On Me,4,0,146,17529,64632,Spotify MY Weekly Chart,https://kworb.net/spotify/country/my_weekly_totals.html
Ariana Grande,obvious,1,0,102,64542,64542,Spotify MY Weekly Chart,https://kworb.net/spotify/country/my_weekly_totals.html
Drake,In The Bible,1,0,94,64526,64526,Spotify MY Weekly Chart,https://kworb.net/spotify/country/my_weekly_totals.html
Why Don't We,Trust Fund Baby,2,0,164,33559,64494,Spotify MY Weekly Chart,https://kworb.net/spotify/country/my_weekly_totals.html
TAEYEON,Starlight,3,0,105,26557,64424,Spotify MY Weekly Chart,https://kworb.net/spotify/country/my_weekly_totals.html
BTS,A Supplementary Story : You Never Walk Alone,2,0,91,37214,64421,Spotify MY Weekly Chart,https://kworb.net/spotify/country/my_weekly_totals.html
SEVENTEEN,Anyone,1,0,92,64328,64328,Spotify MY Weekly Chart,https://kworb.net/spotify/country/my_weekly_totals.html
NanaSheme,Hantu Atau Buaya,9,0,110,9251,64288,Spotify MY Weekly Chart,https://kworb.net/spotify/country/my_weekly_totals.html
GOT7,NANANA,1,0,156,64182,64182,Spotify MY Weekly Chart,https://kworb.net/spotify/country/my_weekly_totals.html
The Weeknd,Secrets,2,0,83,36325,64011,Spotify MY Weekly Chart,https://kworb.net/spotify/country/my_weekly_totals.html
Jay Chou,"If You Don't Love Me, It's Fine",1,0,165,63946,63946,Spotify MY Weekly Chart,https://kworb.net/spotify/country/my_weekly_totals.html
Linkin Park,One Step Closer,1,0,72,63884,63884,Spotify MY Weekly Chart,https://kworb.net/spotify/country/my_weekly_totals.html
Charlie Puth,Charlie Be Quiet!,1,0,186,63829,63829,Spotify MY Weekly Chart,https://kworb.net/spotify/country/my_weekly_totals.html
Aziz Harun,Senyum,13,0,109,8723,63752,Spotify MY Weekly Chart,https://kworb.net/spotify/country/my_weekly_totals.html
5 Seconds of Summer,Valentine,2,0,169,34188,63684,Spotify MY Weekly Chart,https://kworb.net/spotify/country/my_weekly_totals.html
Drake,Love All,1,0,97,63677,63677,Spotify MY Weekly Chart,https://kworb.net/spotify/country/my_weekly_totals.html
Avril Lavigne,Here's to Never Growing Up,18,0,14,5036,63657,Spotify MY Weekly Chart,https://kworb.net/spotify/country/my_weekly_totals.html
Agust D,Dear my friend,1,0,93,63537,63537,Spotify MY Weekly Chart,https://kworb.net/spotify/country/my_weekly_totals.html
Taylor Swift,The Very First Night (Taylor's Version) (From The Vault),1,0,144,63468,63468,Spotify MY Weekly Chart,https://kworb.net/spotify/country/my_weekly_totals.html
Halsey,Strangers,2,0,140,32721,63319,Spotify MY Weekly Chart,https://kworb.net/spotify/country/my_weekly_totals.html
Taylor Swift,Holy Ground (Taylor's Version),1,0,148,63239,63239,Spotify MY Weekly Chart,https://kworb.net/spotify/country/my_weekly_totals.html
Epik High,수상소감 (Acceptance Speech),1,0,89,63134,63134,Spotify MY Weekly Chart,https://kworb.net/spotify/country/my_weekly_totals.html
ATEEZ,Turbulence,1,0,141,63097,63097,Spotify MY Weekly Chart,https://kworb.net/spotify/country/my_weekly_totals.html
Joji,Pretty Boy,1,0,110,63043,63043,Spotify MY Weekly Chart,https://kworb.net/spotify/country/my_weekly_totals.html
Sam Smith,Leave Your Lover,12,0,100,8786,62912,Spotify MY Weekly Chart,https://kworb.net/spotify/country/my_weekly_totals.html
Maroon 5,One More Night,22,0,32,4820,62887,Spotify MY Weekly Chart,https://kworb.net/spotify/country/my_weekly_totals.html
BTS,21st Century Girl,3,0,112,26125,62874,Spotify MY Weekly Chart,https://kworb.net/spotify/country/my_weekly_totals.html
Zara Larsson,Carry You Home,6,0,58,14039,62817,Spotify MY Weekly Chart,https://kworb.net/spotify/country/my_weekly_totals.html
Shaggy,Only Love,5,0,94,15050,62803,Spotify MY Weekly Chart,https://kworb.net/spotify/country/my_weekly_totals.html
Ai Higuchi,悪魔の子,1,0,144,62789,62789,Spotify MY Weekly Chart,https://kworb.net/spotify/country/my_weekly_totals.html
Mason Ramsey,Famous,2,0,177,33406,62607,Spotify MY Weekly Chart,https://kworb.net/spotify/country/my_weekly_totals.html
Anna Kendrick,Cups (Pitch Perfect’s “When I’m Gone”) - Pop Version,21,0,17,4388,62556,Spotify MY Weekly Chart,https://kworb.net/spotify/country/my_weekly_totals.html
SEVENTEEN,'bout you,1,0,172,62478,62478,Spotify MY Weekly Chart,https://kworb.net/spotify/country/my_weekly_totals.html
Cash Cash,Jewel,2,0,157,33068,62460,Spotify MY Weekly Chart,https://kworb.net/spotify/country/my_weekly_totals.html
SEVENTEEN,Heaven's Cloud,1,0,99,62384,62384,Spotify MY Weekly Chart,https://kworb.net/spotify/country/my_weekly_totals.html
Taylor Swift,Starlight (Taylor's Version),1,0,150,62368,62368,Spotify MY Weekly Chart,https://kworb.net/spotify/country/my_weekly_totals.html
Panic! At The Disco,House of Memories,1,0,197,62335,62335,Spotify MY Weekly Chart,https://kworb.net/spotify/country/my_weekly_totals.html
My Chemical Romance,The Foundations of Decay,1,0,154,62260,62260,Spotify MY Weekly Chart,https://kworb.net/spotify/country/my_weekly_totals.html
Nick Jonas,Chains,11,0,101,10119,62179,Spotify MY Weekly Chart,https://kworb.net/spotify/country/my_weekly_totals.html
Lana Del Rey,High By The Beach,5,0,66,18240,62121,Spotify MY Weekly Chart,https://kworb.net/spotify/country/my_weekly_totals.html
Taylor Swift,Sad Beautiful Tragic (Taylor's Version),1,0,152,62054,62054,Spotify MY Weekly Chart,https://kworb.net/spotify/country/my_weekly_totals.html
Taylor Swift,The Moment I Knew (Taylor's Version),1,0,153,61996,61996,Spotify MY Weekly Chart,https://kworb.net/spotify/country/my_weekly_totals.html
Miley Cyrus,Adore You,11,0,31,6596,61933,Spotify MY Weekly Chart,https://kworb.net/spotify/country/my_weekly_totals.html
Justin Bieber,Changes,1,0,120,61892,61892,Spotify MY Weekly Chart,https://kworb.net/spotify/country/my_weekly_totals.html
Justin Bieber,Deserve You,1,0,106,61799,61799,Spotify MY Weekly Chart,https://kworb.net/spotify/country/my_weekly_totals.html
Jay Chou,Waiting For You,1,0,180,61625,61625,Spotify MY Weekly Chart,https://kworb.net/spotify/country/my_weekly_totals.html
Doja Cat,I Don't Do Drugs,1,0,99,61530,61530,Spotify MY Weekly Chart,https://kworb.net/spotify/country/my_weekly_totals.html
Billie Eilish,Getting Older,1,0,95,61320,61320,Spotify MY Weekly Chart,https://kworb.net/spotify/country/my_weekly_totals.html
JJ Lin,"只要有你的地方 (電影""消失的愛人""主題曲)",6,0,146,11110,61313,Spotify MY Weekly Chart,https://kworb.net/spotify/country/my_weekly_totals.html
Vigiland,Shots & Squats,6,0,55,17826,61277,Spotify MY Weekly Chart,https://kworb.net/spotify/country/my_weekly_totals.html
R3HAB,The Wave,2,0,164,31135,61194,Spotify MY Weekly Chart,https://kworb.net/spotify/country/my_weekly_totals.html
Drake,Survival,1,0,72,60990,60990,Spotify MY Weekly Chart,https://kworb.net/spotify/country/my_weekly_totals.html
Iggy Azalea,Heavy Crown,8,0,88,11783,60954,Spotify MY Weekly Chart,https://kworb.net/spotify/country/my_weekly_totals.html
The Weeknd,A Tale By Quincy,1,0,146,60884,60884,Spotify MY Weekly Chart,https://kworb.net/spotify/country/my_weekly_totals.html
Nessa Barrett,die first,1,0,187,60772,60772,Spotify MY Weekly Chart,https://kworb.net/spotify/country/my_weekly_totals.html
Amit Mishra,Manma Emotion Jaage,4,0,74,19837,60762,Spotify MY Weekly Chart,https://kworb.net/spotify/country/my_weekly_totals.html
JAŸ-Z,Numb / Encore,1,0,81,60759,60759,Spotify MY Weekly Chart,https://kworb.net/spotify/country/my_weekly_totals.html
TOMORROW X TOGETHER,Valley of Lies,1,0,188,60756,60756,Spotify MY Weekly Chart,https://kworb.net/spotify/country/my_weekly_totals.html
Daddy Yankee,Dura,2,0,183,31056,60702,Spotify MY Weekly Chart,https://kworb.net/spotify/country/my_weekly_totals.html
The Weeknd,Don’t Break My Heart,1,0,151,60601,60601,Spotify MY Weekly Chart,https://kworb.net/spotify/country/my_weekly_totals.html
Taylor Swift,Forever Winter (Taylor's Version) (From The Vault),1,0,160,60571,60571,Spotify MY Weekly Chart,https://kworb.net/spotify/country/my_weekly_totals.html
Eric Chou,"想回到那一天 - Theme song of TV Drama ""Magical Space-Time""",4,0,157,15734,60526,Spotify MY Weekly Chart,https://kworb.net/spotify/country/my_weekly_totals.html
Marshmello,Numb,1,0,196,60442,60442,Spotify MY Weekly Chart,https://kworb.net/spotify/country/my_weekly_totals.html
The Weeknd,Six Feet Under,2,0,93,32194,60376,Spotify MY Weekly Chart,https://kworb.net/spotify/country/my_weekly_totals.html
WINNER,FOOL,2,0,126,33695,60329,Spotify MY Weekly Chart,https://kworb.net/spotify/country/my_weekly_totals.html
Pitbull,Drive You Crazy,5,0,51,15564,60314,Spotify MY Weekly Chart,https://kworb.net/spotify/country/my_weekly_totals.html
Kendrick Lamar,United In Grief,1,0,168,60244,60244,Spotify MY Weekly Chart,https://kworb.net/spotify/country/my_weekly_totals.html
Taylor Swift,The Lucky One (Taylor's Version),1,0,163,60217,60217,Spotify MY Weekly Chart,https://kworb.net/spotify/country/my_weekly_totals.html
One Direction,I Want to Write You a Song,3,0,57,31549,60198,Spotify MY Weekly Chart,https://kworb.net/spotify/country/my_weekly_totals.html
Taylor Swift,Fifteen (Taylor’s Version),1,0,97,60190,60190,Spotify MY Weekly Chart,https://kworb.net/spotify/country/my_weekly_totals.html
SUPER JUNIOR,Lo Siento,1,0,76,60175,60175,Spotify MY Weekly Chart,https://kworb.net/spotify/country/my_weekly_totals.html
Drake,TSU,1,0,109,60030,60030,Spotify MY Weekly Chart,https://kworb.net/spotify/country/my_weekly_totals.html
EXO,CALL ME BABY,8,0,89,10997,59916,Spotify MY Weekly Chart,https://kworb.net/spotify/country/my_weekly_totals.html
HRVY,Personal,2,0,197,30458,59721,Spotify MY Weekly Chart,https://kworb.net/spotify/country/my_weekly_totals.html
Taylor Swift,closure,1,0,142,59689,59689,Spotify MY Weekly Chart,https://kworb.net/spotify/country/my_weekly_totals.html
Matt Terry,Sucker for You,2,0,196,30682,59608,Spotify MY Weekly Chart,https://kworb.net/spotify/country/my_weekly_totals.html
Justin Bieber,All Around Me,1,0,127,59604,59604,Spotify MY Weekly Chart,https://kworb.net/spotify/country/my_weekly_totals.html
Tyga,Freaky Deaky,1,0,153,59563,59563,Spotify MY Weekly Chart,https://kworb.net/spotify/country/my_weekly_totals.html
AKMU,Be With You,3,0,140,22234,59459,Spotify MY Weekly Chart,https://kworb.net/spotify/country/my_weekly_totals.html
Tinie Tempah,Not Letting Go,6,0,71,11909,59400,Spotify MY Weekly Chart,https://kworb.net/spotify/country/my_weekly_totals.html
EXO,No matter,1,0,102,59332,59332,Spotify MY Weekly Chart,https://kworb.net/spotify/country/my_weekly_totals.html
machineheart,Circles,5,0,99,13146,59320,Spotify MY Weekly Chart,https://kworb.net/spotify/country/my_weekly_totals.html
Michael Bublé,Jingle Bells,5,0,43,28520,59068,Spotify MY Weekly Chart,https://kworb.net/spotify/country/my_weekly_totals.html
Justin Bieber,Backpack,4,0,47,18114,59066,Spotify MY Weekly Chart,https://kworb.net/spotify/country/my_weekly_totals.html
gnash,superlit,2,0,193,30260,59047,Spotify MY Weekly Chart,https://kworb.net/spotify/country/my_weekly_totals.html
LE SSERAFIM,Blue Flame,1,0,159,59016,59016,Spotify MY Weekly Chart,https://kworb.net/spotify/country/my_weekly_totals.html
Jason French,You Just Want My Money,6,0,67,11760,58929,Spotify MY Weekly Chart,https://kworb.net/spotify/country/my_weekly_totals.html
KARD,RUMOR,2,0,134,31200,58868,Spotify MY Weekly Chart,https://kworb.net/spotify/country/my_weekly_totals.html
Kevin Gates,Know Better,3,0,126,21141,58764,Spotify MY Weekly Chart,https://kworb.net/spotify/country/my_weekly_totals.html
The Weeknd,Often,6,0,68,11614,58738,Spotify MY Weekly Chart,https://kworb.net/spotify/country/my_weekly_totals.html
Khalid,Don't Pretend,1,0,109,58681,58681,Spotify MY Weekly Chart,https://kworb.net/spotify/country/my_weekly_totals.html
Kanye West,True Love,1,0,186,58611,58611,Spotify MY Weekly Chart,https://kworb.net/spotify/country/my_weekly_totals.html
The Weeknd,Every Angel is Terrifying,1,0,162,58510,58510,Spotify MY Weekly Chart,https://kworb.net/spotify/country/my_weekly_totals.html
Louis The Child,Last To Leave,2,0,191,29496,58437,Spotify MY Weekly Chart,https://kworb.net/spotify/country/my_weekly_totals.html
Olly Murs,Kiss Me,5,0,119,12769,58376,Spotify MY Weekly Chart,https://kworb.net/spotify/country/my_weekly_totals.html
Linkin Park,Papercut,1,0,85,58291,58291,Spotify MY Weekly Chart,https://kworb.net/spotify/country/my_weekly_totals.html
Justin Bieber,Second Emotion,1,0,135,58286,58286,Spotify MY Weekly Chart,https://kworb.net/spotify/country/my_weekly_totals.html
5 Seconds of Summer,What I Like About You - Studio Mix,5,0,50,14393,58126,Spotify MY Weekly Chart,https://kworb.net/spotify/country/my_weekly_totals.html
VALORANT,Die For You,1,0,149,58100,58100,Spotify MY Weekly Chart,https://kworb.net/spotify/country/my_weekly_totals.html
Justin Bieber,2 Much,1,0,118,58055,58055,Spotify MY Weekly Chart,https://kworb.net/spotify/country/my_weekly_totals.html
The Weeknd,Repeat After Me (Interlude),1,0,117,57949,57949,Spotify MY Weekly Chart,https://kworb.net/spotify/country/my_weekly_totals.html
Maroon 5,Daylight,16,0,13,5147,57867,Spotify MY Weekly Chart,https://kworb.net/spotify/country/my_weekly_totals.html
Eason Chan,孤勇者 - 《英雄聯盟:雙城之戰》動畫劇集中文主題曲,1,0,191,57779,57779,Spotify MY Weekly Chart,https://kworb.net/spotify/country/my_weekly_totals.html
DJ Snake,Selfish Love,1,0,112,57776,57776,Spotify MY Weekly Chart,https://kworb.net/spotify/country/my_weekly_totals.html
Taylor Swift,The Way I Loved You (Taylor’s Version),1,0,105,57774,57774,Spotify MY Weekly Chart,https://kworb.net/spotify/country/my_weekly_totals.html
David Guetta,Shot me Down,6,0,24,11165,57759,Spotify MY Weekly Chart,https://kworb.net/spotify/country/my_weekly_totals.html
Skylar Grey,Wreak Havoc,3,0,131,20820,57549,Spotify MY Weekly Chart,https://kworb.net/spotify/country/my_weekly_totals.html
BTS,Outro : Wings,2,0,113,33284,57463,Spotify MY Weekly Chart,https://kworb.net/spotify/country/my_weekly_totals.html
Lady Gaga,Do What U Want,12,0,29,5678,57443,Spotify MY Weekly Chart,https://kworb.net/spotify/country/my_weekly_totals.html
Sam Smith,"Baby, You Make Me Crazy",1,0,76,57278,57278,Spotify MY Weekly Chart,https://kworb.net/spotify/country/my_weekly_totals.html
LAUV,Julia,1,0,154,57257,57257,Spotify MY Weekly Chart,https://kworb.net/spotify/country/my_weekly_totals.html
EXO,Sign,1,0,87,57228,57228,Spotify MY Weekly Chart,https://kworb.net/spotify/country/my_weekly_totals.html
Drake,No Friends In The Industry,1,0,121,57194,57194,Spotify MY Weekly Chart,https://kworb.net/spotify/country/my_weekly_totals.html
SNBRN,Raindrops,5,0,50,16463,57167,Spotify MY Weekly Chart,https://kworb.net/spotify/country/my_weekly_totals.html
The Weeknd,True Colors,2,0,91,32579,57114,Spotify MY Weekly Chart,https://kworb.net/spotify/country/my_weekly_totals.html
Juice WRLD,Already Dead,1,0,182,56971,56971,Spotify MY Weekly Chart,https://kworb.net/spotify/country/my_weekly_totals.html
Post Malone,Allergic,1,0,118,56963,56963,Spotify MY Weekly Chart,https://kworb.net/spotify/country/my_weekly_totals.html
Madden,Golden Light,3,0,114,22062,56901,Spotify MY Weekly Chart,https://kworb.net/spotify/country/my_weekly_totals.html
Linkin Park,Faint,1,0,86,56901,56901,Spotify MY Weekly Chart,https://kworb.net/spotify/country/my_weekly_totals.html
TAEMIN,Press Your Number,3,0,73,24449,56900,Spotify MY Weekly Chart,https://kworb.net/spotify/country/my_weekly_totals.html
Eric Chou,你不屬於我 - 《比悲傷更悲傷的故事》影集版片尾曲,1,0,158,56853,56853,Spotify MY Weekly Chart,https://kworb.net/spotify/country/my_weekly_totals.html
One Direction,Never Enough,3,0,58,31371,56735,Spotify MY Weekly Chart,https://kworb.net/spotify/country/my_weekly_totals.html
Big Sean,One Man Can Change The World,4,0,42,19317,56690,Spotify MY Weekly Chart,https://kworb.net/spotify/country/my_weekly_totals.html
A$AP Rocky,Everyday,8,0,58,20469,56628,Spotify MY Weekly Chart,https://kworb.net/spotify/country/my_weekly_totals.html
Cha Eun-Woo,Love so Fine,1,0,108,56620,56620,Spotify MY Weekly Chart,https://kworb.net/spotify/country/my_weekly_totals.html
Pitbull,Feel This Moment - Jump Smokers Club Mix,8,5,6,9844,56569,Spotify MY Weekly Chart,https://kworb.net/spotify/country/my_weekly_totals.html
Zedd,Stay The Night - Featuring Hayley Williams Of Paramore,10,0,19,7222,56525,Spotify MY Weekly Chart,https://kworb.net/spotify/country/my_weekly_totals.html
Drake,Talk Up,1,0,81,56518,56518,Spotify MY Weekly Chart,https://kworb.net/spotify/country/my_weekly_totals.html
ATEEZ,The Real - Heung Version,1,0,169,56307,56307,Spotify MY Weekly Chart,https://kworb.net/spotify/country/my_weekly_totals.html
Sam Smith,One Last Song,1,0,79,56218,56218,Spotify MY Weekly Chart,https://kworb.net/spotify/country/my_weekly_totals.html
Macklemore,Marmalade,2,0,163,28994,56105,Spotify MY Weekly Chart,https://kworb.net/spotify/country/my_weekly_totals.html
Paul McCartney,Wonderful Christmastime - Edited Version / Remastered 2011,1,0,141,56089,56089,Spotify MY Weekly Chart,https://kworb.net/spotify/country/my_weekly_totals.html
Anthem Lights,Top of the World,6,0,71,11287,56072,Spotify MY Weekly Chart,https://kworb.net/spotify/country/my_weekly_totals.html
Jason Derulo,Marry Me,11,0,24,6120,55848,Spotify MY Weekly Chart,https://kworb.net/spotify/country/my_weekly_totals.html
Agust D,Honsool,1,0,113,55844,55844,Spotify MY Weekly Chart,https://kworb.net/spotify/country/my_weekly_totals.html
Sofia Karlberg,Crazy in Love,7,0,76,11993,55813,Spotify MY Weekly Chart,https://kworb.net/spotify/country/my_weekly_totals.html
Tinashe,Pretend,6,0,60,13040,55713,Spotify MY Weekly Chart,https://kworb.net/spotify/country/my_weekly_totals.html
MY ASTRO,福气,1,0,163,55530,55530,Spotify MY Weekly Chart,https://kworb.net/spotify/country/my_weekly_totals.html
Astrid S,Think Before I Talk,2,0,149,30294,55466,Spotify MY Weekly Chart,https://kworb.net/spotify/country/my_weekly_totals.html
K/DA,VILLAIN,1,0,124,55454,55454,Spotify MY Weekly Chart,https://kworb.net/spotify/country/my_weekly_totals.html
Ariana Grande,pete davidson,1,0,92,55304,55304,Spotify MY Weekly Chart,https://kworb.net/spotify/country/my_weekly_totals.html
"Tyler, The Creator",WUSYANAME,1,0,119,55274,55274,Spotify MY Weekly Chart,https://kworb.net/spotify/country/my_weekly_totals.html
Taylor Swift,Girl At Home (Taylor's Version),1,0,196,55244,55244,Spotify MY Weekly Chart,https://kworb.net/spotify/country/my_weekly_totals.html
Jack Johnson,Banana Pancakes,15,0,127,6805,55244,Spotify MY Weekly Chart,https://kworb.net/spotify/country/my_weekly_totals.html
Drake,Free Smoke,2,0,147,30583,55178,Spotify MY Weekly Chart,https://kworb.net/spotify/country/my_weekly_totals.html
2 Chainz,We Own It (Fast & Furious),15,3,8,6105,55129,Spotify MY Weekly Chart,https://kworb.net/spotify/country/my_weekly_totals.html
Jack Harlow,Dua Lipa,1,0,176,55111,55111,Spotify MY Weekly Chart,https://kworb.net/spotify/country/my_weekly_totals.html
Alesso,Going Dumb - with Stray Kids,1,0,137,54899,54899,Spotify MY Weekly Chart,https://kworb.net/spotify/country/my_weekly_totals.html
One Direction,Long Way Down,3,0,63,28639,54865,Spotify MY Weekly Chart,https://kworb.net/spotify/country/my_weekly_totals.html
Bruno Mars,Blast Off,1,0,197,54859,54859,Spotify MY Weekly Chart,https://kworb.net/spotify/country/my_weekly_totals.html
G-DRAGON,BULLSHIT - KR Ver.,2,0,133,33262,54837,Spotify MY Weekly Chart,https://kworb.net/spotify/country/my_weekly_totals.html
Joji,Mr. Hollywood,1,0,146,54797,54797,Spotify MY Weekly Chart,https://kworb.net/spotify/country/my_weekly_totals.html
Kanye West,Yikes,1,0,102,54786,54786,Spotify MY Weekly Chart,https://kworb.net/spotify/country/my_weekly_totals.html
Linkin Park,Bleed It Out,1,0,92,54625,54625,Spotify MY Weekly Chart,https://kworb.net/spotify/country/my_weekly_totals.html
Cher Lloyd,Sirens,5,0,42,11501,54494,Spotify MY Weekly Chart,https://kworb.net/spotify/country/my_weekly_totals.html
The Sam Willows,Keep Me Jealous,2,0,168,27585,54329,Spotify MY Weekly Chart,https://kworb.net/spotify/country/my_weekly_totals.html
Ed Sheeran,Take Me Back to London,1,0,132,54295,54295,Spotify MY Weekly Chart,https://kworb.net/spotify/country/my_weekly_totals.html
LAUV,Lonely Eyes,1,0,171,54154,54154,Spotify MY Weekly Chart,https://kworb.net/spotify/country/my_weekly_totals.html
Swedish House Mafia,Don't You Worry Child (Radio Edit),17,0,11,5285,54113,Spotify MY Weekly Chart,https://kworb.net/spotify/country/my_weekly_totals.html
Raisa,"Trust Again - Inspired by ""Raya and The Last Dragon""",1,0,142,53991,53991,Spotify MY Weekly Chart,https://kworb.net/spotify/country/my_weekly_totals.html
Drake,Elevate,1,0,87,53959,53959,Spotify MY Weekly Chart,https://kworb.net/spotify/country/my_weekly_totals.html
Martin Solveig,All Stars,2,0,166,28094,53948,Spotify MY Weekly Chart,https://kworb.net/spotify/country/my_weekly_totals.html
Red Velvet,Rookie,2,0,131,28620,53928,Spotify MY Weekly Chart,https://kworb.net/spotify/country/my_weekly_totals.html
LANY,cowboy in LA,1,0,145,53916,53916,Spotify MY Weekly Chart,https://kworb.net/spotify/country/my_weekly_totals.html
Apink,Dilemma,1,0,196,53812,53812,Spotify MY Weekly Chart,https://kworb.net/spotify/country/my_weekly_totals.html
IU,Troll (Feat. DEAN),1,0,144,53727,53727,Spotify MY Weekly Chart,https://kworb.net/spotify/country/my_weekly_totals.html
EXO,Ko Ko Bop - Chinese Version,1,0,75,53689,53689,Spotify MY Weekly Chart,https://kworb.net/spotify/country/my_weekly_totals.html
One Direction,Temporary Fix,3,0,62,29268,53672,Spotify MY Weekly Chart,https://kworb.net/spotify/country/my_weekly_totals.html
Akon,Lonely,1,0,193,53560,53560,Spotify MY Weekly Chart,https://kworb.net/spotify/country/my_weekly_totals.html
Justin Timberlake,Suit & Tie,11,2,10,6668,53512,Spotify MY Weekly Chart,https://kworb.net/spotify/country/my_weekly_totals.html
BIGBANG,Blue,10,0,128,9289,53461,Spotify MY Weekly Chart,https://kworb.net/spotify/country/my_weekly_totals.html
Shawn Mendes,The Christmas Song (Shawn Mendes & Camila Cabello),1,0,151,53442,53442,Spotify MY Weekly Chart,https://kworb.net/spotify/country/my_weekly_totals.html
WALLA,101,6,0,67,12463,53433,Spotify MY Weekly Chart,https://kworb.net/spotify/country/my_weekly_totals.html
CHUNG HA,Killing Me,1,0,187,53424,53424,Spotify MY Weekly Chart,https://kworb.net/spotify/country/my_weekly_totals.html
CL,+DONE161201+,1,0,159,53394,53394,Spotify MY Weekly Chart,https://kworb.net/spotify/country/my_weekly_totals.html
Linkin Park,Sorry for Now,1,0,95,53385,53385,Spotify MY Weekly Chart,https://kworb.net/spotify/country/my_weekly_totals.html
Martin Garrix,Drown,1,0,170,53368,53368,Spotify MY Weekly Chart,https://kworb.net/spotify/country/my_weekly_totals.html
Ariana Grande,west side,1,0,145,53307,53307,Spotify MY Weekly Chart,https://kworb.net/spotify/country/my_weekly_totals.html
NCT 127,Breakfast,1,0,140,53222,53222,Spotify MY Weekly Chart,https://kworb.net/spotify/country/my_weekly_totals.html
Céline Dion,How Does A Moment Last Forever,2,0,151,28482,53207,Spotify MY Weekly Chart,https://kworb.net/spotify/country/my_weekly_totals.html
Pitbull,Hey Ma,2,0,153,28819,53189,Spotify MY Weekly Chart,https://kworb.net/spotify/country/my_weekly_totals.html
TWICE,First Time,1,0,127,53079,53079,Spotify MY Weekly Chart,https://kworb.net/spotify/country/my_weekly_totals.html
Drake,Knife Talk,1,0,140,53077,53077,Spotify MY Weekly Chart,https://kworb.net/spotify/country/my_weekly_totals.html
Joji,Normal People,1,0,161,53003,53003,Spotify MY Weekly Chart,https://kworb.net/spotify/country/my_weekly_totals.html
Linkin Park,Invisible,1,0,96,52986,52986,Spotify MY Weekly Chart,https://kworb.net/spotify/country/my_weekly_totals.html
Rihanna,What Now,13,0,32,4806,52967,Spotify MY Weekly Chart,https://kworb.net/spotify/country/my_weekly_totals.html
Drake,N 2 Deep,1,0,142,52940,52940,Spotify MY Weekly Chart,https://kworb.net/spotify/country/my_weekly_totals.html
Omarion,I'm Up,4,0,104,14275,52921,Spotify MY Weekly Chart,https://kworb.net/spotify/country/my_weekly_totals.html
Justin Bieber,Die For You,1,0,148,52854,52854,Spotify MY Weekly Chart,https://kworb.net/spotify/country/my_weekly_totals.html
Jay Chou,聽爸爸的話,9,0,85,9852,52788,Spotify MY Weekly Chart,https://kworb.net/spotify/country/my_weekly_totals.html
Faul & Wad,Changes,6,0,35,10599,52690,Spotify MY Weekly Chart,https://kworb.net/spotify/country/my_weekly_totals.html
Joji,Upgrade,1,0,163,52610,52610,Spotify MY Weekly Chart,https://kworb.net/spotify/country/my_weekly_totals.html
Linkin Park,BURN IT DOWN,1,0,98,52609,52609,Spotify MY Weekly Chart,https://kworb.net/spotify/country/my_weekly_totals.html
Travis Scott,MAFIA,1,0,177,52544,52544,Spotify MY Weekly Chart,https://kworb.net/spotify/country/my_weekly_totals.html
Eminem,Normal,1,0,100,52315,52315,Spotify MY Weekly Chart,https://kworb.net/spotify/country/my_weekly_totals.html
Michael Bublé,All I Want for Christmas Is You,7,0,37,17083,52310,Spotify MY Weekly Chart,https://kworb.net/spotify/country/my_weekly_totals.html
D.O.,Dad,1,0,121,52291,52291,Spotify MY Weekly Chart,https://kworb.net/spotify/country/my_weekly_totals.html
Agust D,Interlude : Set me free,1,0,132,52244,52244,Spotify MY Weekly Chart,https://kworb.net/spotify/country/my_weekly_totals.html
MAMAMOO,Where Are We Now,1,0,125,52219,52219,Spotify MY Weekly Chart,https://kworb.net/spotify/country/my_weekly_totals.html
ALYPH,Adakah Kau Mendengar?,1,0,171,52115,52115,Spotify MY Weekly Chart,https://kworb.net/spotify/country/my_weekly_totals.html
Gabry Ponte,Thunder,1,0,169,52097,52097,Spotify MY Weekly Chart,https://kworb.net/spotify/country/my_weekly_totals.html
Khalid,New Normal,1,0,122,52073,52073,Spotify MY Weekly Chart,https://kworb.net/spotify/country/my_weekly_totals.html
Yuna,Pink Youth,1,0,147,51991,51991,Spotify MY Weekly Chart,https://kworb.net/spotify/country/my_weekly_totals.html
Taylor Swift,22,14,0,12,5362,51980,Spotify MY Weekly Chart,https://kworb.net/spotify/country/my_weekly_totals.html
Katy Perry,Cry About It Later,1,0,152,51917,51917,Spotify MY Weekly Chart,https://kworb.net/spotify/country/my_weekly_totals.html
Justin Bieber,Available,1,0,160,51888,51888,Spotify MY Weekly Chart,https://kworb.net/spotify/country/my_weekly_totals.html
MUNA,Winterbreak - Tiësto's Deep House Remix,3,0,124,20622,51877,Spotify MY Weekly Chart,https://kworb.net/spotify/country/my_weekly_totals.html
A-Trak,We All Fall Down,4,0,81,16331,51866,Spotify MY Weekly Chart,https://kworb.net/spotify/country/my_weekly_totals.html
Black Coast,Trndsttr (Lucian Remix),4,0,103,14670,51828,Spotify MY Weekly Chart,https://kworb.net/spotify/country/my_weekly_totals.html
SEVENTEEN,"Same dream, same mind, same night",1,0,139,51817,51817,Spotify MY Weekly Chart,https://kworb.net/spotify/country/my_weekly_totals.html
Robert DeLong,Long Way Down,7,0,88,10583,51732,Spotify MY Weekly Chart,https://kworb.net/spotify/country/my_weekly_totals.html
Skylar Grey,I Know You,10,0,96,9181,51709,Spotify MY Weekly Chart,https://kworb.net/spotify/country/my_weekly_totals.html
J. Cole,a m a r i,1,0,108,51706,51706,Spotify MY Weekly Chart,https://kworb.net/spotify/country/my_weekly_totals.html
Of Monsters and Men,Little Talks,16,0,16,4378,51645,Spotify MY Weekly Chart,https://kworb.net/spotify/country/my_weekly_totals.html
Joji,NITROUS,1,0,168,51639,51639,Spotify MY Weekly Chart,https://kworb.net/spotify/country/my_weekly_totals.html
Ariana Grande,love language,1,0,153,51626,51626,Spotify MY Weekly Chart,https://kworb.net/spotify/country/my_weekly_totals.html
Tinashe,Player,5,0,148,11235,51623,Spotify MY Weekly Chart,https://kworb.net/spotify/country/my_weekly_totals.html
GOT7,LAST PIECE,1,0,173,51601,51601,Spotify MY Weekly Chart,https://kworb.net/spotify/country/my_weekly_totals.html
P!nk,Try,16,0,17,4252,51532,Spotify MY Weekly Chart,https://kworb.net/spotify/country/my_weekly_totals.html
LAUV,Love Like That,1,0,138,51513,51513,Spotify MY Weekly Chart,https://kworb.net/spotify/country/my_weekly_totals.html
The Chainsmokers,My Type,1,0,74,51410,51410,Spotify MY Weekly Chart,https://kworb.net/spotify/country/my_weekly_totals.html
DJ Khaled,Gold Slugs,4,0,94,15465,51404,Spotify MY Weekly Chart,https://kworb.net/spotify/country/my_weekly_totals.html
Becky G,Break a Sweat,4,0,90,14463,51385,Spotify MY Weekly Chart,https://kworb.net/spotify/country/my_weekly_totals.html
SEVENTEEN,GAM3 BO1,1,0,141,51346,51346,Spotify MY Weekly Chart,https://kworb.net/spotify/country/my_weekly_totals.html
Kanye West,Wash Us In The Blood,1,0,149,51291,51291,Spotify MY Weekly Chart,https://kworb.net/spotify/country/my_weekly_totals.html
Justin Bieber,Love You Different,1,0,153,51287,51287,Spotify MY Weekly Chart,https://kworb.net/spotify/country/my_weekly_totals.html
Lana Del Rey,Fuck it I love you,1,0,139,51257,51257,Spotify MY Weekly Chart,https://kworb.net/spotify/country/my_weekly_totals.html
Billie Eilish,Billie Bossa Nova,1,0,139,51219,51219,Spotify MY Weekly Chart,https://kworb.net/spotify/country/my_weekly_totals.html
B.I,Midnight Blue,1,0,154,51213,51213,Spotify MY Weekly Chart,https://kworb.net/spotify/country/my_weekly_totals.html
Marlon Roudette,When The Beat Drops Out,5,0,52,15029,51049,Spotify MY Weekly Chart,https://kworb.net/spotify/country/my_weekly_totals.html
Lily Allen,Somewhere Only We Know,12,0,165,8622,51043,Spotify MY Weekly Chart,https://kworb.net/spotify/country/my_weekly_totals.html
Dua Lipa,Lost In Your Light,2,0,179,26794,51035,Spotify MY Weekly Chart,https://kworb.net/spotify/country/my_weekly_totals.html
NCT 127,Cherry Bomb,2,0,172,29084,51023,Spotify MY Weekly Chart,https://kworb.net/spotify/country/my_weekly_totals.html
Jeremih,Planes,5,0,73,11532,50990,Spotify MY Weekly Chart,https://kworb.net/spotify/country/my_weekly_totals.html
Drake,Summer Sixteen,4,0,108,14744,50942,Spotify MY Weekly Chart,https://kworb.net/spotify/country/my_weekly_totals.html
EXID,L.I.E,3,0,137,18804,50907,Spotify MY Weekly Chart,https://kworb.net/spotify/country/my_weekly_totals.html
Justin Bieber,All In It,3,0,80,23300,50875,Spotify MY Weekly Chart,https://kworb.net/spotify/country/my_weekly_totals.html
The Weeknd,Until I Bleed Out,1,0,143,50846,50846,Spotify MY Weekly Chart,https://kworb.net/spotify/country/my_weekly_totals.html
BAEKHYUN,UN Village,1,0,155,50758,50758,Spotify MY Weekly Chart,https://kworb.net/spotify/country/my_weekly_totals.html
The Weeknd,Often - Kygo Remix,5,0,60,13901,50611,Spotify MY Weekly Chart,https://kworb.net/spotify/country/my_weekly_totals.html
Paul McCartney,Wonderful Christmastime [Edited Version] - Remastered 2011 / Edited Version,1,0,112,50598,50598,Spotify MY Weekly Chart,https://kworb.net/spotify/country/my_weekly_totals.html
Halsey,"I am not a woman, I'm a god",1,0,147,50518,50518,Spotify MY Weekly Chart,https://kworb.net/spotify/country/my_weekly_totals.html
HVME,Goosebumps,1,0,131,50434,50434,Spotify MY Weekly Chart,https://kworb.net/spotify/country/my_weekly_totals.html
Ilir7,Salah Apa Aku,1,0,158,50413,50413,Spotify MY Weekly Chart,https://kworb.net/spotify/country/my_weekly_totals.html
Fariz Jabba,Kalah,1,0,175,50279,50279,Spotify MY Weekly Chart,https://kworb.net/spotify/country/my_weekly_totals.html
NCT 127,Magic Carpet Ride,1,0,158,50238,50238,Spotify MY Weekly Chart,https://kworb.net/spotify/country/my_weekly_totals.html
Taylor Swift,Breathe,1,0,138,50181,50181,Spotify MY Weekly Chart,https://kworb.net/spotify/country/my_weekly_totals.html
Enrique Iglesias,Bailando - English Version,6,0,39,16249,50148,Spotify MY Weekly Chart,https://kworb.net/spotify/country/my_weekly_totals.html
HONNE,la la la that’s how it goes,1,0,164,50140,50140,Spotify MY Weekly Chart,https://kworb.net/spotify/country/my_weekly_totals.html
Jaden,Falling For You with Justin Bieber,1,0,160,50102,50102,Spotify MY Weekly Chart,https://kworb.net/spotify/country/my_weekly_totals.html
Conan Gray,Telepath,1,0,183,50101,50101,Spotify MY Weekly Chart,https://kworb.net/spotify/country/my_weekly_totals.html
Justin Bieber,Running Over,1,0,170,50053,50053,Spotify MY Weekly Chart,https://kworb.net/spotify/country/my_weekly_totals.html
AKMU,"How can I love the heartbreak, you`re the one I love",1,0,153,50017,50017,Spotify MY Weekly Chart,https://kworb.net/spotify/country/my_weekly_totals.html
Gentle Bones,At Least I Had You,1,0,197,49973,49973,Spotify MY Weekly Chart,https://kworb.net/spotify/country/my_weekly_totals.html
Yuna,Dance Like Nobody's Watching,1,0,182,49882,49882,Spotify MY Weekly Chart,https://kworb.net/spotify/country/my_weekly_totals.html
Justin Hurwitz,Mia & Sebastian’s Theme,2,0,154,25533,49823,Spotify MY Weekly Chart,https://kworb.net/spotify/country/my_weekly_totals.html
G-DRAGON,개소리 (BULLSHIT),1,0,75,49718,49718,Spotify MY Weekly Chart,https://kworb.net/spotify/country/my_weekly_totals.html
88rising,Breathe,1,0,151,49648,49648,Spotify MY Weekly Chart,https://kworb.net/spotify/country/my_weekly_totals.html
BIGBANG,Bad Boy,10,0,141,8757,49620,Spotify MY Weekly Chart,https://kworb.net/spotify/country/my_weekly_totals.html
Billie Eilish,goodbye,1,0,140,49462,49462,Spotify MY Weekly Chart,https://kworb.net/spotify/country/my_weekly_totals.html
NCT 127,Road Trip,1,0,165,49432,49432,Spotify MY Weekly Chart,https://kworb.net/spotify/country/my_weekly_totals.html
TWICE,OXYGEN,1,0,126,49380,49380,Spotify MY Weekly Chart,https://kworb.net/spotify/country/my_weekly_totals.html
OneRepublic,If I Lose Myself - Alesso vs OneRepublic,21,0,39,2833,49339,Spotify MY Weekly Chart,https://kworb.net/spotify/country/my_weekly_totals.html
Lana Del Rey,Norman fucking Rockwell,1,0,152,49331,49331,Spotify MY Weekly Chart,https://kworb.net/spotify/country/my_weekly_totals.html
Ricky Rich,Habibi,1,0,200,49286,49286,Spotify MY Weekly Chart,https://kworb.net/spotify/country/my_weekly_totals.html
KSI,No Time,1,0,125,49283,49283,Spotify MY Weekly Chart,https://kworb.net/spotify/country/my_weekly_totals.html
Fazura,Bisa Apa,2,0,193,24739,49278,Spotify MY Weekly Chart,https://kworb.net/spotify/country/my_weekly_totals.html
Post Malone,Myself,1,0,156,49276,49276,Spotify MY Weekly Chart,https://kworb.net/spotify/country/my_weekly_totals.html
IU,My sea,1,0,164,49255,49255,Spotify MY Weekly Chart,https://kworb.net/spotify/country/my_weekly_totals.html
SuperM,One (Monster & Infinity),1,0,177,49239,49239,Spotify MY Weekly Chart,https://kworb.net/spotify/country/my_weekly_totals.html
NCT U,OK!,1,0,185,49169,49169,Spotify MY Weekly Chart,https://kworb.net/spotify/country/my_weekly_totals.html
SEVENTEEN,Fear,1,0,161,49146,49146,Spotify MY Weekly Chart,https://kworb.net/spotify/country/my_weekly_totals.html
Playboi Carti,@ MEH,1,0,139,49111,49111,Spotify MY Weekly Chart,https://kworb.net/spotify/country/my_weekly_totals.html
Taylor Swift,White Horse (Taylor’s Version),1,0,142,49105,49105,Spotify MY Weekly Chart,https://kworb.net/spotify/country/my_weekly_totals.html
Drake,Get It Together,2,0,198,24918,49095,Spotify MY Weekly Chart,https://kworb.net/spotify/country/my_weekly_totals.html
One Direction,Wolves,3,0,70,25827,49039,Spotify MY Weekly Chart,https://kworb.net/spotify/country/my_weekly_totals.html
EXO,Gravity,1,0,115,49002,49002,Spotify MY Weekly Chart,https://kworb.net/spotify/country/my_weekly_totals.html
JACKBOYS,GANG GANG,1,0,152,48994,48994,Spotify MY Weekly Chart,https://kworb.net/spotify/country/my_weekly_totals.html
Joji,777,1,0,183,48967,48967,Spotify MY Weekly Chart,https://kworb.net/spotify/country/my_weekly_totals.html
Eminem,Darkness,1,0,168,48886,48886,Spotify MY Weekly Chart,https://kworb.net/spotify/country/my_weekly_totals.html
Ingrid Michaelson,Girls Chase Boys,3,0,36,16776,48845,Spotify MY Weekly Chart,https://kworb.net/spotify/country/my_weekly_totals.html
Kim Cesarion,Undressed,4,0,55,13763,48826,Spotify MY Weekly Chart,https://kworb.net/spotify/country/my_weekly_totals.html
Ariana Grande,The Way,17,0,20,4088,48786,Spotify MY Weekly Chart,https://kworb.net/spotify/country/my_weekly_totals.html
TAEYEON,What Do I Call You,1,0,181,48731,48731,Spotify MY Weekly Chart,https://kworb.net/spotify/country/my_weekly_totals.html
Linkin Park,Waiting For The End,1,0,104,48494,48494,Spotify MY Weekly Chart,https://kworb.net/spotify/country/my_weekly_totals.html
EXO-SC,Telephone,1,0,178,48461,48461,Spotify MY Weekly Chart,https://kworb.net/spotify/country/my_weekly_totals.html
Justin Bieber,E.T.A.,1,0,185,48417,48417,Spotify MY Weekly Chart,https://kworb.net/spotify/country/my_weekly_totals.html
FLETCHER,War Paint (Young Bombs Remix),4,0,114,12732,48412,Spotify MY Weekly Chart,https://kworb.net/spotify/country/my_weekly_totals.html
Juice WRLD,Tell Me U Luv Me,1,0,135,48403,48403,Spotify MY Weekly Chart,https://kworb.net/spotify/country/my_weekly_totals.html
Brett Eldredge,"Baby, It's Cold Outside",1,0,123,48382,48382,Spotify MY Weekly Chart,https://kworb.net/spotify/country/my_weekly_totals.html
Icona Pop,Emergency,8,0,75,14773,48314,Spotify MY Weekly Chart,https://kworb.net/spotify/country/my_weekly_totals.html
Dipha Barus,No One Can Stop Us,3,0,152,17180,48271,Spotify MY Weekly Chart,https://kworb.net/spotify/country/my_weekly_totals.html
Billie Eilish,I Didn't Change My Number,1,0,160,48268,48268,Spotify MY Weekly Chart,https://kworb.net/spotify/country/my_weekly_totals.html
NCT 127,Focus,1,0,177,48252,48252,Spotify MY Weekly Chart,https://kworb.net/spotify/country/my_weekly_totals.html
HA SUNG WOON,Fall in You,1,0,150,48233,48233,Spotify MY Weekly Chart,https://kworb.net/spotify/country/my_weekly_totals.html
Kelsea Ballerini,Love Me Like You Mean It,6,0,88,12000,48137,Spotify MY Weekly Chart,https://kworb.net/spotify/country/my_weekly_totals.html
Coldplay,My Universe - Instrumental,1,0,177,48056,48056,Spotify MY Weekly Chart,https://kworb.net/spotify/country/my_weekly_totals.html
Gaho,Running,1,0,199,48012,48012,Spotify MY Weekly Chart,https://kworb.net/spotify/country/my_weekly_totals.html
Stray Kids,WOLFGANG,1,0,164,48007,48007,Spotify MY Weekly Chart,https://kworb.net/spotify/country/my_weekly_totals.html
IU,Hi spring Bye,1,0,172,47906,47906,Spotify MY Weekly Chart,https://kworb.net/spotify/country/my_weekly_totals.html
Fall Out Boy,Champion - Remix,1,0,91,47892,47892,Spotify MY Weekly Chart,https://kworb.net/spotify/country/my_weekly_totals.html
Daniel Caesar,LOVE AGAIN,1,0,154,47886,47886,Spotify MY Weekly Chart,https://kworb.net/spotify/country/my_weekly_totals.html
Zedd,Stay The Night,9,0,18,6790,47839,Spotify MY Weekly Chart,https://kworb.net/spotify/country/my_weekly_totals.html
NAV,Turks,1,0,157,47834,47834,Spotify MY Weekly Chart,https://kworb.net/spotify/country/my_weekly_totals.html
John Lennon,Happy Xmas (War Is Over) - Remastered,1,0,125,47809,47809,Spotify MY Weekly Chart,https://kworb.net/spotify/country/my_weekly_totals.html
GOT7,ECLIPSE,1,0,165,47805,47805,Spotify MY Weekly Chart,https://kworb.net/spotify/country/my_weekly_totals.html
James Blunt,When I Find Love Again,6,0,81,9918,47786,Spotify MY Weekly Chart,https://kworb.net/spotify/country/my_weekly_totals.html
Jackson Wang,Pretty Please,1,0,177,47774,47774,Spotify MY Weekly Chart,https://kworb.net/spotify/country/my_weekly_totals.html
Halsey,Still Learning,1,0,176,47719,47719,Spotify MY Weekly Chart,https://kworb.net/spotify/country/my_weekly_totals.html
Joji,High Hopes,1,0,198,47715,47715,Spotify MY Weekly Chart,https://kworb.net/spotify/country/my_weekly_totals.html
Ariana Grande,successful,1,0,113,47651,47651,Spotify MY Weekly Chart,https://kworb.net/spotify/country/my_weekly_totals.html
Stray Kids,Side Effects,1,0,151,47536,47536,Spotify MY Weekly Chart,https://kworb.net/spotify/country/my_weekly_totals.html
Sofía Reyes,Muevelo,5,0,65,13106,47505,Spotify MY Weekly Chart,https://kworb.net/spotify/country/my_weekly_totals.html
TWICE,Perfect World,1,0,149,47469,47469,Spotify MY Weekly Chart,https://kworb.net/spotify/country/my_weekly_totals.html
ONE OK ROCK,Renegades,1,0,140,47464,47464,Spotify MY Weekly Chart,https://kworb.net/spotify/country/my_weekly_totals.html
Halsey,Finally // beautiful stranger,1,0,191,47363,47363,Spotify MY Weekly Chart,https://kworb.net/spotify/country/my_weekly_totals.html
Troye Sivan,The Good Side,1,0,99,47325,47325,Spotify MY Weekly Chart,https://kworb.net/spotify/country/my_weekly_totals.html
Justin Bieber,Confirmation,1,0,195,47292,47292,Spotify MY Weekly Chart,https://kworb.net/spotify/country/my_weekly_totals.html
Adele,Chasing Pavements,1,0,196,47251,47251,Spotify MY Weekly Chart,https://kworb.net/spotify/country/my_weekly_totals.html
JJ Lin,她說,2,0,189,33982,47233,Spotify MY Weekly Chart,https://kworb.net/spotify/country/my_weekly_totals.html
88rising,Tequila Sunrise,1,0,191,47190,47190,Spotify MY Weekly Chart,https://kworb.net/spotify/country/my_weekly_totals.html
Eric Chou,小時候的我們,1,0,178,47181,47181,Spotify MY Weekly Chart,https://kworb.net/spotify/country/my_weekly_totals.html
Kanye West,No Child Left Behind,1,0,171,47143,47143,Spotify MY Weekly Chart,https://kworb.net/spotify/country/my_weekly_totals.html
Humood AlKhudher,Kun Anta - Vocals-Only No Music,6,0,76,12106,47116,Spotify MY Weekly Chart,https://kworb.net/spotify/country/my_weekly_totals.html
Afgan,M.I.A,1,0,181,47115,47115,Spotify MY Weekly Chart,https://kworb.net/spotify/country/my_weekly_totals.html
GIVĒON,For Tonight,1,0,190,47097,47097,Spotify MY Weekly Chart,https://kworb.net/spotify/country/my_weekly_totals.html
Stray Kids,"Red Lights (Bang Chan, Hyunjin)",1,0,173,47048,47048,Spotify MY Weekly Chart,https://kworb.net/spotify/country/my_weekly_totals.html
Gustixa,Terpesona,1,0,169,47029,47029,Spotify MY Weekly Chart,https://kworb.net/spotify/country/my_weekly_totals.html
Steve Aoki,I Love It When You Cry (Moxoki),6,0,71,12318,46957,Spotify MY Weekly Chart,https://kworb.net/spotify/country/my_weekly_totals.html
Rich Brian,Yellow,1,0,163,46865,46865,Spotify MY Weekly Chart,https://kworb.net/spotify/country/my_weekly_totals.html
Kygo,ID - Ultra Music Festival Anthem,3,0,33,22417,46841,Spotify MY Weekly Chart,https://kworb.net/spotify/country/my_weekly_totals.html
Chris Rea,Driving Home for Christmas - 2019 Remaster,1,0,190,46838,46838,Spotify MY Weekly Chart,https://kworb.net/spotify/country/my_weekly_totals.html
Tan Sri P. Ramlee,Suara Takbir,1,0,168,46824,46824,Spotify MY Weekly Chart,https://kworb.net/spotify/country/my_weekly_totals.html
Selena Gomez,Vulnerable,1,0,182,46804,46804,Spotify MY Weekly Chart,https://kworb.net/spotify/country/my_weekly_totals.html
benny blanco,Graduation,1,0,173,46744,46744,Spotify MY Weekly Chart,https://kworb.net/spotify/country/my_weekly_totals.html
Fall Out Boy,The Kids Aren't Alright,5,0,78,10801,46741,Spotify MY Weekly Chart,https://kworb.net/spotify/country/my_weekly_totals.html
Octavian,Papi Chulo,1,0,185,46733,46733,Spotify MY Weekly Chart,https://kworb.net/spotify/country/my_weekly_totals.html
Jessie J,Masterpiece,11,0,83,7823,46693,Spotify MY Weekly Chart,https://kworb.net/spotify/country/my_weekly_totals.html
Ed Sheeran,Way To Break My Heart,1,0,171,46680,46680,Spotify MY Weekly Chart,https://kworb.net/spotify/country/my_weekly_totals.html
Justin Bieber,Somebody,1,0,185,46675,46675,Spotify MY Weekly Chart,https://kworb.net/spotify/country/my_weekly_totals.html
Taylor Swift,Hey Stephen (Taylor’s Version),1,0,154,46651,46651,Spotify MY Weekly Chart,https://kworb.net/spotify/country/my_weekly_totals.html
Justin Bieber,Loved By You,1,0,186,46612,46612,Spotify MY Weekly Chart,https://kworb.net/spotify/country/my_weekly_totals.html
Liam Payne,Stack It Up,1,0,193,46597,46597,Spotify MY Weekly Chart,https://kworb.net/spotify/country/my_weekly_totals.html
Fitz and The Tantrums,HandClap,3,0,157,16455,46593,Spotify MY Weekly Chart,https://kworb.net/spotify/country/my_weekly_totals.html
Post Malone,Im Gonna Be,1,0,175,46588,46588,Spotify MY Weekly Chart,https://kworb.net/spotify/country/my_weekly_totals.html
Post Malone,Deja Vu,2,0,116,24163,46587,Spotify MY Weekly Chart,https://kworb.net/spotify/country/my_weekly_totals.html
Ziana Zain,Halaman Asmara,3,0,164,27767,46563,Spotify MY Weekly Chart,https://kworb.net/spotify/country/my_weekly_totals.html
Drake,Fountains,1,0,187,46525,46525,Spotify MY Weekly Chart,https://kworb.net/spotify/country/my_weekly_totals.html
iKON,MY TYPE,4,0,111,12533,46501,Spotify MY Weekly Chart,https://kworb.net/spotify/country/my_weekly_totals.html
Harry Styles,Cherry,1,0,184,46474,46474,Spotify MY Weekly Chart,https://kworb.net/spotify/country/my_weekly_totals.html
Selena Gomez,Dance Again,1,0,185,46432,46432,Spotify MY Weekly Chart,https://kworb.net/spotify/country/my_weekly_totals.html
Taufik Batisah,#awakkatmane,9,0,118,5900,46380,Spotify MY Weekly Chart,https://kworb.net/spotify/country/my_weekly_totals.html
Avicii,Tough Love,1,0,140,46350,46350,Spotify MY Weekly Chart,https://kworb.net/spotify/country/my_weekly_totals.html
Stray Kids,"Gone Away (HAN, Seungmin, I.N)",1,0,181,46319,46319,Spotify MY Weekly Chart,https://kworb.net/spotify/country/my_weekly_totals.html
REFUND SISTERS,DON'T TOUCH ME,1,0,179,46297,46297,Spotify MY Weekly Chart,https://kworb.net/spotify/country/my_weekly_totals.html
Avril Lavigne,Dumb Blonde,1,0,139,46288,46288,Spotify MY Weekly Chart,https://kworb.net/spotify/country/my_weekly_totals.html
Billie Eilish,Halley's Comet,1,0,171,46278,46278,Spotify MY Weekly Chart,https://kworb.net/spotify/country/my_weekly_totals.html
NCT 127,Simon Says,1,0,128,46256,46256,Spotify MY Weekly Chart,https://kworb.net/spotify/country/my_weekly_totals.html
Sam Smith,HIM,1,0,105,46251,46251,Spotify MY Weekly Chart,https://kworb.net/spotify/country/my_weekly_totals.html
Paul Rosenberg,Paul - Skit,1,0,120,46238,46238,Spotify MY Weekly Chart,https://kworb.net/spotify/country/my_weekly_totals.html
2PM,Make it,1,0,161,46222,46222,Spotify MY Weekly Chart,https://kworb.net/spotify/country/my_weekly_totals.html
Westlife,My Love,1,0,162,46202,46202,Spotify MY Weekly Chart,https://kworb.net/spotify/country/my_weekly_totals.html
Demi Lovato,Anyone,1,0,168,46188,46188,Spotify MY Weekly Chart,https://kworb.net/spotify/country/my_weekly_totals.html
Travis Scott,CAROUSEL,1,0,114,46088,46088,Spotify MY Weekly Chart,https://kworb.net/spotify/country/my_weekly_totals.html
LOONA,Why Not?,1,0,170,46055,46055,Spotify MY Weekly Chart,https://kworb.net/spotify/country/my_weekly_totals.html
EXO,24/7,1,0,127,45958,45958,Spotify MY Weekly Chart,https://kworb.net/spotify/country/my_weekly_totals.html
EXID,Me & You,1,0,157,45950,45950,Spotify MY Weekly Chart,https://kworb.net/spotify/country/my_weekly_totals.html
Park Bom,Spring,1,0,138,45918,45918,Spotify MY Weekly Chart,https://kworb.net/spotify/country/my_weekly_totals.html
SEVENTEEN,Wave,1,0,173,45905,45905,Spotify MY Weekly Chart,https://kworb.net/spotify/country/my_weekly_totals.html
Taylor Swift,I Knew You Were Trouble,14,0,22,4834,45872,Spotify MY Weekly Chart,https://kworb.net/spotify/country/my_weekly_totals.html
Lil Uzi Vert,P2,1,0,200,45854,45854,Spotify MY Weekly Chart,https://kworb.net/spotify/country/my_weekly_totals.html
Lil Wayne,Mona Lisa,1,0,123,45780,45780,Spotify MY Weekly Chart,https://kworb.net/spotify/country/my_weekly_totals.html
Dream,Change My Clothes,1,0,178,45757,45757,Spotify MY Weekly Chart,https://kworb.net/spotify/country/my_weekly_totals.html
Twenty One Pilots,Jumpsuit,1,0,111,45733,45733,Spotify MY Weekly Chart,https://kworb.net/spotify/country/my_weekly_totals.html
BTS,Butter (Cooler Remix),1,0,164,45730,45730,Spotify MY Weekly Chart,https://kworb.net/spotify/country/my_weekly_totals.html
Namewee,China Reggaeton,1,0,174,45578,45578,Spotify MY Weekly Chart,https://kworb.net/spotify/country/my_weekly_totals.html
TOMORROW X TOGETHER,Ice Cream,1,0,166,45566,45566,Spotify MY Weekly Chart,https://kworb.net/spotify/country/my_weekly_totals.html
David Guetta,Yesterday,4,0,58,13011,45561,Spotify MY Weekly Chart,https://kworb.net/spotify/country/my_weekly_totals.html
Dreamcatcher,BEcause,1,0,175,45544,45544,Spotify MY Weekly Chart,https://kworb.net/spotify/country/my_weekly_totals.html
Insomniacks,Reminisensi - Piano Version,1,0,198,45445,45445,Spotify MY Weekly Chart,https://kworb.net/spotify/country/my_weekly_totals.html
BTS,MIC Drop (Steve Aoki Remix) [Full Length Edition],1,0,132,45434,45434,Spotify MY Weekly Chart,https://kworb.net/spotify/country/my_weekly_totals.html
EXO,Sing For You,3,0,78,18190,45420,Spotify MY Weekly Chart,https://kworb.net/spotify/country/my_weekly_totals.html
6ix9ine,TROLLZ,1,0,181,45411,45411,Spotify MY Weekly Chart,https://kworb.net/spotify/country/my_weekly_totals.html
CL,+5 STAR+,1,0,195,45395,45395,Spotify MY Weekly Chart,https://kworb.net/spotify/country/my_weekly_totals.html
Ariana Grande,better off,1,0,119,45381,45381,Spotify MY Weekly Chart,https://kworb.net/spotify/country/my_weekly_totals.html
Linkin Park,Shadow Of The Day,1,0,112,45317,45317,Spotify MY Weekly Chart,https://kworb.net/spotify/country/my_weekly_totals.html
STARLYTE,No Limit,1,0,178,45270,45270,Spotify MY Weekly Chart,https://kworb.net/spotify/country/my_weekly_totals.html
SUNMI,TAIL,1,0,178,45240,45240,Spotify MY Weekly Chart,https://kworb.net/spotify/country/my_weekly_totals.html
Jay Chou,聽見下雨的聲音,7,0,82,10093,45239,Spotify MY Weekly Chart,https://kworb.net/spotify/country/my_weekly_totals.html
Taylor Swift,Forever & Always (Taylor’s Version),1,0,164,45189,45189,Spotify MY Weekly Chart,https://kworb.net/spotify/country/my_weekly_totals.html
ZAYN,sHe,2,0,71,27813,45180,Spotify MY Weekly Chart,https://kworb.net/spotify/country/my_weekly_totals.html
Ariana Grande,get well soon,1,0,122,45164,45164,Spotify MY Weekly Chart,https://kworb.net/spotify/country/my_weekly_totals.html
Yonnyboii,Tujuan,1,0,159,45124,45124,Spotify MY Weekly Chart,https://kworb.net/spotify/country/my_weekly_totals.html
NCT 127,Promise You,1,0,199,45101,45101,Spotify MY Weekly Chart,https://kworb.net/spotify/country/my_weekly_totals.html
Camila Cabello,Consequences - orchestra,1,0,146,45090,45090,Spotify MY Weekly Chart,https://kworb.net/spotify/country/my_weekly_totals.html
DJ Khaled,Just Us,1,0,165,45082,45082,Spotify MY Weekly Chart,https://kworb.net/spotify/country/my_weekly_totals.html
Linkin Park,Breaking The Habit,1,0,113,45015,45015,Spotify MY Weekly Chart,https://kworb.net/spotify/country/my_weekly_totals.html
Post Malone,Zack And Codeine,1,0,109,44990,44990,Spotify MY Weekly Chart,https://kworb.net/spotify/country/my_weekly_totals.html
One Direction,18,7,0,82,9859,44964,Spotify MY Weekly Chart,https://kworb.net/spotify/country/my_weekly_totals.html
BLACKPINK,KILL THIS LOVE - JP Ver.,1,0,181,44940,44940,Spotify MY Weekly Chart,https://kworb.net/spotify/country/my_weekly_totals.html
Beyoncé,MOOD 4 EVA,1,0,170,44929,44929,Spotify MY Weekly Chart,https://kworb.net/spotify/country/my_weekly_totals.html
IU,Ah puh,1,0,200,44920,44920,Spotify MY Weekly Chart,https://kworb.net/spotify/country/my_weekly_totals.html
Linkin Park,Sharp Edges,1,0,114,44905,44905,Spotify MY Weekly Chart,https://kworb.net/spotify/country/my_weekly_totals.html
MOMOLAND,I’m So Hot,1,0,157,44881,44881,Spotify MY Weekly Chart,https://kworb.net/spotify/country/my_weekly_totals.html
JIMIN,Puss (Prod. by Rhymer),5,0,68,17029,44868,Spotify MY Weekly Chart,https://kworb.net/spotify/country/my_weekly_totals.html
Kanye West,Father Stretch My Hands Pt. 1,3,0,133,16399,44864,Spotify MY Weekly Chart,https://kworb.net/spotify/country/my_weekly_totals.html
WINNER,Remember,1,0,163,44831,44831,Spotify MY Weekly Chart,https://kworb.net/spotify/country/my_weekly_totals.html
KEY,Hate that…,1,0,189,44829,44829,Spotify MY Weekly Chart,https://kworb.net/spotify/country/my_weekly_totals.html
Camila Cabello,Consequences,1,0,109,44824,44824,Spotify MY Weekly Chart,https://kworb.net/spotify/country/my_weekly_totals.html
BTS,Butter (Sweeter Remix),1,0,174,44823,44823,Spotify MY Weekly Chart,https://kworb.net/spotify/country/my_weekly_totals.html
Tones And I,Ur So F**kInG cOoL,1,0,160,44822,44822,Spotify MY Weekly Chart,https://kworb.net/spotify/country/my_weekly_totals.html
Lana Del Rey,Doin' Time,1,0,190,44806,44806,Spotify MY Weekly Chart,https://kworb.net/spotify/country/my_weekly_totals.html
Jouraminey,White Seal,6,3,1,15713,44783,Spotify MY Weekly Chart,https://kworb.net/spotify/country/my_weekly_totals.html
P!nk,Hurts 2B Human,1,0,149,44756,44756,Spotify MY Weekly Chart,https://kworb.net/spotify/country/my_weekly_totals.html
Fall Out Boy,My Songs Know What You Did In The Dark (Light Em Up),15,0,18,4020,44705,Spotify MY Weekly Chart,https://kworb.net/spotify/country/my_weekly_totals.html
Faizal Tahir,Bukan Yang Pertama,2,0,164,23739,44672,Spotify MY Weekly Chart,https://kworb.net/spotify/country/my_weekly_totals.html
Bea Miller,feel something,1,0,195,44656,44656,Spotify MY Weekly Chart,https://kworb.net/spotify/country/my_weekly_totals.html
Frans,If I Were Sorry,3,0,135,16067,44579,Spotify MY Weekly Chart,https://kworb.net/spotify/country/my_weekly_totals.html
Lady Gaga,911,1,0,153,44556,44556,Spotify MY Weekly Chart,https://kworb.net/spotify/country/my_weekly_totals.html
Syamel,Seru Hari Lebaran,1,0,161,44551,44551,Spotify MY Weekly Chart,https://kworb.net/spotify/country/my_weekly_totals.html
Russ,Missin You Crazy,1,0,176,44488,44488,Spotify MY Weekly Chart,https://kworb.net/spotify/country/my_weekly_totals.html
Stray Kids,Secret Secret,1,0,196,44478,44478,Spotify MY Weekly Chart,https://kworb.net/spotify/country/my_weekly_totals.html
The Chainsmokers,Honest,1,0,92,44469,44469,Spotify MY Weekly Chart,https://kworb.net/spotify/country/my_weekly_totals.html
Drake,Wants and Needs,1,0,188,44440,44440,Spotify MY Weekly Chart,https://kworb.net/spotify/country/my_weekly_totals.html
J. Cole,p r i d e . i s . t h e . d e v i l,1,0,150,44387,44387,Spotify MY Weekly Chart,https://kworb.net/spotify/country/my_weekly_totals.html
Joyner Lucas,Isis,1,0,186,44386,44386,Spotify MY Weekly Chart,https://kworb.net/spotify/country/my_weekly_totals.html
Bastille,Good Grief,2,0,111,25572,44330,Spotify MY Weekly Chart,https://kworb.net/spotify/country/my_weekly_totals.html
NCT DREAM,My Youth,1,0,151,44244,44244,Spotify MY Weekly Chart,https://kworb.net/spotify/country/my_weekly_totals.html
AJ Mitchell,Slow Dance,1,0,187,44198,44198,Spotify MY Weekly Chart,https://kworb.net/spotify/country/my_weekly_totals.html
One Direction,Steal My Girl - 88 Ninety's 'Raiders of the Lost Art' Remix,5,0,55,14506,44157,Spotify MY Weekly Chart,https://kworb.net/spotify/country/my_weekly_totals.html
Arijit Singh,Tukur Tukur,3,0,83,17314,44138,Spotify MY Weekly Chart,https://kworb.net/spotify/country/my_weekly_totals.html
SEVENTEEN,HIT,1,0,179,44123,44123,Spotify MY Weekly Chart,https://kworb.net/spotify/country/my_weekly_totals.html
Britney Spears,Work B**ch,13,0,26,3825,44121,Spotify MY Weekly Chart,https://kworb.net/spotify/country/my_weekly_totals.html
Billie Eilish,Oxytocin,1,0,188,44090,44090,Spotify MY Weekly Chart,https://kworb.net/spotify/country/my_weekly_totals.html
LEEHI,Savior,1,0,193,44082,44082,Spotify MY Weekly Chart,https://kworb.net/spotify/country/my_weekly_totals.html
TAEMIN,Advice,1,0,185,43974,43974,Spotify MY Weekly Chart,https://kworb.net/spotify/country/my_weekly_totals.html
f(x),4 Walls,3,0,85,16719,43928,Spotify MY Weekly Chart,https://kworb.net/spotify/country/my_weekly_totals.html
TWICE,Baby Blue Love,1,0,180,43899,43899,Spotify MY Weekly Chart,https://kworb.net/spotify/country/my_weekly_totals.html
Projector Band,Rakan Teman Aidilfitri,1,0,167,43829,43829,Spotify MY Weekly Chart,https://kworb.net/spotify/country/my_weekly_totals.html
MKTO,American Dream,4,0,61,12303,43799,Spotify MY Weekly Chart,https://kworb.net/spotify/country/my_weekly_totals.html
Mothership.Sg,Suasana Di Hari Raya (Lofi),1,0,192,43755,43755,Spotify MY Weekly Chart,https://kworb.net/spotify/country/my_weekly_totals.html
TOMORROW X TOGETHER,Dear Sputnik,1,0,181,43713,43713,Spotify MY Weekly Chart,https://kworb.net/spotify/country/my_weekly_totals.html
PinkPantheress,Pain,1,0,199,43649,43649,Spotify MY Weekly Chart,https://kworb.net/spotify/country/my_weekly_totals.html
Arctic Monkeys,Four Out Of Five,1,0,103,43616,43616,Spotify MY Weekly Chart,https://kworb.net/spotify/country/my_weekly_totals.html
Jack & Jack,Like That,3,0,48,17871,43616,Spotify MY Weekly Chart,https://kworb.net/spotify/country/my_weekly_totals.html
TOMORROW X TOGETHER,What if I had been that PUMA,1,0,184,43602,43602,Spotify MY Weekly Chart,https://kworb.net/spotify/country/my_weekly_totals.html
Britney Spears,My Only Wish (This Year),2,0,131,37308,43578,Spotify MY Weekly Chart,https://kworb.net/spotify/country/my_weekly_totals.html
iKON,Flower - KR Ver.,1,0,200,43560,43560,Spotify MY Weekly Chart,https://kworb.net/spotify/country/my_weekly_totals.html
EXO,For Life,2,0,160,22606,43515,Spotify MY Weekly Chart,https://kworb.net/spotify/country/my_weekly_totals.html
Linkin Park,Halfway Right,1,0,118,43467,43467,Spotify MY Weekly Chart,https://kworb.net/spotify/country/my_weekly_totals.html
TOMORROW X TOGETHER,Frost,1,0,186,43456,43456,Spotify MY Weekly Chart,https://kworb.net/spotify/country/my_weekly_totals.html
Timeflies,All The Way,5,0,42,10179,43437,Spotify MY Weekly Chart,https://kworb.net/spotify/country/my_weekly_totals.html
Drake,Mob Ties,1,0,123,43367,43367,Spotify MY Weekly Chart,https://kworb.net/spotify/country/my_weekly_totals.html
TWICE,Scandal,1,0,187,43351,43351,Spotify MY Weekly Chart,https://kworb.net/spotify/country/my_weekly_totals.html
Avicii,Addicted To You,9,0,37,8675,43345,Spotify MY Weekly Chart,https://kworb.net/spotify/country/my_weekly_totals.html
Cardi B,Press,1,0,169,43267,43267,Spotify MY Weekly Chart,https://kworb.net/spotify/country/my_weekly_totals.html
JACKBOYS,OUT WEST,1,0,188,43267,43267,Spotify MY Weekly Chart,https://kworb.net/spotify/country/my_weekly_totals.html
Thomas Rhett,Die A Happy Man,4,0,131,12247,43244,Spotify MY Weekly Chart,https://kworb.net/spotify/country/my_weekly_totals.html
Kanye West,I Thought About Killing You,1,0,145,43159,43159,Spotify MY Weekly Chart,https://kworb.net/spotify/country/my_weekly_totals.html
Sam Hunt,Break Up In A Small Town,4,0,152,11254,43104,Spotify MY Weekly Chart,https://kworb.net/spotify/country/my_weekly_totals.html
Alesso,Cool,14,0,133,6516,43048,Spotify MY Weekly Chart,https://kworb.net/spotify/country/my_weekly_totals.html
Caliph Buskers,Hanya NamaMu,4,0,114,13079,42950,Spotify MY Weekly Chart,https://kworb.net/spotify/country/my_weekly_totals.html
EXO,Oasis,1,0,144,42931,42931,Spotify MY Weekly Chart,https://kworb.net/spotify/country/my_weekly_totals.html
Taylor Swift,You’re Not Sorry (Taylor’s Version),1,0,181,42900,42900,Spotify MY Weekly Chart,https://kworb.net/spotify/country/my_weekly_totals.html
Shawn Mendes,Don't Be A Fool,2,0,137,21845,42896,Spotify MY Weekly Chart,https://kworb.net/spotify/country/my_weekly_totals.html
Loote,tomorrow tonight,1,0,196,42884,42884,Spotify MY Weekly Chart,https://kworb.net/spotify/country/my_weekly_totals.html
The 1975,I Always Wanna Die (Sometimes),1,0,139,42832,42832,Spotify MY Weekly Chart,https://kworb.net/spotify/country/my_weekly_totals.html
Solar,Spit it out,1,0,157,42818,42818,Spotify MY Weekly Chart,https://kworb.net/spotify/country/my_weekly_totals.html
One Direction,Hey Angel,2,0,60,29584,42792,Spotify MY Weekly Chart,https://kworb.net/spotify/country/my_weekly_totals.html
HONNE,Day 1 ◑,1,0,165,42677,42677,Spotify MY Weekly Chart,https://kworb.net/spotify/country/my_weekly_totals.html
Ariana Grande,blazed,1,0,132,42636,42636,Spotify MY Weekly Chart,https://kworb.net/spotify/country/my_weekly_totals.html
Afgan,say i'm sorry,1,0,175,42601,42601,Spotify MY Weekly Chart,https://kworb.net/spotify/country/my_weekly_totals.html
NCT DREAM,Rainbow,1,0,165,42589,42589,Spotify MY Weekly Chart,https://kworb.net/spotify/country/my_weekly_totals.html
Travis Scott,WAKE UP,1,0,128,42522,42522,Spotify MY Weekly Chart,https://kworb.net/spotify/country/my_weekly_totals.html
DAPHNE D調,死心塌地,1,0,190,42423,42423,Spotify MY Weekly Chart,https://kworb.net/spotify/country/my_weekly_totals.html
Sam Smith,Nothing Left For You,1,0,118,42391,42391,Spotify MY Weekly Chart,https://kworb.net/spotify/country/my_weekly_totals.html
Russ,"Psycho, Pt. 2",1,0,195,42369,42369,Spotify MY Weekly Chart,https://kworb.net/spotify/country/my_weekly_totals.html
Baauer,Temple,2,0,92,21669,42318,Spotify MY Weekly Chart,https://kworb.net/spotify/country/my_weekly_totals.html
EXO,LOVE ME RIGHT,6,0,79,13842,42291,Spotify MY Weekly Chart,https://kworb.net/spotify/country/my_weekly_totals.html
benny blanco,You,1,0,199,42262,42262,Spotify MY Weekly Chart,https://kworb.net/spotify/country/my_weekly_totals.html
Jasmine Sokko,TIRED,1,0,167,42239,42239,Spotify MY Weekly Chart,https://kworb.net/spotify/country/my_weekly_totals.html
Kanye West,Wouldn't Leave,1,0,157,42239,42239,Spotify MY Weekly Chart,https://kworb.net/spotify/country/my_weekly_totals.html
LAUV,2021,1,0,191,42209,42209,Spotify MY Weekly Chart,https://kworb.net/spotify/country/my_weekly_totals.html
William Fitzsimmons,Fortune - Acoustic,9,0,161,5160,42185,Spotify MY Weekly Chart,https://kworb.net/spotify/country/my_weekly_totals.html
EXO,Smile On My Face,1,0,149,42180,42180,Spotify MY Weekly Chart,https://kworb.net/spotify/country/my_weekly_totals.html
Perry Como,It's Beginning to Look a Lot Like Christmas,1,0,157,42150,42150,Spotify MY Weekly Chart,https://kworb.net/spotify/country/my_weekly_totals.html
Sam Smith,The Thrill Of It All,1,0,119,42125,42125,Spotify MY Weekly Chart,https://kworb.net/spotify/country/my_weekly_totals.html
Ed Sheeran,Lego House,12,0,178,5399,42087,Spotify MY Weekly Chart,https://kworb.net/spotify/country/my_weekly_totals.html
Rich Homie Quan,"Flex (Ooh, Ooh, Ooh)",6,0,76,14591,42065,Spotify MY Weekly Chart,https://kworb.net/spotify/country/my_weekly_totals.html
John Mayer,I Guess I Just Feel Like,1,0,159,42024,42024,Spotify MY Weekly Chart,https://kworb.net/spotify/country/my_weekly_totals.html
Coldplay,Fun,4,0,127,12911,41966,Spotify MY Weekly Chart,https://kworb.net/spotify/country/my_weekly_totals.html
Lights,Don't Go Home Without Me,4,0,65,11528,41951,Spotify MY Weekly Chart,https://kworb.net/spotify/country/my_weekly_totals.html
Kristen Bell,Do You Want to Build a Snowman?,8,0,39,8190,41842,Spotify MY Weekly Chart,https://kworb.net/spotify/country/my_weekly_totals.html
Why Don't We,Don't Change,1,0,177,41835,41835,Spotify MY Weekly Chart,https://kworb.net/spotify/country/my_weekly_totals.html
A.R. Rahman,Mazhai Kuruvi,1,0,145,41762,41762,Spotify MY Weekly Chart,https://kworb.net/spotify/country/my_weekly_totals.html
Chaleeda,Growing Up Sucks,1,0,192,41756,41756,Spotify MY Weekly Chart,https://kworb.net/spotify/country/my_weekly_totals.html
The Chainsmokers,It Won't Kill Ya,1,0,99,41739,41739,Spotify MY Weekly Chart,https://kworb.net/spotify/country/my_weekly_totals.html
Fazura,Can't Forget Me,1,0,147,41730,41730,Spotify MY Weekly Chart,https://kworb.net/spotify/country/my_weekly_totals.html
NCT 127,gimme gimme,1,0,179,41725,41725,Spotify MY Weekly Chart,https://kworb.net/spotify/country/my_weekly_totals.html
EXO,With You,1,0,154,41723,41723,Spotify MY Weekly Chart,https://kworb.net/spotify/country/my_weekly_totals.html
Siti Sarah,Semakin,1,0,189,41698,41698,Spotify MY Weekly Chart,https://kworb.net/spotify/country/my_weekly_totals.html
Camila Cabello,All These Years,1,0,121,41691,41691,Spotify MY Weekly Chart,https://kworb.net/spotify/country/my_weekly_totals.html
RM,badbye,1,0,165,41612,41612,Spotify MY Weekly Chart,https://kworb.net/spotify/country/my_weekly_totals.html
Sam Feldt,Show Me Love,4,0,97,12749,41489,Spotify MY Weekly Chart,https://kworb.net/spotify/country/my_weekly_totals.html
Martin Garrix,These Are The Times,1,0,189,41404,41404,Spotify MY Weekly Chart,https://kworb.net/spotify/country/my_weekly_totals.html
Eminem,Good Guy,1,0,146,41352,41352,Spotify MY Weekly Chart,https://kworb.net/spotify/country/my_weekly_totals.html
Khalid,Vertigo,1,0,169,41320,41320,Spotify MY Weekly Chart,https://kworb.net/spotify/country/my_weekly_totals.html
Ellie Goulding,Close To Me - Red Velvet Remix,1,0,192,41310,41310,Spotify MY Weekly Chart,https://kworb.net/spotify/country/my_weekly_totals.html
Eminem,Nice Guy,1,0,147,41285,41285,Spotify MY Weekly Chart,https://kworb.net/spotify/country/my_weekly_totals.html
CAZZETTE,Together,5,0,57,17951,41280,Spotify MY Weekly Chart,https://kworb.net/spotify/country/my_weekly_totals.html
KSI,The Moment,1,0,175,41226,41226,Spotify MY Weekly Chart,https://kworb.net/spotify/country/my_weekly_totals.html
lost spaces,bad.motel,1,0,200,41161,41161,Spotify MY Weekly Chart,https://kworb.net/spotify/country/my_weekly_totals.html
benny blanco,Better To Lie,1,0,156,41069,41069,Spotify MY Weekly Chart,https://kworb.net/spotify/country/my_weekly_totals.html
SonaOne,Bomba,1,0,191,41037,41037,Spotify MY Weekly Chart,https://kworb.net/spotify/country/my_weekly_totals.html
Maroon 5,"Moves Like Jagger - Studio Recording From ""The Voice"" Performance",9,0,148,5560,41029,Spotify MY Weekly Chart,https://kworb.net/spotify/country/my_weekly_totals.html
Arijit Singh,Daayre,3,0,99,15764,40977,Spotify MY Weekly Chart,https://kworb.net/spotify/country/my_weekly_totals.html
Matthew Koma,So F**kin' Romantic,3,0,73,16903,40944,Spotify MY Weekly Chart,https://kworb.net/spotify/country/my_weekly_totals.html
Hunter Hayes,Where It All Begins,5,0,88,12897,40870,Spotify MY Weekly Chart,https://kworb.net/spotify/country/my_weekly_totals.html
Twenty One Pilots,Shy Away,1,0,198,40813,40813,Spotify MY Weekly Chart,https://kworb.net/spotify/country/my_weekly_totals.html
Anirudh Ravichander,Marana Mass,1,0,167,40806,40806,Spotify MY Weekly Chart,https://kworb.net/spotify/country/my_weekly_totals.html
David Guetta,Play Hard,14,0,31,5087,40750,Spotify MY Weekly Chart,https://kworb.net/spotify/country/my_weekly_totals.html
Fifth Harmony,Like Mariah,5,0,79,9990,40727,Spotify MY Weekly Chart,https://kworb.net/spotify/country/my_weekly_totals.html
Queen,Killer Queen - Remastered 2011,1,0,161,40717,40717,Spotify MY Weekly Chart,https://kworb.net/spotify/country/my_weekly_totals.html
Ramlah Ram,Hari Raya Hari Bahagia,1,0,152,40711,40711,Spotify MY Weekly Chart,https://kworb.net/spotify/country/my_weekly_totals.html
Camila Cabello,Something's Gotta Give,1,0,126,40616,40616,Spotify MY Weekly Chart,https://kworb.net/spotify/country/my_weekly_totals.html
Fariz Jabba,Ape Sia,1,0,143,40592,40592,Spotify MY Weekly Chart,https://kworb.net/spotify/country/my_weekly_totals.html
Whee In,water color,1,0,185,40584,40584,Spotify MY Weekly Chart,https://kworb.net/spotify/country/my_weekly_totals.html
Yonnyboii,Biar,1,0,194,40544,40544,Spotify MY Weekly Chart,https://kworb.net/spotify/country/my_weekly_totals.html
Lady Gaga,Alice,1,0,190,40471,40471,Spotify MY Weekly Chart,https://kworb.net/spotify/country/my_weekly_totals.html
Sam Fischer,This City,1,0,177,40385,40385,Spotify MY Weekly Chart,https://kworb.net/spotify/country/my_weekly_totals.html
MONSTA X,WHO DO U LOVE?,1,0,192,40352,40352,Spotify MY Weekly Chart,https://kworb.net/spotify/country/my_weekly_totals.html
Manu Pilas,Bella Ciao - Música Original de la Serie la Casa de Papel/ Money Heist,1,0,197,40306,40306,Spotify MY Weekly Chart,https://kworb.net/spotify/country/my_weekly_totals.html
The 1975,Love It If We Made It,1,0,144,40274,40274,Spotify MY Weekly Chart,https://kworb.net/spotify/country/my_weekly_totals.html
Sam Smith,Palace,1,0,135,40164,40164,Spotify MY Weekly Chart,https://kworb.net/spotify/country/my_weekly_totals.html
Ingrid Michaelson,Afterlife,4,0,70,11283,40148,Spotify MY Weekly Chart,https://kworb.net/spotify/country/my_weekly_totals.html
Imagine Dragons,Next To Me,1,0,117,40135,40135,Spotify MY Weekly Chart,https://kworb.net/spotify/country/my_weekly_totals.html
Sam Smith,Scars,1,0,136,40081,40081,Spotify MY Weekly Chart,https://kworb.net/spotify/country/my_weekly_totals.html
Rixton,We All Want The Same Thing,4,0,81,14024,40071,Spotify MY Weekly Chart,https://kworb.net/spotify/country/my_weekly_totals.html
Pitbull,Feel This Moment,13,0,20,3947,40028,Spotify MY Weekly Chart,https://kworb.net/spotify/country/my_weekly_totals.html
Yonnyboii,Cemburu,1,0,200,40011,40011,Spotify MY Weekly Chart,https://kworb.net/spotify/country/my_weekly_totals.html
Fynn Jamal,Arjuna Beta,8,0,146,5587,39972,Spotify MY Weekly Chart,https://kworb.net/spotify/country/my_weekly_totals.html
j-hope,P.O.P (Piece Of Peace) pt.1,1,0,120,39959,39959,Spotify MY Weekly Chart,https://kworb.net/spotify/country/my_weekly_totals.html
Childish Gambino,Feels Like Summer,1,0,143,39954,39954,Spotify MY Weekly Chart,https://kworb.net/spotify/country/my_weekly_totals.html
Feder,Goodbye,5,0,101,11676,39941,Spotify MY Weekly Chart,https://kworb.net/spotify/country/my_weekly_totals.html
Imagine Dragons,It's Time,13,0,15,5246,39889,Spotify MY Weekly Chart,https://kworb.net/spotify/country/my_weekly_totals.html
Pell,Eleven:11,5,0,89,10253,39879,Spotify MY Weekly Chart,https://kworb.net/spotify/country/my_weekly_totals.html
Pentatonix,Can't Sleep Love,4,0,142,11110,39782,Spotify MY Weekly Chart,https://kworb.net/spotify/country/my_weekly_totals.html
Kanye West,Violent Crimes,1,0,166,39702,39702,Spotify MY Weekly Chart,https://kworb.net/spotify/country/my_weekly_totals.html
Lil Wayne,What About Me,1,0,159,39581,39581,Spotify MY Weekly Chart,https://kworb.net/spotify/country/my_weekly_totals.html
Troy Ave,Doo Doo,4,0,72,11116,39529,Spotify MY Weekly Chart,https://kworb.net/spotify/country/my_weekly_totals.html
One Direction,No Control,13,0,125,7423,39528,Spotify MY Weekly Chart,https://kworb.net/spotify/country/my_weekly_totals.html
BTS,Lie,2,0,127,23205,39508,Spotify MY Weekly Chart,https://kworb.net/spotify/country/my_weekly_totals.html
The Sam Willows,For Love,4,0,152,10458,39459,Spotify MY Weekly Chart,https://kworb.net/spotify/country/my_weekly_totals.html
Normani,Checklist,1,0,171,39440,39440,Spotify MY Weekly Chart,https://kworb.net/spotify/country/my_weekly_totals.html
Troye Sivan,Animal,1,0,148,39416,39416,Spotify MY Weekly Chart,https://kworb.net/spotify/country/my_weekly_totals.html
LANY,Let Me Know,1,0,159,39383,39383,Spotify MY Weekly Chart,https://kworb.net/spotify/country/my_weekly_totals.html
Ty Dolla $ign,Saved,3,0,109,14988,39369,Spotify MY Weekly Chart,https://kworb.net/spotify/country/my_weekly_totals.html
Miguel,Coffee,6,0,80,11856,39146,Spotify MY Weekly Chart,https://kworb.net/spotify/country/my_weekly_totals.html
Tiffany Young,I Just Wanna Dance,2,0,106,22877,39119,Spotify MY Weekly Chart,https://kworb.net/spotify/country/my_weekly_totals.html
The Neighbourhood,Daddy Issues,1,0,197,39087,39087,Spotify MY Weekly Chart,https://kworb.net/spotify/country/my_weekly_totals.html
EXO,Damage,1,0,166,38990,38990,Spotify MY Weekly Chart,https://kworb.net/spotify/country/my_weekly_totals.html
EXO-CBX,花요일 Blooming Day,1,0,141,38843,38843,Spotify MY Weekly Chart,https://kworb.net/spotify/country/my_weekly_totals.html
Katy Perry,Witness,1,0,99,38842,38842,Spotify MY Weekly Chart,https://kworb.net/spotify/country/my_weekly_totals.html
Jeremih,Tonight Belongs To U!,10,0,76,10550,38792,Spotify MY Weekly Chart,https://kworb.net/spotify/country/my_weekly_totals.html
Eminem,Em Calls Paul - Skit,1,0,157,38762,38762,Spotify MY Weekly Chart,https://kworb.net/spotify/country/my_weekly_totals.html
BTS,DNA (Pedal 2 LA Mix),1,0,163,38752,38752,Spotify MY Weekly Chart,https://kworb.net/spotify/country/my_weekly_totals.html
Sia,Reaper,3,0,102,15561,38748,Spotify MY Weekly Chart,https://kworb.net/spotify/country/my_weekly_totals.html
EXO,Bad Dream,1,0,169,38724,38724,Spotify MY Weekly Chart,https://kworb.net/spotify/country/my_weekly_totals.html
Fetty Wap,RGF Island,3,0,101,13198,38673,Spotify MY Weekly Chart,https://kworb.net/spotify/country/my_weekly_totals.html
Shawn Mendes,Why,1,0,145,38658,38658,Spotify MY Weekly Chart,https://kworb.net/spotify/country/my_weekly_totals.html
j-hope,Hope World,1,0,128,38519,38519,Spotify MY Weekly Chart,https://kworb.net/spotify/country/my_weekly_totals.html
One Direction,Walking in the Wind,2,0,72,25618,38422,Spotify MY Weekly Chart,https://kworb.net/spotify/country/my_weekly_totals.html
The Chainsmokers,Wake Up Alone,1,0,113,38391,38391,Spotify MY Weekly Chart,https://kworb.net/spotify/country/my_weekly_totals.html
Robin Schulz,Yellow,3,0,108,13256,38156,Spotify MY Weekly Chart,https://kworb.net/spotify/country/my_weekly_totals.html
Bazzi,Myself,1,0,145,38149,38149,Spotify MY Weekly Chart,https://kworb.net/spotify/country/my_weekly_totals.html
The Weeknd,The Hills - Remix,3,0,111,13584,38141,Spotify MY Weekly Chart,https://kworb.net/spotify/country/my_weekly_totals.html
Blueface,Thotiana,1,0,188,38121,38121,Spotify MY Weekly Chart,https://kworb.net/spotify/country/my_weekly_totals.html
XXXTENTACION,Hope,1,0,143,38110,38110,Spotify MY Weekly Chart,https://kworb.net/spotify/country/my_weekly_totals.html
Yuna,Used To Love You,2,0,103,24097,38016,Spotify MY Weekly Chart,https://kworb.net/spotify/country/my_weekly_totals.html
Nicki Minaj,Chun-Li,1,0,153,37995,37995,Spotify MY Weekly Chart,https://kworb.net/spotify/country/my_weekly_totals.html
Post Malone,Same Bitches,1,0,145,37902,37902,Spotify MY Weekly Chart,https://kworb.net/spotify/country/my_weekly_totals.html
Jay Chou,天涯過客,6,0,95,8928,37851,Spotify MY Weekly Chart,https://kworb.net/spotify/country/my_weekly_totals.html
Trey Songz,"Touchin, Lovin",4,0,62,11736,37717,Spotify MY Weekly Chart,https://kworb.net/spotify/country/my_weekly_totals.html
Epik High,Lovedrunk,1,0,200,37652,37652,Spotify MY Weekly Chart,https://kworb.net/spotify/country/my_weekly_totals.html
Shawn Mendes,Because I Had You,1,0,151,37651,37651,Spotify MY Weekly Chart,https://kworb.net/spotify/country/my_weekly_totals.html
Macklemore & Ryan Lewis,White Walls,8,0,32,5313,37593,Spotify MY Weekly Chart,https://kworb.net/spotify/country/my_weekly_totals.html
TWICE,The Best Thing I Ever Did,1,0,186,37466,37466,Spotify MY Weekly Chart,https://kworb.net/spotify/country/my_weekly_totals.html
Post Malone,Takin' Shots,1,0,148,37390,37390,Spotify MY Weekly Chart,https://kworb.net/spotify/country/my_weekly_totals.html
G-DRAGON,SUPER STAR,1,0,104,37352,37352,Spotify MY Weekly Chart,https://kworb.net/spotify/country/my_weekly_totals.html
Joji,ATTENTION,1,0,188,37196,37196,Spotify MY Weekly Chart,https://kworb.net/spotify/country/my_weekly_totals.html
Jess Glynne,Thursday,1,0,189,37184,37184,Spotify MY Weekly Chart,https://kworb.net/spotify/country/my_weekly_totals.html
Coldplay,All I Can Think About Is You,1,0,115,37135,37135,Spotify MY Weekly Chart,https://kworb.net/spotify/country/my_weekly_totals.html
The 1975,Sincerity Is Scary,1,0,165,37114,37114,Spotify MY Weekly Chart,https://kworb.net/spotify/country/my_weekly_totals.html
A.R. Rahman,Hayati,1,0,181,37058,37058,Spotify MY Weekly Chart,https://kworb.net/spotify/country/my_weekly_totals.html
Justin Timberlake,SoulMate,1,0,161,36927,36927,Spotify MY Weekly Chart,https://kworb.net/spotify/country/my_weekly_totals.html
Troye Sivan,TALK ME DOWN,3,0,97,14934,36871,Spotify MY Weekly Chart,https://kworb.net/spotify/country/my_weekly_totals.html
Clean Bandit,Mama,1,0,188,36862,36862,Spotify MY Weekly Chart,https://kworb.net/spotify/country/my_weekly_totals.html
Nicki Minaj,Barbie Tingz,1,0,160,36799,36799,Spotify MY Weekly Chart,https://kworb.net/spotify/country/my_weekly_totals.html
Drake,Can’t Take A Joke,1,0,158,36656,36656,Spotify MY Weekly Chart,https://kworb.net/spotify/country/my_weekly_totals.html
Foster The People,Pumped Up Kicks,4,0,188,9596,36605,Spotify MY Weekly Chart,https://kworb.net/spotify/country/my_weekly_totals.html
J. Cole,ATM,1,0,161,36555,36555,Spotify MY Weekly Chart,https://kworb.net/spotify/country/my_weekly_totals.html
Major Lazer,Blow That Smoke,1,0,189,36551,36551,Spotify MY Weekly Chart,https://kworb.net/spotify/country/my_weekly_totals.html
Madison Beer,Hurts Like Hell,1,0,186,36529,36529,Spotify MY Weekly Chart,https://kworb.net/spotify/country/my_weekly_totals.html
Bing Crosby,Winter Wonderland,1,0,132,36350,36350,Spotify MY Weekly Chart,https://kworb.net/spotify/country/my_weekly_totals.html
Santesh,Amalina,1,0,198,36340,36340,Spotify MY Weekly Chart,https://kworb.net/spotify/country/my_weekly_totals.html
j-hope,항상 (HANGSANG),1,0,140,36333,36333,Spotify MY Weekly Chart,https://kworb.net/spotify/country/my_weekly_totals.html
Five For Fighting,Superman (It's Not Easy),3,0,187,12445,36300,Spotify MY Weekly Chart,https://kworb.net/spotify/country/my_weekly_totals.html
No Rome,Narcissist,1,0,171,36269,36269,Spotify MY Weekly Chart,https://kworb.net/spotify/country/my_weekly_totals.html
LANY,Taking Me Back,1,0,185,36213,36213,Spotify MY Weekly Chart,https://kworb.net/spotify/country/my_weekly_totals.html
Snow Patrol,Chasing Cars,1,0,198,36096,36096,Spotify MY Weekly Chart,https://kworb.net/spotify/country/my_weekly_totals.html
j-hope,Base Line,1,0,142,36084,36084,Spotify MY Weekly Chart,https://kworb.net/spotify/country/my_weekly_totals.html
The 1975,Give Yourself A Try,1,0,190,36079,36079,Spotify MY Weekly Chart,https://kworb.net/spotify/country/my_weekly_totals.html
Sam Smith,One Day At A Time,1,0,158,36063,36063,Spotify MY Weekly Chart,https://kworb.net/spotify/country/my_weekly_totals.html
Nick Jonas,Remember I Told You,1,0,117,36034,36034,Spotify MY Weekly Chart,https://kworb.net/spotify/country/my_weekly_totals.html
Travis Scott,STOP TRYING TO BE GOD,1,0,170,36017,36017,Spotify MY Weekly Chart,https://kworb.net/spotify/country/my_weekly_totals.html
Jessica,Fly,2,0,130,19250,36015,Spotify MY Weekly Chart,https://kworb.net/spotify/country/my_weekly_totals.html
TAEYANG,WAKE ME UP,1,0,120,35992,35992,Spotify MY Weekly Chart,https://kworb.net/spotify/country/my_weekly_totals.html
Eric Chou,我愛過你,2,0,185,18679,35987,Spotify MY Weekly Chart,https://kworb.net/spotify/country/my_weekly_totals.html
ZICO,SoulMate,1,0,171,35905,35905,Spotify MY Weekly Chart,https://kworb.net/spotify/country/my_weekly_totals.html
Chris Brown,Fine By Me,3,0,129,12736,35865,Spotify MY Weekly Chart,https://kworb.net/spotify/country/my_weekly_totals.html
Rich Brian,Attention,1,0,148,35858,35858,Spotify MY Weekly Chart,https://kworb.net/spotify/country/my_weekly_totals.html
Shawn Mendes,Something Big,5,0,77,10372,35845,Spotify MY Weekly Chart,https://kworb.net/spotify/country/my_weekly_totals.html
Robin Thicke,Back Together,3,0,76,15626,35812,Spotify MY Weekly Chart,https://kworb.net/spotify/country/my_weekly_totals.html
ZAYN,fOoL fOr YoU,2,0,94,21869,35783,Spotify MY Weekly Chart,https://kworb.net/spotify/country/my_weekly_totals.html
The Wombats,Greek Tragedy,4,0,74,12073,35722,Spotify MY Weekly Chart,https://kworb.net/spotify/country/my_weekly_totals.html
DVBBS,IDWK,1,0,160,35633,35633,Spotify MY Weekly Chart,https://kworb.net/spotify/country/my_weekly_totals.html
Taylor Swift,I Did Something Bad,1,0,149,35630,35630,Spotify MY Weekly Chart,https://kworb.net/spotify/country/my_weekly_totals.html
Ariana Grande,borderline,1,0,172,35599,35599,Spotify MY Weekly Chart,https://kworb.net/spotify/country/my_weekly_totals.html
Bebe Rexha,Ferrari,1,0,171,35579,35579,Spotify MY Weekly Chart,https://kworb.net/spotify/country/my_weekly_totals.html
Roo Panes,Tiger Striped Sky,10,0,156,5442,35503,Spotify MY Weekly Chart,https://kworb.net/spotify/country/my_weekly_totals.html
Halsey,Hold Me Down,4,0,74,13071,35452,Spotify MY Weekly Chart,https://kworb.net/spotify/country/my_weekly_totals.html
j-hope,Airplane,1,0,144,35410,35410,Spotify MY Weekly Chart,https://kworb.net/spotify/country/my_weekly_totals.html
Fetty Wap,My Way,4,0,128,10096,35405,Spotify MY Weekly Chart,https://kworb.net/spotify/country/my_weekly_totals.html
The Killers,Mr. Brightside,4,0,156,9306,35363,Spotify MY Weekly Chart,https://kworb.net/spotify/country/my_weekly_totals.html
Kanye West,No Mistakes,1,0,193,35355,35355,Spotify MY Weekly Chart,https://kworb.net/spotify/country/my_weekly_totals.html
Arctic Monkeys,Star Treatment,1,0,145,35345,35345,Spotify MY Weekly Chart,https://kworb.net/spotify/country/my_weekly_totals.html
Linkin Park,New Divide,1,0,142,35289,35289,Spotify MY Weekly Chart,https://kworb.net/spotify/country/my_weekly_totals.html
LANY,Valentine's Day,1,0,192,35287,35287,Spotify MY Weekly Chart,https://kworb.net/spotify/country/my_weekly_totals.html
Ariana Grande,Winter Things,2,0,72,19449,35222,Spotify MY Weekly Chart,https://kworb.net/spotify/country/my_weekly_totals.html
LAY,Sheep (Alan Walker Relift),1,0,185,35145,35145,Spotify MY Weekly Chart,https://kworb.net/spotify/country/my_weekly_totals.html
CLOVES,Don't Forget About Me,2,0,145,17577,35107,Spotify MY Weekly Chart,https://kworb.net/spotify/country/my_weekly_totals.html
Who Is Fancy,Goodbye,6,0,88,8969,35079,Spotify MY Weekly Chart,https://kworb.net/spotify/country/my_weekly_totals.html
Jacquie,Broken Ones,3,0,38,12565,35077,Spotify MY Weekly Chart,https://kworb.net/spotify/country/my_weekly_totals.html
Kygo,Nothing Left,4,0,145,9277,35011,Spotify MY Weekly Chart,https://kworb.net/spotify/country/my_weekly_totals.html
Maliibu N Helene,Figure 8,4,0,89,10759,34991,Spotify MY Weekly Chart,https://kworb.net/spotify/country/my_weekly_totals.html
KARD,You In Me,1,0,152,34981,34981,Spotify MY Weekly Chart,https://kworb.net/spotify/country/my_weekly_totals.html
NCT,TOUCH,1,0,154,34912,34912,Spotify MY Weekly Chart,https://kworb.net/spotify/country/my_weekly_totals.html
Linkin Park,From The Inside,1,0,145,34877,34877,Spotify MY Weekly Chart,https://kworb.net/spotify/country/my_weekly_totals.html
Wanna One,I PROMISE YOU (I.P.U.),1,0,137,34867,34867,Spotify MY Weekly Chart,https://kworb.net/spotify/country/my_weekly_totals.html
Theophilus London,Can't Stop,5,0,95,9029,34857,Spotify MY Weekly Chart,https://kworb.net/spotify/country/my_weekly_totals.html
Siti Nordiana,Hatiku Milikmu,1,0,192,34835,34835,Spotify MY Weekly Chart,https://kworb.net/spotify/country/my_weekly_totals.html
Eurythmics,Sweet Dreams (Are Made of This) - Remastered,2,0,132,19028,34825,Spotify MY Weekly Chart,https://kworb.net/spotify/country/my_weekly_totals.html
The Chainsmokers,Last Day Alive,1,0,122,34601,34601,Spotify MY Weekly Chart,https://kworb.net/spotify/country/my_weekly_totals.html
Kelly Clarkson,Run Run Run,3,0,50,15291,34522,Spotify MY Weekly Chart,https://kworb.net/spotify/country/my_weekly_totals.html
LEEHI,HOLD MY HAND,2,0,105,17945,34295,Spotify MY Weekly Chart,https://kworb.net/spotify/country/my_weekly_totals.html
Loote,Your Side Of The Bed,1,0,161,34244,34244,Spotify MY Weekly Chart,https://kworb.net/spotify/country/my_weekly_totals.html
Post Malone,Otherside,1,0,170,34216,34216,Spotify MY Weekly Chart,https://kworb.net/spotify/country/my_weekly_totals.html
Stray Kids,My Pace,1,0,179,34188,34188,Spotify MY Weekly Chart,https://kworb.net/spotify/country/my_weekly_totals.html
Travis Scott,R.I.P. SCREW,1,0,184,34138,34138,Spotify MY Weekly Chart,https://kworb.net/spotify/country/my_weekly_totals.html
NF,Lie,1,0,181,34131,34131,Spotify MY Weekly Chart,https://kworb.net/spotify/country/my_weekly_totals.html
Pitbull,Messin' Around,2,0,126,17786,34039,Spotify MY Weekly Chart,https://kworb.net/spotify/country/my_weekly_totals.html
Jess Glynne,All I Am,1,0,195,33975,33975,Spotify MY Weekly Chart,https://kworb.net/spotify/country/my_weekly_totals.html
Post Malone,Blame It On Me,1,0,172,33968,33968,Spotify MY Weekly Chart,https://kworb.net/spotify/country/my_weekly_totals.html
iKON,RHYTHM TA,3,0,113,12951,33963,Spotify MY Weekly Chart,https://kworb.net/spotify/country/my_weekly_totals.html
邱诗凌,勇气棒嘟嘟,1,0,177,33956,33956,Spotify MY Weekly Chart,https://kworb.net/spotify/country/my_weekly_totals.html
Charlie Puth,Some Type Of Love,3,0,106,14686,33890,Spotify MY Weekly Chart,https://kworb.net/spotify/country/my_weekly_totals.html
G-DRAGON,INTRO. 권지용 (Middle Fingers-Up),1,0,121,33656,33656,Spotify MY Weekly Chart,https://kworb.net/spotify/country/my_weekly_totals.html
Camila Cabello,Crown,1,0,168,33641,33641,Spotify MY Weekly Chart,https://kworb.net/spotify/country/my_weekly_totals.html
The Cranberries,Zombie,1,0,170,33619,33619,Spotify MY Weekly Chart,https://kworb.net/spotify/country/my_weekly_totals.html
G-DRAGON,OUTRO. 신곡(神曲) (Divina Commedia),1,0,122,33590,33590,Spotify MY Weekly Chart,https://kworb.net/spotify/country/my_weekly_totals.html
Paradise Fears,Who We Were With,4,0,78,9856,33576,Spotify MY Weekly Chart,https://kworb.net/spotify/country/my_weekly_totals.html
Kanye West,All Day,4,0,44,18857,33562,Spotify MY Weekly Chart,https://kworb.net/spotify/country/my_weekly_totals.html
CL,LIFTED,2,0,158,16804,33556,Spotify MY Weekly Chart,https://kworb.net/spotify/country/my_weekly_totals.html
EXO,LIGHTSABER,3,0,156,11470,33522,Spotify MY Weekly Chart,https://kworb.net/spotify/country/my_weekly_totals.html
EXID,DDD,1,0,167,33489,33489,Spotify MY Weekly Chart,https://kworb.net/spotify/country/my_weekly_totals.html
Camila Cabello,Inside Out,1,0,172,33409,33409,Spotify MY Weekly Chart,https://kworb.net/spotify/country/my_weekly_totals.html
Krewella,Somewhere to Run,4,0,84,9657,33404,Spotify MY Weekly Chart,https://kworb.net/spotify/country/my_weekly_totals.html
Yazid Izaham,Apa Salahku,1,0,200,33399,33399,Spotify MY Weekly Chart,https://kworb.net/spotify/country/my_weekly_totals.html
The 1975,TOOTIMETOOTIMETOOTIME,1,0,190,33377,33377,Spotify MY Weekly Chart,https://kworb.net/spotify/country/my_weekly_totals.html
Flo Rida,Once In A Lifetime,3,0,58,13811,33333,Spotify MY Weekly Chart,https://kworb.net/spotify/country/my_weekly_totals.html
WINNER,BABY BABY,3,0,118,12327,33295,Spotify MY Weekly Chart,https://kworb.net/spotify/country/my_weekly_totals.html
Jasmine Thompson,Adore,4,0,94,11054,33232,Spotify MY Weekly Chart,https://kworb.net/spotify/country/my_weekly_totals.html
Camila Cabello,In the Dark,1,0,174,33218,33218,Spotify MY Weekly Chart,https://kworb.net/spotify/country/my_weekly_totals.html
J. Cole,Motiv8,1,0,192,33131,33131,Spotify MY Weekly Chart,https://kworb.net/spotify/country/my_weekly_totals.html
Lost Kings,Stuck,1,0,191,33098,33098,Spotify MY Weekly Chart,https://kworb.net/spotify/country/my_weekly_totals.html
Jason Mraz,More Than Friends,1,0,187,33048,33048,Spotify MY Weekly Chart,https://kworb.net/spotify/country/my_weekly_totals.html
Lil Dicky,$ave Dat Money,3,0,117,12333,33027,Spotify MY Weekly Chart,https://kworb.net/spotify/country/my_weekly_totals.html
Linkin Park,Iridescent,1,0,160,32937,32937,Spotify MY Weekly Chart,https://kworb.net/spotify/country/my_weekly_totals.html
OMI,Cheerleader,6,0,173,7844,32918,Spotify MY Weekly Chart,https://kworb.net/spotify/country/my_weekly_totals.html
Siti Nordiana,Memori Berkasih,3,0,140,12728,32891,Spotify MY Weekly Chart,https://kworb.net/spotify/country/my_weekly_totals.html
Meghan Trainor,I'll Be Home,4,0,83,15349,32816,Spotify MY Weekly Chart,https://kworb.net/spotify/country/my_weekly_totals.html
Charles Perry,Stranger To Love,3,0,69,12741,32764,Spotify MY Weekly Chart,https://kworb.net/spotify/country/my_weekly_totals.html
Jessie Ware,Till The End,2,0,156,17417,32683,Spotify MY Weekly Chart,https://kworb.net/spotify/country/my_weekly_totals.html
Jorja Smith,I Am,1,0,152,32633,32633,Spotify MY Weekly Chart,https://kworb.net/spotify/country/my_weekly_totals.html
j-hope,Blue Side (Outro),1,0,167,32622,32622,Spotify MY Weekly Chart,https://kworb.net/spotify/country/my_weekly_totals.html
Jason Mraz,Let's See What The Night Can Do,1,0,192,32607,32607,Spotify MY Weekly Chart,https://kworb.net/spotify/country/my_weekly_totals.html
Shawn Mendes,Ruin,2,0,146,16492,32538,Spotify MY Weekly Chart,https://kworb.net/spotify/country/my_weekly_totals.html
Beck,Dreams,5,0,94,12133,32516,Spotify MY Weekly Chart,https://kworb.net/spotify/country/my_weekly_totals.html
Leona Lewis,Thunder,3,0,106,13166,32472,Spotify MY Weekly Chart,https://kworb.net/spotify/country/my_weekly_totals.html
88rising,Head In The Clouds,1,0,194,32461,32461,Spotify MY Weekly Chart,https://kworb.net/spotify/country/my_weekly_totals.html
Anitta,Downtown,1,0,164,32447,32447,Spotify MY Weekly Chart,https://kworb.net/spotify/country/my_weekly_totals.html
Drake,After Dark,1,0,193,32411,32411,Spotify MY Weekly Chart,https://kworb.net/spotify/country/my_weekly_totals.html
Shawn Mendes,Particular Taste,1,0,191,32303,32303,Spotify MY Weekly Chart,https://kworb.net/spotify/country/my_weekly_totals.html
TWICE,Heart Shaker,1,0,196,32240,32240,Spotify MY Weekly Chart,https://kworb.net/spotify/country/my_weekly_totals.html
Tristan Prettyman,Back to Home,4,0,83,9824,32231,Spotify MY Weekly Chart,https://kworb.net/spotify/country/my_weekly_totals.html
Drake,Jaded,1,0,195,32221,32221,Spotify MY Weekly Chart,https://kworb.net/spotify/country/my_weekly_totals.html
Olly Murs,Troublemaker,9,0,19,4324,32177,Spotify MY Weekly Chart,https://kworb.net/spotify/country/my_weekly_totals.html
Ariana Grande,Moonlight,2,0,142,17608,32170,Spotify MY Weekly Chart,https://kworb.net/spotify/country/my_weekly_totals.html
Olly Murs,Up,6,0,132,6631,32163,Spotify MY Weekly Chart,https://kworb.net/spotify/country/my_weekly_totals.html
Ellie Goulding,Lost And Found,3,0,115,13320,32038,Spotify MY Weekly Chart,https://kworb.net/spotify/country/my_weekly_totals.html
Post Malone,92 Explorer,1,0,189,31953,31953,Spotify MY Weekly Chart,https://kworb.net/spotify/country/my_weekly_totals.html
Kayee Tam,"陪著你走 - 劇集 ""不懂撒嬌的女人"" 插曲",1,0,145,31939,31939,Spotify MY Weekly Chart,https://kworb.net/spotify/country/my_weekly_totals.html
Max Jury,Numb,2,0,172,15955,31886,Spotify MY Weekly Chart,https://kworb.net/spotify/country/my_weekly_totals.html
AOA,Good Luck,2,0,153,16951,31800,Spotify MY Weekly Chart,https://kworb.net/spotify/country/my_weekly_totals.html
The Weeknd,A Lonely Night,1,0,97,31777,31777,Spotify MY Weekly Chart,https://kworb.net/spotify/country/my_weekly_totals.html
ZAYN,dRuNk,2,0,111,19184,31737,Spotify MY Weekly Chart,https://kworb.net/spotify/country/my_weekly_totals.html
XXXTENTACION,Look At Me!,1,0,191,31722,31722,Spotify MY Weekly Chart,https://kworb.net/spotify/country/my_weekly_totals.html
Imagine Dragons,Gold,4,0,90,9662,31702,Spotify MY Weekly Chart,https://kworb.net/spotify/country/my_weekly_totals.html
Joe Flizzow,Drop,1,0,185,31693,31693,Spotify MY Weekly Chart,https://kworb.net/spotify/country/my_weekly_totals.html
Shawn Mendes,Perfectly Wrong,1,0,199,31587,31587,Spotify MY Weekly Chart,https://kworb.net/spotify/country/my_weekly_totals.html
ZAYN,wRoNg,2,0,113,19034,31564,Spotify MY Weekly Chart,https://kworb.net/spotify/country/my_weekly_totals.html
DJ Khaled,To the Max,1,0,144,31349,31349,Spotify MY Weekly Chart,https://kworb.net/spotify/country/my_weekly_totals.html
Midnight Fusic,Lovesick,1,0,178,31319,31319,Spotify MY Weekly Chart,https://kworb.net/spotify/country/my_weekly_totals.html
AFROJACK,Bed Of Roses,1,0,178,31289,31289,Spotify MY Weekly Chart,https://kworb.net/spotify/country/my_weekly_totals.html
ConfidentialMX,I Started a Joke,2,0,161,16252,31284,Spotify MY Weekly Chart,https://kworb.net/spotify/country/my_weekly_totals.html
Das Sound Machine,Riff Off,5,0,97,8846,31266,Spotify MY Weekly Chart,https://kworb.net/spotify/country/my_weekly_totals.html
Dayang Nurfaizah,Tak Pernah Menyerah,3,0,125,12100,31265,Spotify MY Weekly Chart,https://kworb.net/spotify/country/my_weekly_totals.html
EXO,What U do?,1,0,169,31218,31218,Spotify MY Weekly Chart,https://kworb.net/spotify/country/my_weekly_totals.html
The Beatles,Here Comes The Sun - Remastered,3,0,151,11215,31175,Spotify MY Weekly Chart,https://kworb.net/spotify/country/my_weekly_totals.html
Lil Xan,Betrayed,1,0,179,31121,31121,Spotify MY Weekly Chart,https://kworb.net/spotify/country/my_weekly_totals.html
Niall Horan,Flicker,1,0,179,31067,31067,Spotify MY Weekly Chart,https://kworb.net/spotify/country/my_weekly_totals.html
Young Thug,Gang Up,1,0,139,31062,31062,Spotify MY Weekly Chart,https://kworb.net/spotify/country/my_weekly_totals.html
Linkin Park,Points Of Authority,1,0,172,31018,31018,Spotify MY Weekly Chart,https://kworb.net/spotify/country/my_weekly_totals.html
Jack Garratt,Surprise Yourself,2,0,176,15622,31000,Spotify MY Weekly Chart,https://kworb.net/spotify/country/my_weekly_totals.html
Camila Cabello,Into It,1,0,195,30937,30937,Spotify MY Weekly Chart,https://kworb.net/spotify/country/my_weekly_totals.html
Linkin Park,CASTLE OF GLASS,1,0,175,30800,30800,Spotify MY Weekly Chart,https://kworb.net/spotify/country/my_weekly_totals.html
Joji,Will He,1,0,190,30761,30761,Spotify MY Weekly Chart,https://kworb.net/spotify/country/my_weekly_totals.html
Jason Derulo,Painkiller,3,0,150,10955,30753,Spotify MY Weekly Chart,https://kworb.net/spotify/country/my_weekly_totals.html
Rich Brian,Introvert,1,0,183,30625,30625,Spotify MY Weekly Chart,https://kworb.net/spotify/country/my_weekly_totals.html
Taylor Swift,Getaway Car,1,0,185,30616,30616,Spotify MY Weekly Chart,https://kworb.net/spotify/country/my_weekly_totals.html
Fall Out Boy,Immortals,5,0,111,7367,30610,Spotify MY Weekly Chart,https://kworb.net/spotify/country/my_weekly_totals.html
Extreme,More Than Words,1,0,190,30529,30529,Spotify MY Weekly Chart,https://kworb.net/spotify/country/my_weekly_totals.html
Flo Rida,Dirty Mind,3,0,170,10409,30404,Spotify MY Weekly Chart,https://kworb.net/spotify/country/my_weekly_totals.html
Kendrick Lamar,FEEL.,1,0,142,30386,30386,Spotify MY Weekly Chart,https://kworb.net/spotify/country/my_weekly_totals.html
Rich Brian,Cold,1,0,184,30343,30343,Spotify MY Weekly Chart,https://kworb.net/spotify/country/my_weekly_totals.html
Arctic Monkeys,One Point Perspective,1,0,189,30324,30324,Spotify MY Weekly Chart,https://kworb.net/spotify/country/my_weekly_totals.html
Jay Chou,怎麼了,5,0,103,8566,30320,Spotify MY Weekly Chart,https://kworb.net/spotify/country/my_weekly_totals.html
Kendrick Lamar,Big Shot,1,0,172,30236,30236,Spotify MY Weekly Chart,https://kworb.net/spotify/country/my_weekly_totals.html
The Barden Bellas,Kennedy Center Performance,5,0,121,8496,30155,Spotify MY Weekly Chart,https://kworb.net/spotify/country/my_weekly_totals.html
Iggy Azalea,Beg For It,6,0,156,5939,30143,Spotify MY Weekly Chart,https://kworb.net/spotify/country/my_weekly_totals.html
Rich Brian,Dat $tick,1,0,196,30118,30118,Spotify MY Weekly Chart,https://kworb.net/spotify/country/my_weekly_totals.html
Akim And The Majistret,Lagu Untuk Laila,1,0,173,30096,30096,Spotify MY Weekly Chart,https://kworb.net/spotify/country/my_weekly_totals.html
Arctic Monkeys,Tranquility Base Hotel & Casino,1,0,196,29977,29977,Spotify MY Weekly Chart,https://kworb.net/spotify/country/my_weekly_totals.html
T.I.,Let Your Heart Go (Break My Soul),3,0,71,11111,29942,Spotify MY Weekly Chart,https://kworb.net/spotify/country/my_weekly_totals.html
KIDS SEE GHOSTS,Reborn,1,0,183,29930,29930,Spotify MY Weekly Chart,https://kworb.net/spotify/country/my_weekly_totals.html
BTS,EPILOGUE: Young Forever,2,0,160,15668,29756,Spotify MY Weekly Chart,https://kworb.net/spotify/country/my_weekly_totals.html
Grimes,Medieval Warfare,2,0,178,15198,29668,Spotify MY Weekly Chart,https://kworb.net/spotify/country/my_weekly_totals.html
Rich Brian,Amen,1,0,192,29660,29660,Spotify MY Weekly Chart,https://kworb.net/spotify/country/my_weekly_totals.html
Imagine Dragons,Thunder / Young Dumb & Broke,1,0,186,29646,29646,Spotify MY Weekly Chart,https://kworb.net/spotify/country/my_weekly_totals.html
Echosmith,Future Me,1,0,161,29563,29563,Spotify MY Weekly Chart,https://kworb.net/spotify/country/my_weekly_totals.html
Jess Glynne,Ain't Got Far To Go,3,0,117,10611,29552,Spotify MY Weekly Chart,https://kworb.net/spotify/country/my_weekly_totals.html
Fifth Harmony,He Like That,1,0,159,29455,29455,Spotify MY Weekly Chart,https://kworb.net/spotify/country/my_weekly_totals.html
N.E.R.D,Lemon,1,0,200,29430,29430,Spotify MY Weekly Chart,https://kworb.net/spotify/country/my_weekly_totals.html
Britney Spears,Pretty Girls,6,0,107,6924,29407,Spotify MY Weekly Chart,https://kworb.net/spotify/country/my_weekly_totals.html
Kelly Clarkson,Love So Soft,1,0,164,29373,29373,Spotify MY Weekly Chart,https://kworb.net/spotify/country/my_weekly_totals.html
The Script,Rock the World,1,0,141,29320,29320,Spotify MY Weekly Chart,https://kworb.net/spotify/country/my_weekly_totals.html
Travis Scott,Watch,1,0,190,29296,29296,Spotify MY Weekly Chart,https://kworb.net/spotify/country/my_weekly_totals.html
Kendrick Lamar,YAH.,1,0,149,29257,29257,Spotify MY Weekly Chart,https://kworb.net/spotify/country/my_weekly_totals.html
Robin Schulz,I Believe I'm Fine,1,0,166,29217,29217,Spotify MY Weekly Chart,https://kworb.net/spotify/country/my_weekly_totals.html
The Weeknd,Stargirl Interlude,1,0,111,29154,29154,Spotify MY Weekly Chart,https://kworb.net/spotify/country/my_weekly_totals.html
Sigrid,Plot Twist,1,0,151,29073,29073,Spotify MY Weekly Chart,https://kworb.net/spotify/country/my_weekly_totals.html
Lights,Up We Go,3,0,44,13134,29049,Spotify MY Weekly Chart,https://kworb.net/spotify/country/my_weekly_totals.html
Hozier,Cherry Wine - Live,13,0,129,5279,29028,Spotify MY Weekly Chart,https://kworb.net/spotify/country/my_weekly_totals.html
One Direction,You & I,12,0,34,4622,28955,Spotify MY Weekly Chart,https://kworb.net/spotify/country/my_weekly_totals.html
Anne-Marie,Heavy,1,0,193,28878,28878,Spotify MY Weekly Chart,https://kworb.net/spotify/country/my_weekly_totals.html
Elizabeth Tan,TABAH,2,0,192,14337,28638,Spotify MY Weekly Chart,https://kworb.net/spotify/country/my_weekly_totals.html
Petit Biscuit,Waterfall,1,0,195,28624,28624,Spotify MY Weekly Chart,https://kworb.net/spotify/country/my_weekly_totals.html
Led Zeppelin,Immigrant Song - Remaster,1,0,196,28567,28567,Spotify MY Weekly Chart,https://kworb.net/spotify/country/my_weekly_totals.html
mike.,Closer,4,0,101,7697,28480,Spotify MY Weekly Chart,https://kworb.net/spotify/country/my_weekly_totals.html
Eminem,Berzerk,11,0,34,3084,28474,Spotify MY Weekly Chart,https://kworb.net/spotify/country/my_weekly_totals.html
SOB X RBE,Paramedic!,1,0,188,28415,28415,Spotify MY Weekly Chart,https://kworb.net/spotify/country/my_weekly_totals.html
Ray J,Brown Sugar,4,0,116,9124,28399,Spotify MY Weekly Chart,https://kworb.net/spotify/country/my_weekly_totals.html
Jake Owen,Real Life,5,0,98,10900,28394,Spotify MY Weekly Chart,https://kworb.net/spotify/country/my_weekly_totals.html
Linkin Park,Given Up,1,0,197,28362,28362,Spotify MY Weekly Chart,https://kworb.net/spotify/country/my_weekly_totals.html
The Script,If You Could See Me Now,11,0,29,3043,28304,Spotify MY Weekly Chart,https://kworb.net/spotify/country/my_weekly_totals.html
TAEYANG,DARLING,1,0,175,28234,28234,Spotify MY Weekly Chart,https://kworb.net/spotify/country/my_weekly_totals.html
Jasmine V,That’s Me Right There,4,0,103,7736,28231,Spotify MY Weekly Chart,https://kworb.net/spotify/country/my_weekly_totals.html
Kendrick Lamar,XXX. FEAT. U2.,1,0,161,28181,28181,Spotify MY Weekly Chart,https://kworb.net/spotify/country/my_weekly_totals.html
TAEYANG,WHITE NIGHT,1,0,177,28110,28110,Spotify MY Weekly Chart,https://kworb.net/spotify/country/my_weekly_totals.html
New Politics,Everywhere I Go (Kings and Queens),3,0,67,11412,28010,Spotify MY Weekly Chart,https://kworb.net/spotify/country/my_weekly_totals.html
Kendrick Lamar,PRIDE.,1,0,163,27861,27861,Spotify MY Weekly Chart,https://kworb.net/spotify/country/my_weekly_totals.html
Chris Brown,Fine China,10,0,30,3657,27803,Spotify MY Weekly Chart,https://kworb.net/spotify/country/my_weekly_totals.html
Wanna One,Energetic,1,0,173,27782,27782,Spotify MY Weekly Chart,https://kworb.net/spotify/country/my_weekly_totals.html
Demeises,Biar Saja,5,0,151,7618,27713,Spotify MY Weekly Chart,https://kworb.net/spotify/country/my_weekly_totals.html
Luke Bryan,Kick The Dust Up,3,0,113,11835,27685,Spotify MY Weekly Chart,https://kworb.net/spotify/country/my_weekly_totals.html
Marian Hill,Got It,4,0,101,8550,27676,Spotify MY Weekly Chart,https://kworb.net/spotify/country/my_weekly_totals.html
OneRepublic,If I Lose Myself,10,0,26,3547,27602,Spotify MY Weekly Chart,https://kworb.net/spotify/country/my_weekly_totals.html
iKON,BLING BLING,1,0,172,27539,27539,Spotify MY Weekly Chart,https://kworb.net/spotify/country/my_weekly_totals.html
Whethan,High (& Dua Lipa),1,0,196,27527,27527,Spotify MY Weekly Chart,https://kworb.net/spotify/country/my_weekly_totals.html
Black,Mana Mungkin,4,0,137,10979,27415,Spotify MY Weekly Chart,https://kworb.net/spotify/country/my_weekly_totals.html
NYK,FWB,1,0,181,27166,27166,Spotify MY Weekly Chart,https://kworb.net/spotify/country/my_weekly_totals.html
Bebe Rexha,Sweet Beginnings,3,0,160,9191,27076,Spotify MY Weekly Chart,https://kworb.net/spotify/country/my_weekly_totals.html
Camila Cabello,I Have Questions,1,0,177,27031,27031,Spotify MY Weekly Chart,https://kworb.net/spotify/country/my_weekly_totals.html
Kendrick Lamar,i,5,0,137,5584,26857,Spotify MY Weekly Chart,https://kworb.net/spotify/country/my_weekly_totals.html
MisterWives,Hurricane,3,0,64,11348,26841,Spotify MY Weekly Chart,https://kworb.net/spotify/country/my_weekly_totals.html
Mark Ronson,Uptown Funk - Trinidad James Remix,2,0,37,21054,26820,Spotify MY Weekly Chart,https://kworb.net/spotify/country/my_weekly_totals.html
Sam Smith,Not In That Way,5,0,115,7365,26728,Spotify MY Weekly Chart,https://kworb.net/spotify/country/my_weekly_totals.html
BTS,Come Back Home,1,0,182,26688,26688,Spotify MY Weekly Chart,https://kworb.net/spotify/country/my_weekly_totals.html
Daft Punk,Instant Crush,10,0,29,3445,26606,Spotify MY Weekly Chart,https://kworb.net/spotify/country/my_weekly_totals.html
MAGIC!,Rude - Zedd Remix,3,0,88,11035,26422,Spotify MY Weekly Chart,https://kworb.net/spotify/country/my_weekly_totals.html
Yiruma,River Flows In You - Original,6,0,174,4527,26354,Spotify MY Weekly Chart,https://kworb.net/spotify/country/my_weekly_totals.html
Drake,Now & Forever,2,0,43,17366,26289,Spotify MY Weekly Chart,https://kworb.net/spotify/country/my_weekly_totals.html
Imagine Dragons,Shots,3,0,70,11356,26205,Spotify MY Weekly Chart,https://kworb.net/spotify/country/my_weekly_totals.html
NCT U,"일곱 번째 감각 The 7th Sense (Sung by TAEYONG, MARK, JAEHYUN, DOYOUNG, TEN)",2,0,179,13901,26184,Spotify MY Weekly Chart,https://kworb.net/spotify/country/my_weekly_totals.html
Kendrick Lamar,LUST.,1,0,184,26033,26033,Spotify MY Weekly Chart,https://kworb.net/spotify/country/my_weekly_totals.html
NCT 127,無限的我 무한적아; LIMITLESS,1,0,151,26019,26019,Spotify MY Weekly Chart,https://kworb.net/spotify/country/my_weekly_totals.html
G.E.M.,再見,2,0,112,13312,25946,Spotify MY Weekly Chart,https://kworb.net/spotify/country/my_weekly_totals.html
WINNER,LOVE ME LOVE ME,1,0,200,25855,25855,Spotify MY Weekly Chart,https://kworb.net/spotify/country/my_weekly_totals.html
Kanye West,Pt. 2,2,0,175,13143,25845,Spotify MY Weekly Chart,https://kworb.net/spotify/country/my_weekly_totals.html
Florida Georgia Line,Cruise,10,0,33,3066,25671,Spotify MY Weekly Chart,https://kworb.net/spotify/country/my_weekly_totals.html
Harry Styles,Ever Since New York,1,0,185,25585,25585,Spotify MY Weekly Chart,https://kworb.net/spotify/country/my_weekly_totals.html
Moon Taxi,Two High,1,0,189,25520,25520,Spotify MY Weekly Chart,https://kworb.net/spotify/country/my_weekly_totals.html
Kesha,Crazy Kids,10,0,28,2918,25330,Spotify MY Weekly Chart,https://kworb.net/spotify/country/my_weekly_totals.html
The Mowgli's,I'm Good,3,0,63,12777,25287,Spotify MY Weekly Chart,https://kworb.net/spotify/country/my_weekly_totals.html
Adele,Remedy,1,0,114,25182,25182,Spotify MY Weekly Chart,https://kworb.net/spotify/country/my_weekly_totals.html
Astrid S,Such A Boy,1,0,189,25171,25171,Spotify MY Weekly Chart,https://kworb.net/spotify/country/my_weekly_totals.html
Harry Styles,Two Ghosts,1,0,186,25149,25149,Spotify MY Weekly Chart,https://kworb.net/spotify/country/my_weekly_totals.html
Hayden James,Something About You,3,0,80,10713,25093,Spotify MY Weekly Chart,https://kworb.net/spotify/country/my_weekly_totals.html
Arijit Singh,Theme of Dilwale - DJ Chetas Mix,2,0,114,13793,25055,Spotify MY Weekly Chart,https://kworb.net/spotify/country/my_weekly_totals.html
TAEYEON,U R,2,0,95,15036,25041,Spotify MY Weekly Chart,https://kworb.net/spotify/country/my_weekly_totals.html
Kendrick Lamar,BLOOD.,1,0,195,25035,25035,Spotify MY Weekly Chart,https://kworb.net/spotify/country/my_weekly_totals.html
Man Bai,Kau Ilhamku,3,0,175,9007,25014,Spotify MY Weekly Chart,https://kworb.net/spotify/country/my_weekly_totals.html
MisterWives,Reflections,3,0,88,9315,25013,Spotify MY Weekly Chart,https://kworb.net/spotify/country/my_weekly_totals.html
David Guetta,Light My Body Up,1,0,189,24928,24928,Spotify MY Weekly Chart,https://kworb.net/spotify/country/my_weekly_totals.html
Cita Citata,Sakitnya Tuh Disini,5,0,173,5616,24925,Spotify MY Weekly Chart,https://kworb.net/spotify/country/my_weekly_totals.html
Coldplay,A L I E N S,1,0,194,24660,24660,Spotify MY Weekly Chart,https://kworb.net/spotify/country/my_weekly_totals.html
Lady Gaga,A-YO,1,0,119,24555,24555,Spotify MY Weekly Chart,https://kworb.net/spotify/country/my_weekly_totals.html
The 1975,Medicine,3,0,77,10130,24443,Spotify MY Weekly Chart,https://kworb.net/spotify/country/my_weekly_totals.html
Laudya Cynthia Bella,Surga Yang Kurindukan,1,0,197,24406,24406,Spotify MY Weekly Chart,https://kworb.net/spotify/country/my_weekly_totals.html
Aanysa,Burn Break Crash,1,0,137,24259,24259,Spotify MY Weekly Chart,https://kworb.net/spotify/country/my_weekly_totals.html
P!nk,True Love,11,0,40,2425,24230,Spotify MY Weekly Chart,https://kworb.net/spotify/country/my_weekly_totals.html
PSY,I LUV IT,1,0,195,24222,24222,Spotify MY Weekly Chart,https://kworb.net/spotify/country/my_weekly_totals.html
Jay Chou,美人魚,4,0,112,8066,24184,Spotify MY Weekly Chart,https://kworb.net/spotify/country/my_weekly_totals.html
Emma Watson,Belle,1,0,195,24093,24093,Spotify MY Weekly Chart,https://kworb.net/spotify/country/my_weekly_totals.html
Galantis,Gold Dust,3,0,77,11971,24061,Spotify MY Weekly Chart,https://kworb.net/spotify/country/my_weekly_totals.html
John Mayer,Moving On and Getting Over,1,0,174,23911,23911,Spotify MY Weekly Chart,https://kworb.net/spotify/country/my_weekly_totals.html
JP Cooper,Passport Home,1,0,196,23866,23866,Spotify MY Weekly Chart,https://kworb.net/spotify/country/my_weekly_totals.html
DMX,X Gon' Give It To Ya,2,0,138,12078,23743,Spotify MY Weekly Chart,https://kworb.net/spotify/country/my_weekly_totals.html
Birdy,Let It All Go,3,0,168,8474,23730,Spotify MY Weekly Chart,https://kworb.net/spotify/country/my_weekly_totals.html
The Weeknd,All I Know,1,0,145,23671,23671,Spotify MY Weekly Chart,https://kworb.net/spotify/country/my_weekly_totals.html
MKTO,Bad Girls,2,0,92,11980,23657,Spotify MY Weekly Chart,https://kworb.net/spotify/country/my_weekly_totals.html
Paramore,Told You So,1,0,198,23643,23643,Spotify MY Weekly Chart,https://kworb.net/spotify/country/my_weekly_totals.html
The 1975,Somebody Else,2,0,144,12473,23545,Spotify MY Weekly Chart,https://kworb.net/spotify/country/my_weekly_totals.html
Coldplay,A Head Full of Dreams,2,0,124,13094,23519,Spotify MY Weekly Chart,https://kworb.net/spotify/country/my_weekly_totals.html
Little Mix,No More Sad Songs,1,0,200,23438,23438,Spotify MY Weekly Chart,https://kworb.net/spotify/country/my_weekly_totals.html
Calvin Harris,Skrt On Me,1,0,184,23426,23426,Spotify MY Weekly Chart,https://kworb.net/spotify/country/my_weekly_totals.html
Drake,Energy,4,0,124,6523,23417,Spotify MY Weekly Chart,https://kworb.net/spotify/country/my_weekly_totals.html
Unknown Artist,Segala Perasaan,1,0,200,23171,23171,Spotify MY Weekly Chart,https://kworb.net/spotify/country/my_weekly_totals.html
Nicky Romero,Lighthouse,3,0,80,12176,23146,Spotify MY Weekly Chart,https://kworb.net/spotify/country/my_weekly_totals.html
I.O.I,Very Very Very,1,0,128,23112,23112,Spotify MY Weekly Chart,https://kworb.net/spotify/country/my_weekly_totals.html
Das Sound Machine,World Championship Finale 1,5,0,106,8108,23111,Spotify MY Weekly Chart,https://kworb.net/spotify/country/my_weekly_totals.html
Elliphant,Purple Light,4,0,112,6925,23014,Spotify MY Weekly Chart,https://kworb.net/spotify/country/my_weekly_totals.html
Coldplay,Christmas Lights,2,0,100,15950,22781,Spotify MY Weekly Chart,https://kworb.net/spotify/country/my_weekly_totals.html
One Direction,Kiss You,9,0,28,2995,22780,Spotify MY Weekly Chart,https://kworb.net/spotify/country/my_weekly_totals.html
The Weeknd,Attention,1,0,153,22720,22720,Spotify MY Weekly Chart,https://kworb.net/spotify/country/my_weekly_totals.html
5 Seconds of Summer,Fly Away,2,0,86,13654,22699,Spotify MY Weekly Chart,https://kworb.net/spotify/country/my_weekly_totals.html
Timeflies,Worse Things Than Love,3,0,113,10753,22649,Spotify MY Weekly Chart,https://kworb.net/spotify/country/my_weekly_totals.html
The Weeknd,Nothing Without You,1,0,158,22443,22443,Spotify MY Weekly Chart,https://kworb.net/spotify/country/my_weekly_totals.html
Travis Scott,Antidote,2,0,143,11910,22314,Spotify MY Weekly Chart,https://kworb.net/spotify/country/my_weekly_totals.html
Drake,Sneakin’,1,0,141,22226,22226,Spotify MY Weekly Chart,https://kworb.net/spotify/country/my_weekly_totals.html
BTS,Butterfly,2,0,130,12671,22195,Spotify MY Weekly Chart,https://kworb.net/spotify/country/my_weekly_totals.html
NERVO,It Feels,3,0,67,10539,22082,Spotify MY Weekly Chart,https://kworb.net/spotify/country/my_weekly_totals.html
Bebe Rexha,I Don't Wanna Grow Up,3,0,113,8489,22075,Spotify MY Weekly Chart,https://kworb.net/spotify/country/my_weekly_totals.html
Jay Chou,鞋子特大號,4,0,134,6569,21732,Spotify MY Weekly Chart,https://kworb.net/spotify/country/my_weekly_totals.html
EXID,Hot Pink,2,0,159,11312,21654,Spotify MY Weekly Chart,https://kworb.net/spotify/country/my_weekly_totals.html
LÉON,Tired of Talking,2,0,149,11660,21575,Spotify MY Weekly Chart,https://kworb.net/spotify/country/my_weekly_totals.html
One Direction,Home,2,0,128,12240,21566,Spotify MY Weekly Chart,https://kworb.net/spotify/country/my_weekly_totals.html
Jay Chou,床邊故事,1,0,137,21561,21561,Spotify MY Weekly Chart,https://kworb.net/spotify/country/my_weekly_totals.html
The Weeknd,Real Life,2,0,97,12031,21522,Spotify MY Weekly Chart,https://kworb.net/spotify/country/my_weekly_totals.html
V,It's Definitely You,1,0,189,21399,21399,Spotify MY Weekly Chart,https://kworb.net/spotify/country/my_weekly_totals.html
Emma Stone,Someone In The Crowd,1,0,191,21364,21364,Spotify MY Weekly Chart,https://kworb.net/spotify/country/my_weekly_totals.html
Zara Larsson,So Good,1,0,162,21337,21337,Spotify MY Weekly Chart,https://kworb.net/spotify/country/my_weekly_totals.html
Macklemore & Ryan Lewis,Same Love ft. Mary Lambert,9,0,35,2690,21330,Spotify MY Weekly Chart,https://kworb.net/spotify/country/my_weekly_totals.html
Jesse McCartney,Superbad,3,0,98,8381,21311,Spotify MY Weekly Chart,https://kworb.net/spotify/country/my_weekly_totals.html
DJ Khaled,Don't Quit,1,0,190,21289,21289,Spotify MY Weekly Chart,https://kworb.net/spotify/country/my_weekly_totals.html
Sia,Salted Wound,4,0,157,5868,21269,Spotify MY Weekly Chart,https://kworb.net/spotify/country/my_weekly_totals.html
Olivia Somerlyn,Parachute,3,0,114,7840,21240,Spotify MY Weekly Chart,https://kworb.net/spotify/country/my_weekly_totals.html
Shakira,Dare (La La La),2,0,40,11000,21134,Spotify MY Weekly Chart,https://kworb.net/spotify/country/my_weekly_totals.html
Ryan Gosling,A Lovely Night,1,0,194,21123,21123,Spotify MY Weekly Chart,https://kworb.net/spotify/country/my_weekly_totals.html
Måns Zelmerlöw,Heroes,5,0,153,8564,21108,Spotify MY Weekly Chart,https://kworb.net/spotify/country/my_weekly_totals.html
William Singe,Hotline Bling,2,0,153,10592,21077,Spotify MY Weekly Chart,https://kworb.net/spotify/country/my_weekly_totals.html
J. Cole,Deja Vu,1,0,168,20885,20885,Spotify MY Weekly Chart,https://kworb.net/spotify/country/my_weekly_totals.html
Jay Chou,Now You See Me,1,0,143,20877,20877,Spotify MY Weekly Chart,https://kworb.net/spotify/country/my_weekly_totals.html
Halsey,Not Afraid Anymore,1,0,200,20836,20836,Spotify MY Weekly Chart,https://kworb.net/spotify/country/my_weekly_totals.html
The Weeknd,Love To Lay,1,0,175,20819,20819,Spotify MY Weekly Chart,https://kworb.net/spotify/country/my_weekly_totals.html
BTS,Awake,1,0,149,20665,20665,Spotify MY Weekly Chart,https://kworb.net/spotify/country/my_weekly_totals.html
Zac Brown Band,Homegrown,3,0,103,7796,20577,Spotify MY Weekly Chart,https://kworb.net/spotify/country/my_weekly_totals.html
Sheila Majid,Hari Mulia,3,0,162,16118,20548,Spotify MY Weekly Chart,https://kworb.net/spotify/country/my_weekly_totals.html
Cam,Burning House,4,0,134,7286,20545,Spotify MY Weekly Chart,https://kworb.net/spotify/country/my_weekly_totals.html
Daft Punk,Give Life Back to Music,7,0,30,3733,20531,Spotify MY Weekly Chart,https://kworb.net/spotify/country/my_weekly_totals.html
Jay Chou,前世情人,1,0,144,20521,20521,Spotify MY Weekly Chart,https://kworb.net/spotify/country/my_weekly_totals.html
POWERS,Loved by You,3,0,127,8824,20515,Spotify MY Weekly Chart,https://kworb.net/spotify/country/my_weekly_totals.html
Girls' Generation,You Think,2,0,112,11342,20378,Spotify MY Weekly Chart,https://kworb.net/spotify/country/my_weekly_totals.html
Katahati,Wahai Kekasih,1,0,155,20329,20329,Spotify MY Weekly Chart,https://kworb.net/spotify/country/my_weekly_totals.html
The Sam Willows,Take Heart,2,0,154,10560,20301,Spotify MY Weekly Chart,https://kworb.net/spotify/country/my_weekly_totals.html
Nicki Minaj,Truffle Butter,4,0,74,10680,20231,Spotify MY Weekly Chart,https://kworb.net/spotify/country/my_weekly_totals.html
OneRepublic,Kids,1,0,134,20229,20229,Spotify MY Weekly Chart,https://kworb.net/spotify/country/my_weekly_totals.html
BTS,Begin,1,0,154,20135,20135,Spotify MY Weekly Chart,https://kworb.net/spotify/country/my_weekly_totals.html
Hafiz Hamidun,Jodoh Berdua,2,1,5,13927,19965,Spotify MY Weekly Chart,https://kworb.net/spotify/country/my_weekly_totals.html
Red Velvet,Dumb Dumb,2,0,125,10583,19949,Spotify MY Weekly Chart,https://kworb.net/spotify/country/my_weekly_totals.html
Taylor Swift,Red,3,0,48,9679,19911,Spotify MY Weekly Chart,https://kworb.net/spotify/country/my_weekly_totals.html
One Direction,Stockholm Syndrome,3,0,104,7982,19819,Spotify MY Weekly Chart,https://kworb.net/spotify/country/my_weekly_totals.html
iSHi,Push It,3,0,84,7657,19670,Spotify MY Weekly Chart,https://kworb.net/spotify/country/my_weekly_totals.html
BLACKPINK,WHISTLE (Acoustic Ver.),1,0,167,19650,19650,Spotify MY Weekly Chart,https://kworb.net/spotify/country/my_weekly_totals.html
BTS,Stigma,1,0,164,19414,19414,Spotify MY Weekly Chart,https://kworb.net/spotify/country/my_weekly_totals.html
Lorde,Tennis Court,6,0,47,4439,19289,Spotify MY Weekly Chart,https://kworb.net/spotify/country/my_weekly_totals.html
Martin Garrix,Forbidden Voices,2,0,82,10788,19273,Spotify MY Weekly Chart,https://kworb.net/spotify/country/my_weekly_totals.html
Jay Chou,說走就走,1,0,155,19223,19223,Spotify MY Weekly Chart,https://kworb.net/spotify/country/my_weekly_totals.html
Gallant,Cave Me In,1,0,187,19185,19185,Spotify MY Weekly Chart,https://kworb.net/spotify/country/my_weekly_totals.html
The Weeknd,Ordinary Life,1,0,195,19120,19120,Spotify MY Weekly Chart,https://kworb.net/spotify/country/my_weekly_totals.html
Sixpence None The Richer,There She Goes,2,0,149,9950,19112,Spotify MY Weekly Chart,https://kworb.net/spotify/country/my_weekly_totals.html
Naughty Boy,Home,3,0,113,7104,19080,Spotify MY Weekly Chart,https://kworb.net/spotify/country/my_weekly_totals.html
Maggie Rogers,Alaska,1,0,156,19058,19058,Spotify MY Weekly Chart,https://kworb.net/spotify/country/my_weekly_totals.html
iKON,DUMB & DUMBER,2,0,197,9672,18999,Spotify MY Weekly Chart,https://kworb.net/spotify/country/my_weekly_totals.html
J Balvin,Ginza,2,0,189,9568,18949,Spotify MY Weekly Chart,https://kworb.net/spotify/country/my_weekly_totals.html
Mike Perry,Inside the Lines,1,0,184,18873,18873,Spotify MY Weekly Chart,https://kworb.net/spotify/country/my_weekly_totals.html
MINO,BODY,1,0,151,18845,18845,Spotify MY Weekly Chart,https://kworb.net/spotify/country/my_weekly_totals.html
Kungs,This Girl (Kungs Vs. Cookin' On 3 Burners) - Kungs Vs. Cookin' On 3 Burners,1,0,186,18844,18844,Spotify MY Weekly Chart,https://kworb.net/spotify/country/my_weekly_totals.html
Axwell /\ Ingrosso,Something New,2,0,74,10992,18808,Spotify MY Weekly Chart,https://kworb.net/spotify/country/my_weekly_totals.html
Taolo,Wildest Dreams,2,0,185,9471,18750,Spotify MY Weekly Chart,https://kworb.net/spotify/country/my_weekly_totals.html
Bruno Mars,Chunky,1,0,191,18514,18514,Spotify MY Weekly Chart,https://kworb.net/spotify/country/my_weekly_totals.html
Michael Bublé,Cold December Night,2,0,137,12826,18478,Spotify MY Weekly Chart,https://kworb.net/spotify/country/my_weekly_totals.html
Julie Bergan,Arigato,1,0,159,18461,18461,Spotify MY Weekly Chart,https://kworb.net/spotify/country/my_weekly_totals.html
TAEYEON,11:11 - Instrumental,1,0,181,18448,18448,Spotify MY Weekly Chart,https://kworb.net/spotify/country/my_weekly_totals.html
Bahari,Wild Ones,10,0,131,3538,18432,Spotify MY Weekly Chart,https://kworb.net/spotify/country/my_weekly_totals.html
One Direction,Ready to Run,3,0,103,8031,18401,Spotify MY Weekly Chart,https://kworb.net/spotify/country/my_weekly_totals.html
Lil Wayne,Nothing but Trouble - Instagram Models,3,0,153,8793,18319,Spotify MY Weekly Chart,https://kworb.net/spotify/country/my_weekly_totals.html
A-Lin,忘記擁抱 - 電影 「234說愛你」 主題曲,2,0,188,9164,18247,Spotify MY Weekly Chart,https://kworb.net/spotify/country/my_weekly_totals.html
BTS,Lost,1,0,175,18242,18242,Spotify MY Weekly Chart,https://kworb.net/spotify/country/my_weekly_totals.html
Denis Chairis,Takut Kehilanganmu,2,0,192,9199,18059,Spotify MY Weekly Chart,https://kworb.net/spotify/country/my_weekly_totals.html
Shaun Reynolds,Stay,7,0,30,2966,18051,Spotify MY Weekly Chart,https://kworb.net/spotify/country/my_weekly_totals.html
Echosmith,Bright - Lost Kings Remix,2,0,124,10064,17966,Spotify MY Weekly Chart,https://kworb.net/spotify/country/my_weekly_totals.html
Girls' Generation,Sailing (0805),1,0,143,17828,17828,Spotify MY Weekly Chart,https://kworb.net/spotify/country/my_weekly_totals.html
The Treblemakers,Lollipop,4,0,133,5636,17742,Spotify MY Weekly Chart,https://kworb.net/spotify/country/my_weekly_totals.html
The Barden Bellas,Cups (“When I’m Gone”) - Campfire Version,4,0,145,6007,17676,Spotify MY Weekly Chart,https://kworb.net/spotify/country/my_weekly_totals.html
Mytha Lestari,Aku Cuma Punya Hati,1,0,191,17656,17656,Spotify MY Weekly Chart,https://kworb.net/spotify/country/my_weekly_totals.html
Yuna,Mannequin,1,0,141,17644,17644,Spotify MY Weekly Chart,https://kworb.net/spotify/country/my_weekly_totals.html
INFINITE,The Eye,1,0,173,17591,17591,Spotify MY Weekly Chart,https://kworb.net/spotify/country/my_weekly_totals.html
Mayday,好好 (想把你寫成一首歌),1,0,189,17533,17533,Spotify MY Weekly Chart,https://kworb.net/spotify/country/my_weekly_totals.html
Christopher,Tulips,2,0,170,9181,17484,Spotify MY Weekly Chart,https://kworb.net/spotify/country/my_weekly_totals.html
Howie Day,Collide - Acoustic Version,4,0,196,14111,17483,Spotify MY Weekly Chart,https://kworb.net/spotify/country/my_weekly_totals.html
De Fam,#SUPERGIRLS,2,0,175,9199,17446,Spotify MY Weekly Chart,https://kworb.net/spotify/country/my_weekly_totals.html
Das Sound Machine,Car Show,4,0,105,8120,17348,Spotify MY Weekly Chart,https://kworb.net/spotify/country/my_weekly_totals.html
DNCE,Body Moves,1,0,170,17320,17320,Spotify MY Weekly Chart,https://kworb.net/spotify/country/my_weekly_totals.html
Maroon 5,Sugar - Remix,9,0,101,6197,17291,Spotify MY Weekly Chart,https://kworb.net/spotify/country/my_weekly_totals.html
Shawn Mendes,Lights On,1,0,181,17192,17192,Spotify MY Weekly Chart,https://kworb.net/spotify/country/my_weekly_totals.html
Gwen Stefani,Make Me Like You,1,0,90,17101,17101,Spotify MY Weekly Chart,https://kworb.net/spotify/country/my_weekly_totals.html
Joker Xue,丑八怪,1,0,195,16933,16933,Spotify MY Weekly Chart,https://kworb.net/spotify/country/my_weekly_totals.html
Mike Posner,Be As You Are,3,0,122,8143,16931,Spotify MY Weekly Chart,https://kworb.net/spotify/country/my_weekly_totals.html
Uji Rashid,Doa Di Hari Mulia,2,0,177,14037,16911,Spotify MY Weekly Chart,https://kworb.net/spotify/country/my_weekly_totals.html
Ariana Grande,Just A Little Bit Of Your Heart,4,0,176,4568,16842,Spotify MY Weekly Chart,https://kworb.net/spotify/country/my_weekly_totals.html
BTS,Intro : Boy Meets Evil,1,0,200,16823,16823,Spotify MY Weekly Chart,https://kworb.net/spotify/country/my_weekly_totals.html
Carly Rae Jepsen,Last Christmas,1,0,90,16759,16759,Spotify MY Weekly Chart,https://kworb.net/spotify/country/my_weekly_totals.html
One Direction,Fireproof,3,0,117,6868,16717,Spotify MY Weekly Chart,https://kworb.net/spotify/country/my_weekly_totals.html
Selena Gomez,Slow Down,7,0,40,2667,16703,Spotify MY Weekly Chart,https://kworb.net/spotify/country/my_weekly_totals.html
Bobby Shmurda,Hot N*gga,4,0,185,4288,16676,Spotify MY Weekly Chart,https://kworb.net/spotify/country/my_weekly_totals.html
Michael Bublé,Nobody But Me,1,0,160,16651,16651,Spotify MY Weekly Chart,https://kworb.net/spotify/country/my_weekly_totals.html
Yuna,Too Close,1,0,160,16597,16597,Spotify MY Weekly Chart,https://kworb.net/spotify/country/my_weekly_totals.html
BOBBY,HOLUP!,1,0,167,16593,16593,Spotify MY Weekly Chart,https://kworb.net/spotify/country/my_weekly_totals.html
Lil Dicky,Molly,2,0,151,9179,16568,Spotify MY Weekly Chart,https://kworb.net/spotify/country/my_weekly_totals.html
Handsome Ghost,Steps,2,0,71,10854,16406,Spotify MY Weekly Chart,https://kworb.net/spotify/country/my_weekly_totals.html
MAGIC!,Rude (Acoustic),4,0,196,4156,16132,Spotify MY Weekly Chart,https://kworb.net/spotify/country/my_weekly_totals.html
Major Lazer,Believer,1,0,194,16120,16120,Spotify MY Weekly Chart,https://kworb.net/spotify/country/my_weekly_totals.html
GARETH FERNANDEZ,Bit of Your Love,1,0,168,16116,16116,Spotify MY Weekly Chart,https://kworb.net/spotify/country/my_weekly_totals.html
Arunraja Kamaraj,Neruppu Da,1,0,163,16061,16061,Spotify MY Weekly Chart,https://kworb.net/spotify/country/my_weekly_totals.html
Yuna,All I Do,1,0,172,16010,16010,Spotify MY Weekly Chart,https://kworb.net/spotify/country/my_weekly_totals.html
Dark Waves,I Don't Wanna Be In Love,2,0,94,8428,15952,Spotify MY Weekly Chart,https://kworb.net/spotify/country/my_weekly_totals.html
Ester Dean,Crazy Youngsters,3,0,117,7014,15831,Spotify MY Weekly Chart,https://kworb.net/spotify/country/my_weekly_totals.html
Tiffany Young,Heartbreak Hotel,1,0,173,15794,15794,Spotify MY Weekly Chart,https://kworb.net/spotify/country/my_weekly_totals.html
Justin Timberlake,Take Back the Night,7,0,38,2461,15726,Spotify MY Weekly Chart,https://kworb.net/spotify/country/my_weekly_totals.html
ZAYN,rEaR vIeW,1,0,140,15676,15676,Spotify MY Weekly Chart,https://kworb.net/spotify/country/my_weekly_totals.html
Lukas Graham,Drunk In The Morning,1,0,143,15293,15293,Spotify MY Weekly Chart,https://kworb.net/spotify/country/my_weekly_totals.html
EXO,Artificial Love,1,0,183,15279,15279,Spotify MY Weekly Chart,https://kworb.net/spotify/country/my_weekly_totals.html
Kina Grannis,Chandelier,7,0,183,5401,15261,Spotify MY Weekly Chart,https://kworb.net/spotify/country/my_weekly_totals.html
Halsey,Castle - The Huntsman: Winter’s War Version,1,0,158,15252,15252,Spotify MY Weekly Chart,https://kworb.net/spotify/country/my_weekly_totals.html
Ariana Grande,Greedy,1,0,186,15236,15236,Spotify MY Weekly Chart,https://kworb.net/spotify/country/my_weekly_totals.html
iKON,#WYD,1,0,194,14939,14939,Spotify MY Weekly Chart,https://kworb.net/spotify/country/my_weekly_totals.html
Ylvis,The Fox (What Does The Fox Say?),4,0,39,4362,14874,Spotify MY Weekly Chart,https://kworb.net/spotify/country/my_weekly_totals.html
Owl City,Verge,2,0,84,13262,14815,Spotify MY Weekly Chart,https://kworb.net/spotify/country/my_weekly_totals.html
The Avener,Fade Out Lines - The Avener Rework,2,0,89,8695,14805,Spotify MY Weekly Chart,https://kworb.net/spotify/country/my_weekly_totals.html
Gentle Bones,Geniuses & Thieves,1,0,166,14790,14790,Spotify MY Weekly Chart,https://kworb.net/spotify/country/my_weekly_totals.html
Jessie J,Sweet Talker,2,0,95,8419,14641,Spotify MY Weekly Chart,https://kworb.net/spotify/country/my_weekly_totals.html
Dierks Bentley,Say You Do,2,0,107,7926,14640,Spotify MY Weekly Chart,https://kworb.net/spotify/country/my_weekly_totals.html
Big Sean,I Don't F**k With You,2,0,97,9039,14631,Spotify MY Weekly Chart,https://kworb.net/spotify/country/my_weekly_totals.html
Amy Winehouse,"Valerie - Live At BBC Radio 1 Live Lounge, London / 2007",2,0,190,7409,14589,Spotify MY Weekly Chart,https://kworb.net/spotify/country/my_weekly_totals.html
G-Eazy,I Mean It,2,0,105,7514,14578,Spotify MY Weekly Chart,https://kworb.net/spotify/country/my_weekly_totals.html
Sara Bareilles,Brave,5,0,28,3754,14459,Spotify MY Weekly Chart,https://kworb.net/spotify/country/my_weekly_totals.html
Lana Del Rey,Video Games - Remastered,6,0,184,4284,14385,Spotify MY Weekly Chart,https://kworb.net/spotify/country/my_weekly_totals.html
Cam,Half Broke Heart,2,0,91,7305,14371,Spotify MY Weekly Chart,https://kworb.net/spotify/country/my_weekly_totals.html
Taylor Swift,We Are Never Ever Getting Back Together,6,0,41,4388,14370,Spotify MY Weekly Chart,https://kworb.net/spotify/country/my_weekly_totals.html
Tove Lo,Talking Body - Gryffin Remix,2,0,115,7846,14359,Spotify MY Weekly Chart,https://kworb.net/spotify/country/my_weekly_totals.html
Bea Miller,Young Blood,2,0,112,7414,14349,Spotify MY Weekly Chart,https://kworb.net/spotify/country/my_weekly_totals.html
Katy Perry,Firework,10,0,161,4063,14270,Spotify MY Weekly Chart,https://kworb.net/spotify/country/my_weekly_totals.html
Yuna,Rescue,2,0,47,9323,14263,Spotify MY Weekly Chart,https://kworb.net/spotify/country/my_weekly_totals.html
Drake,Hype,1,0,192,14206,14206,Spotify MY Weekly Chart,https://kworb.net/spotify/country/my_weekly_totals.html
Kid Ink,Hotel,2,0,97,8356,14098,Spotify MY Weekly Chart,https://kworb.net/spotify/country/my_weekly_totals.html
Kid Rock,First Kiss,2,0,112,8076,13994,Spotify MY Weekly Chart,https://kworb.net/spotify/country/my_weekly_totals.html
ZAYN,MiNd Of MiNdd (Intro),1,0,157,13956,13956,Spotify MY Weekly Chart,https://kworb.net/spotify/country/my_weekly_totals.html
Taylor Swift,Safe & Sound - from The Hunger Games Soundtrack,3,0,184,4869,13953,Spotify MY Weekly Chart,https://kworb.net/spotify/country/my_weekly_totals.html
Hozier,Work Song,2,0,94,7730,13940,Spotify MY Weekly Chart,https://kworb.net/spotify/country/my_weekly_totals.html
Lana Del Rey,Music To Watch Boys To,1,0,93,13879,13879,Spotify MY Weekly Chart,https://kworb.net/spotify/country/my_weekly_totals.html
Ludacris,Burning Bridges,2,0,113,7211,13833,Spotify MY Weekly Chart,https://kworb.net/spotify/country/my_weekly_totals.html
Eric Chou,以後別做朋友,1,0,199,13828,13828,Spotify MY Weekly Chart,https://kworb.net/spotify/country/my_weekly_totals.html
The 1975,Girls,1,0,50,13719,13719,Spotify MY Weekly Chart,https://kworb.net/spotify/country/my_weekly_totals.html
ZAYN,INTERMISSION: fLoWer,1,0,164,13561,13561,Spotify MY Weekly Chart,https://kworb.net/spotify/country/my_weekly_totals.html
Ella Henderson,Mirror Man,3,0,103,7120,13555,Spotify MY Weekly Chart,https://kworb.net/spotify/country/my_weekly_totals.html
Jez Dior,Parachutes,3,0,123,7193,13548,Spotify MY Weekly Chart,https://kworb.net/spotify/country/my_weekly_totals.html
ZAYN,TiO,1,0,165,13528,13528,Spotify MY Weekly Chart,https://kworb.net/spotify/country/my_weekly_totals.html
Us The Duo,Better Together,1,0,197,13521,13521,Spotify MY Weekly Chart,https://kworb.net/spotify/country/my_weekly_totals.html
ZAYN,BoRdErSz,1,0,168,13261,13261,Spotify MY Weekly Chart,https://kworb.net/spotify/country/my_weekly_totals.html
Kid Ink,Show Me,2,0,46,6757,13237,Spotify MY Weekly Chart,https://kworb.net/spotify/country/my_weekly_totals.html
Red Velvet,7월 7일 One Of These Nights,1,0,155,13166,13166,Spotify MY Weekly Chart,https://kworb.net/spotify/country/my_weekly_totals.html
Train,Wonder What You're Doing for the Rest of Your Life,1,0,50,13101,13101,Spotify MY Weekly Chart,https://kworb.net/spotify/country/my_weekly_totals.html
Elvis Presley,Blue Christmas,1,0,136,12921,12921,Spotify MY Weekly Chart,https://kworb.net/spotify/country/my_weekly_totals.html
Rixton,Wait On Me,3,0,168,4570,12728,Spotify MY Weekly Chart,https://kworb.net/spotify/country/my_weekly_totals.html
ZHU,Faded,3,0,179,4291,12687,Spotify MY Weekly Chart,https://kworb.net/spotify/country/my_weekly_totals.html
The Wanted,Walks Like Rihanna,5,0,32,2704,12684,Spotify MY Weekly Chart,https://kworb.net/spotify/country/my_weekly_totals.html
Drake,0 To 100 / The Catch Up,3,0,175,4340,12667,Spotify MY Weekly Chart,https://kworb.net/spotify/country/my_weekly_totals.html
Elle Varner,Birthday,3,0,166,6486,12656,Spotify MY Weekly Chart,https://kworb.net/spotify/country/my_weekly_totals.html
Avicii,The Nights - Avicii By Avicii,2,0,121,7219,12502,Spotify MY Weekly Chart,https://kworb.net/spotify/country/my_weekly_totals.html
Jack Ü,Take Ü There,2,0,132,6693,12434,Spotify MY Weekly Chart,https://kworb.net/spotify/country/my_weekly_totals.html
K. Michelle,Going Under,2,0,125,6252,12337,Spotify MY Weekly Chart,https://kworb.net/spotify/country/my_weekly_totals.html
One Direction,Fool's Gold,2,0,113,7161,12315,Spotify MY Weekly Chart,https://kworb.net/spotify/country/my_weekly_totals.html
Giorgio Moroder,Déjà vu,3,0,97,6635,12241,Spotify MY Weekly Chart,https://kworb.net/spotify/country/my_weekly_totals.html
Pentatonix,Winter Wonderland / Don't Worry Be Happy,2,0,115,7120,12227,Spotify MY Weekly Chart,https://kworb.net/spotify/country/my_weekly_totals.html
Lil Wayne,Love Me,5,0,29,2664,12182,Spotify MY Weekly Chart,https://kworb.net/spotify/country/my_weekly_totals.html
Michael Bublé,Blue Christmas,2,0,107,7707,12143,Spotify MY Weekly Chart,https://kworb.net/spotify/country/my_weekly_totals.html
Swedish House Mafia,Don't You Worry Child,4,0,14,5956,11980,Spotify MY Weekly Chart,https://kworb.net/spotify/country/my_weekly_totals.html
Blue Swede,Hooked on a Feeling,1,0,42,11967,11967,Spotify MY Weekly Chart,https://kworb.net/spotify/country/my_weekly_totals.html
WINNER,PRICKED (MINO & TAEHYUN),1,0,131,11917,11917,Spotify MY Weekly Chart,https://kworb.net/spotify/country/my_weekly_totals.html
Bunga Citra Lestari,Wanita Terbahagia,2,0,145,6359,11875,Spotify MY Weekly Chart,https://kworb.net/spotify/country/my_weekly_totals.html
Timeflies,Stuck With Me,1,0,106,11825,11825,Spotify MY Weekly Chart,https://kworb.net/spotify/country/my_weekly_totals.html
MOGUAI,Hold On,1,0,123,11734,11734,Spotify MY Weekly Chart,https://kworb.net/spotify/country/my_weekly_totals.html
Austin Mahone,Dirty Work,2,0,121,10469,11724,Spotify MY Weekly Chart,https://kworb.net/spotify/country/my_weekly_totals.html
T.I.,New National Anthem,2,0,107,7055,11700,Spotify MY Weekly Chart,https://kworb.net/spotify/country/my_weekly_totals.html
Pritam,"Warna Cinta (Gerua - Malay Version) [From ""Dilwale""]",1,0,149,11605,11605,Spotify MY Weekly Chart,https://kworb.net/spotify/country/my_weekly_totals.html
Sam Smith,I've Told You Now,2,0,116,7363,11573,Spotify MY Weekly Chart,https://kworb.net/spotify/country/my_weekly_totals.html
EXO,LIGHTSABER - Bonus Track,1,0,157,11565,11565,Spotify MY Weekly Chart,https://kworb.net/spotify/country/my_weekly_totals.html
Carrie Underwood,Something in the Water,2,0,113,6827,11367,Spotify MY Weekly Chart,https://kworb.net/spotify/country/my_weekly_totals.html
Coldplay,Birds,1,0,161,11331,11331,Spotify MY Weekly Chart,https://kworb.net/spotify/country/my_weekly_totals.html
Michael Bublé,Have Yourself a Merry Little Christmas,2,0,118,6853,11237,Spotify MY Weekly Chart,https://kworb.net/spotify/country/my_weekly_totals.html
B.o.B,John Doe,2,0,110,6907,11167,Spotify MY Weekly Chart,https://kworb.net/spotify/country/my_weekly_totals.html
5 Seconds of Summer,Broken Home,1,0,142,11087,11087,Spotify MY Weekly Chart,https://kworb.net/spotify/country/my_weekly_totals.html
Jay Chou,我要夏天,2,0,141,6305,11082,Spotify MY Weekly Chart,https://kworb.net/spotify/country/my_weekly_totals.html
Ariana Grande,December,1,0,165,10984,10984,Spotify MY Weekly Chart,https://kworb.net/spotify/country/my_weekly_totals.html
*NSYNC,"Merry Christmas, Happy Holidays",1,0,166,10956,10956,Spotify MY Weekly Chart,https://kworb.net/spotify/country/my_weekly_totals.html
Selena Gomez,Sober,1,0,142,10930,10930,Spotify MY Weekly Chart,https://kworb.net/spotify/country/my_weekly_totals.html
Harris J,Salam Alaikum,1,0,196,10823,10823,Spotify MY Weekly Chart,https://kworb.net/spotify/country/my_weekly_totals.html
One Direction,Girl Almighty,2,0,124,6455,10772,Spotify MY Weekly Chart,https://kworb.net/spotify/country/my_weekly_totals.html
Martin Garrix,Now That I've Found You,1,0,199,10662,10662,Spotify MY Weekly Chart,https://kworb.net/spotify/country/my_weekly_totals.html
Olly Alexander (Years & Years),Desire,1,0,150,10638,10638,Spotify MY Weekly Chart,https://kworb.net/spotify/country/my_weekly_totals.html
TAEYEON,UR,1,0,154,10587,10587,Spotify MY Weekly Chart,https://kworb.net/spotify/country/my_weekly_totals.html
Baauer,Harlem Shake,4,0,23,3053,10563,Spotify MY Weekly Chart,https://kworb.net/spotify/country/my_weekly_totals.html
Hudson Thames,How I Want Ya,1,0,138,10485,10485,Spotify MY Weekly Chart,https://kworb.net/spotify/country/my_weekly_totals.html
iKON,AIRPLANE,1,0,156,10435,10435,Spotify MY Weekly Chart,https://kworb.net/spotify/country/my_weekly_totals.html
TAEYEON,Gemini,1,0,148,10419,10419,Spotify MY Weekly Chart,https://kworb.net/spotify/country/my_weekly_totals.html
Carly Rae Jepsen,Emotion,1,0,130,10406,10406,Spotify MY Weekly Chart,https://kworb.net/spotify/country/my_weekly_totals.html
5 Seconds of Summer,Money,1,0,142,10389,10389,Spotify MY Weekly Chart,https://kworb.net/spotify/country/my_weekly_totals.html
Christina Aguilera,Have Yourself a Merry Little Christmas,1,0,181,10334,10334,Spotify MY Weekly Chart,https://kworb.net/spotify/country/my_weekly_totals.html
The Weeknd,Acquainted,1,0,132,10267,10267,Spotify MY Weekly Chart,https://kworb.net/spotify/country/my_weekly_totals.html
Troye Sivan,EASE,1,0,139,10254,10254,Spotify MY Weekly Chart,https://kworb.net/spotify/country/my_weekly_totals.html
Girls' Generation-TTS,Dear Santa,1,0,186,10245,10245,Spotify MY Weekly Chart,https://kworb.net/spotify/country/my_weekly_totals.html
YOO YOUNG JIN,Tell Me (What Is Love),1,0,186,10169,10169,Spotify MY Weekly Chart,https://kworb.net/spotify/country/my_weekly_totals.html
Jana Kramer,I Got The Boy,1,0,167,10132,10132,Spotify MY Weekly Chart,https://kworb.net/spotify/country/my_weekly_totals.html
KDA,Turn The Music Louder (Rumble),1,0,168,10124,10124,Spotify MY Weekly Chart,https://kworb.net/spotify/country/my_weekly_totals.html
Troye Sivan,for him.,1,0,190,10120,10120,Spotify MY Weekly Chart,https://kworb.net/spotify/country/my_weekly_totals.html
Betty Who,Somebody Loves You,2,0,150,5422,10096,Spotify MY Weekly Chart,https://kworb.net/spotify/country/my_weekly_totals.html
5 Seconds of Summer,Waste The Night,1,0,165,10086,10086,Spotify MY Weekly Chart,https://kworb.net/spotify/country/my_weekly_totals.html
Meghan Trainor,Better When I'm Dancin',1,0,175,10066,10066,Spotify MY Weekly Chart,https://kworb.net/spotify/country/my_weekly_totals.html
Birdy,Keeping Your Head Up,1,0,185,10049,10049,Spotify MY Weekly Chart,https://kworb.net/spotify/country/my_weekly_totals.html
Avicii,Dear Boy,4,0,39,2617,10046,Spotify MY Weekly Chart,https://kworb.net/spotify/country/my_weekly_totals.html
Benny Dayal,Premika,1,0,186,10012,10012,Spotify MY Weekly Chart,https://kworb.net/spotify/country/my_weekly_totals.html
5 Seconds of Summer,Vapor,1,0,171,10009,10009,Spotify MY Weekly Chart,https://kworb.net/spotify/country/my_weekly_totals.html
Troye Sivan,BITE,1,0,147,10009,10009,Spotify MY Weekly Chart,https://kworb.net/spotify/country/my_weekly_totals.html
Joe Flizzow,Baek,2,0,183,5073,9913,Spotify MY Weekly Chart,https://kworb.net/spotify/country/my_weekly_totals.html
Jamie Lawson,Wasn't Expecting That,1,0,183,9787,9787,Spotify MY Weekly Chart,https://kworb.net/spotify/country/my_weekly_totals.html
Aiman,Bunga Dhia,2,0,130,6410,9725,Spotify MY Weekly Chart,https://kworb.net/spotify/country/my_weekly_totals.html
Ella Henderson,Hard Work,1,0,84,9710,9710,Spotify MY Weekly Chart,https://kworb.net/spotify/country/my_weekly_totals.html
Haley Reinhart,Can't Help Falling in Love,1,0,179,9680,9680,Spotify MY Weekly Chart,https://kworb.net/spotify/country/my_weekly_totals.html
Wings,Ingat Kan Dia,1,0,198,9654,9654,Spotify MY Weekly Chart,https://kworb.net/spotify/country/my_weekly_totals.html
Salt-N-Pepa,Shoop,1,0,191,9630,9630,Spotify MY Weekly Chart,https://kworb.net/spotify/country/my_weekly_totals.html
Ellie Goulding,Army,1,0,183,9532,9532,Spotify MY Weekly Chart,https://kworb.net/spotify/country/my_weekly_totals.html
Paperplane Pursuit,Who's Gonna Stop Me?!,1,0,193,9518,9518,Spotify MY Weekly Chart,https://kworb.net/spotify/country/my_weekly_totals.html
Martin Garrix,Poison,1,0,185,9514,9514,Spotify MY Weekly Chart,https://kworb.net/spotify/country/my_weekly_totals.html
Calvin Harris,Drinking from the Bottle,4,0,32,2549,9505,Spotify MY Weekly Chart,https://kworb.net/spotify/country/my_weekly_totals.html
Maroon 5,My Heart Is Open,2,0,169,5348,9497,Spotify MY Weekly Chart,https://kworb.net/spotify/country/my_weekly_totals.html
RESH,Half The Man,1,0,199,9482,9482,Spotify MY Weekly Chart,https://kworb.net/spotify/country/my_weekly_totals.html
One Direction,Spaces,2,0,162,5156,9479,Spotify MY Weekly Chart,https://kworb.net/spotify/country/my_weekly_totals.html
5 Seconds of Summer,Catch Fire,1,0,185,9473,9473,Spotify MY Weekly Chart,https://kworb.net/spotify/country/my_weekly_totals.html
The Sam Willows,Rest of Your Life,1,0,193,9362,9362,Spotify MY Weekly Chart,https://kworb.net/spotify/country/my_weekly_totals.html
B.o.B,Love Life,1,0,141,9328,9328,Spotify MY Weekly Chart,https://kworb.net/spotify/country/my_weekly_totals.html
Selena Gomez,Revival,1,0,184,9321,9321,Spotify MY Weekly Chart,https://kworb.net/spotify/country/my_weekly_totals.html
Jennifer Lopez,Booty,2,0,150,5069,9315,Spotify MY Weekly Chart,https://kworb.net/spotify/country/my_weekly_totals.html
5 Seconds of Summer,Castaway,1,0,195,9275,9275,Spotify MY Weekly Chart,https://kworb.net/spotify/country/my_weekly_totals.html
Mr. Probz,Waves feat. Chris Brown & T.I - Robin Schulz Remix,1,0,81,9225,9225,Spotify MY Weekly Chart,https://kworb.net/spotify/country/my_weekly_totals.html
Innuendo,Belaian Jiwa,1,0,168,9209,9209,Spotify MY Weekly Chart,https://kworb.net/spotify/country/my_weekly_totals.html
Frances,Let It Out,1,0,200,9179,9179,Spotify MY Weekly Chart,https://kworb.net/spotify/country/my_weekly_totals.html
Bunkface,Malam Ini Kita Punya,1,0,200,9161,9161,Spotify MY Weekly Chart,https://kworb.net/spotify/country/my_weekly_totals.html
The 1975,Love Me,1,0,192,9139,9139,Spotify MY Weekly Chart,https://kworb.net/spotify/country/my_weekly_totals.html
Daniela Andrade,Crazy in Love,7,0,191,2275,9025,Spotify MY Weekly Chart,https://kworb.net/spotify/country/my_weekly_totals.html
Drake,Legend,2,0,173,4553,9016,Spotify MY Weekly Chart,https://kworb.net/spotify/country/my_weekly_totals.html
Lights,Banner - Acoustic Version,2,0,188,4498,8976,Spotify MY Weekly Chart,https://kworb.net/spotify/country/my_weekly_totals.html
TAEYEON,Stress,1,0,198,8958,8958,Spotify MY Weekly Chart,https://kworb.net/spotify/country/my_weekly_totals.html
Hearts & Colors,Fireflies,4,0,189,3309,8932,Spotify MY Weekly Chart,https://kworb.net/spotify/country/my_weekly_totals.html
Tinashe,2 On,2,0,162,4813,8861,Spotify MY Weekly Chart,https://kworb.net/spotify/country/my_weekly_totals.html
SoMo,Bad Chick,1,0,187,8845,8845,Spotify MY Weekly Chart,https://kworb.net/spotify/country/my_weekly_totals.html
Snoop Dogg,Winter Wonderland / Here Comes Santa Claus,2,0,144,4434,8778,Spotify MY Weekly Chart,https://kworb.net/spotify/country/my_weekly_totals.html
Sara Bareilles,I Choose You,2,0,197,4403,8744,Spotify MY Weekly Chart,https://kworb.net/spotify/country/my_weekly_totals.html
Chris Brown,New Flame,2,0,171,4573,8659,Spotify MY Weekly Chart,https://kworb.net/spotify/country/my_weekly_totals.html
G.E.M.,泡沫,2,0,196,4367,8654,Spotify MY Weekly Chart,https://kworb.net/spotify/country/my_weekly_totals.html
Mumford & Sons,I Will Wait,4,0,33,2249,8550,Spotify MY Weekly Chart,https://kworb.net/spotify/country/my_weekly_totals.html
SLEEQ,Tepi Sikit,2,0,183,4577,8506,Spotify MY Weekly Chart,https://kworb.net/spotify/country/my_weekly_totals.html
One Direction,One Way or Another (Teenage Kicks),4,0,34,2391,8431,Spotify MY Weekly Chart,https://kworb.net/spotify/country/my_weekly_totals.html
Chris Brown,Zero,1,0,196,8404,8404,Spotify MY Weekly Chart,https://kworb.net/spotify/country/my_weekly_totals.html
Kaya Stewart,In Love With a Boy,2,0,136,6983,8306,Spotify MY Weekly Chart,https://kworb.net/spotify/country/my_weekly_totals.html
Gotye,Somebody That I Used To Know,2,0,184,4191,8293,Spotify MY Weekly Chart,https://kworb.net/spotify/country/my_weekly_totals.html
Galantis,In My Head,4,0,198,2626,8221,Spotify MY Weekly Chart,https://kworb.net/spotify/country/my_weekly_totals.html
Less Is More,Cool Kids/Riptide (Originally Performed by Echosmith and Vance Joy),7,0,182,1506,8221,Spotify MY Weekly Chart,https://kworb.net/spotify/country/my_weekly_totals.html
Daft Punk,Lose Yourself to Dance,3,0,39,2768,8158,Spotify MY Weekly Chart,https://kworb.net/spotify/country/my_weekly_totals.html
The Weeknd,Tell Your Friends,1,0,177,8060,8060,Spotify MY Weekly Chart,https://kworb.net/spotify/country/my_weekly_totals.html
Cash Cash,Devil,1,0,176,8040,8040,Spotify MY Weekly Chart,https://kworb.net/spotify/country/my_weekly_totals.html
Sam Hunt,Take Your Time,1,0,106,7969,7969,Spotify MY Weekly Chart,https://kworb.net/spotify/country/my_weekly_totals.html
Jack Johnson,Better Together,4,0,144,4559,7949,Spotify MY Weekly Chart,https://kworb.net/spotify/country/my_weekly_totals.html
RAC,Back of the Car,3,0,190,4065,7858,Spotify MY Weekly Chart,https://kworb.net/spotify/country/my_weekly_totals.html
Icona Pop,All Night,2,0,46,4198,7820,Spotify MY Weekly Chart,https://kworb.net/spotify/country/my_weekly_totals.html
The Weeknd,Prisoner,1,0,190,7735,7735,Spotify MY Weekly Chart,https://kworb.net/spotify/country/my_weekly_totals.html
One Direction,Little Things,4,0,40,2221,7690,Spotify MY Weekly Chart,https://kworb.net/spotify/country/my_weekly_totals.html
Skylar Grey,I Will Return,1,0,96,7621,7621,Spotify MY Weekly Chart,https://kworb.net/spotify/country/my_weekly_totals.html
Justin Bieber,Heartbreaker,3,0,37,2703,7506,Spotify MY Weekly Chart,https://kworb.net/spotify/country/my_weekly_totals.html
DJ Khaled,Hold You Down,1,0,111,7457,7457,Spotify MY Weekly Chart,https://kworb.net/spotify/country/my_weekly_totals.html
Straight No Chaser,Text Me Merry Christmas,1,0,110,7294,7294,Spotify MY Weekly Chart,https://kworb.net/spotify/country/my_weekly_totals.html
AFROJACK,SummerThing!,1,0,198,7280,7280,Spotify MY Weekly Chart,https://kworb.net/spotify/country/my_weekly_totals.html
Mike Posner,Not That Simple,1,0,199,7249,7249,Spotify MY Weekly Chart,https://kworb.net/spotify/country/my_weekly_totals.html
POWERS,Beat of My Drum,5,0,200,2691,7042,Spotify MY Weekly Chart,https://kworb.net/spotify/country/my_weekly_totals.html
Ella Eyre,If I Go,1,0,125,7007,7007,Spotify MY Weekly Chart,https://kworb.net/spotify/country/my_weekly_totals.html
J. Cole,No Role Modelz,1,0,117,7003,7003,Spotify MY Weekly Chart,https://kworb.net/spotify/country/my_weekly_totals.html
Krewella,Alive,3,0,44,2563,7001,Spotify MY Weekly Chart,https://kworb.net/spotify/country/my_weekly_totals.html
Pell,Runaway,1,0,92,6934,6934,Spotify MY Weekly Chart,https://kworb.net/spotify/country/my_weekly_totals.html
Phoebe Ryan,Ignition / Do You... (Mashup),1,0,93,6889,6889,Spotify MY Weekly Chart,https://kworb.net/spotify/country/my_weekly_totals.html
Thomas Rhett,Crash and Burn,3,0,149,3408,6845,Spotify MY Weekly Chart,https://kworb.net/spotify/country/my_weekly_totals.html
Ella Eyre,Comeback,1,0,118,6799,6799,Spotify MY Weekly Chart,https://kworb.net/spotify/country/my_weekly_totals.html
Kacey Musgraves,Somebody To Love,2,0,172,5502,6647,Spotify MY Weekly Chart,https://kworb.net/spotify/country/my_weekly_totals.html
Bruno Mars,Grenade - Acoustic,5,0,190,2283,6623,Spotify MY Weekly Chart,https://kworb.net/spotify/country/my_weekly_totals.html
Justin Timberlake,Pusher Love Girl,3,0,30,2414,6593,Spotify MY Weekly Chart,https://kworb.net/spotify/country/my_weekly_totals.html
Kendrick Lamar,King Kunta,1,0,110,6554,6554,Spotify MY Weekly Chart,https://kworb.net/spotify/country/my_weekly_totals.html
Syd Youth,Mess Around,1,0,98,6510,6510,Spotify MY Weekly Chart,https://kworb.net/spotify/country/my_weekly_totals.html
Joe Flizzow,Havoc,2,0,40,3258,6400,Spotify MY Weekly Chart,https://kworb.net/spotify/country/my_weekly_totals.html
TobyMac,Beyond Me,1,0,133,6339,6339,Spotify MY Weekly Chart,https://kworb.net/spotify/country/my_weekly_totals.html
Chris Brown,This Christmas,1,0,129,6333,6333,Spotify MY Weekly Chart,https://kworb.net/spotify/country/my_weekly_totals.html
Brenda Lee,Rockin' Around the Christmas Tree - Rerecorded Version,1,0,132,6224,6224,Spotify MY Weekly Chart,https://kworb.net/spotify/country/my_weekly_totals.html
Ariana Grande,Last Christmas,1,0,134,6144,6144,Spotify MY Weekly Chart,https://kworb.net/spotify/country/my_weekly_totals.html
Dark Waves,The Heartbeat The Soul,1,0,133,5841,5841,Spotify MY Weekly Chart,https://kworb.net/spotify/country/my_weekly_totals.html
Mariah Carey,Infinity,2,0,124,3262,5834,Spotify MY Weekly Chart,https://kworb.net/spotify/country/my_weekly_totals.html
Iggy Azalea,Iggy SZN,1,0,136,5806,5806,Spotify MY Weekly Chart,https://kworb.net/spotify/country/my_weekly_totals.html
Jay Chou,竊愛,1,0,147,5786,5786,Spotify MY Weekly Chart,https://kworb.net/spotify/country/my_weekly_totals.html
Jay Chou,陽明山,1,0,148,5785,5785,Spotify MY Weekly Chart,https://kworb.net/spotify/country/my_weekly_totals.html
Bruno Mars,Just the Way You Are - Remastered,1,0,154,5771,5771,Spotify MY Weekly Chart,https://kworb.net/spotify/country/my_weekly_totals.html
LunchMoney Lewis,Bills,2,0,150,4641,5685,Spotify MY Weekly Chart,https://kworb.net/spotify/country/my_weekly_totals.html
Gardiner Sisters,Home/Dirty Paws,2,0,192,4453,5648,Spotify MY Weekly Chart,https://kworb.net/spotify/country/my_weekly_totals.html
Catey Shaw,Cuddle Up,1,0,147,5644,5644,Spotify MY Weekly Chart,https://kworb.net/spotify/country/my_weekly_totals.html
Jay Chou,一口氣全唸對,1,0,154,5618,5618,Spotify MY Weekly Chart,https://kworb.net/spotify/country/my_weekly_totals.html
Sam Smith,Life Support,1,0,160,5603,5603,Spotify MY Weekly Chart,https://kworb.net/spotify/country/my_weekly_totals.html
Christina Perri,merry christmas darling,1,0,150,5550,5550,Spotify MY Weekly Chart,https://kworb.net/spotify/country/my_weekly_totals.html
Rihanna,Bitch Better Have My Money,3,0,190,3375,5527,Spotify MY Weekly Chart,https://kworb.net/spotify/country/my_weekly_totals.html
Seth MacFarlane,"Baby, It's Cold Outside",1,0,155,5396,5396,Spotify MY Weekly Chart,https://kworb.net/spotify/country/my_weekly_totals.html
Calvin Harris,We'll Be Coming Back,3,0,43,1948,5380,Spotify MY Weekly Chart,https://kworb.net/spotify/country/my_weekly_totals.html
Big Data,Clean,1,0,108,5353,5353,Spotify MY Weekly Chart,https://kworb.net/spotify/country/my_weekly_totals.html
Iggy Azalea,Trouble,3,0,141,2902,5337,Spotify MY Weekly Chart,https://kworb.net/spotify/country/my_weekly_totals.html
Megan Davies,"See You Again, Love Me Like You Do, Sugar - Acoustic Mashup",3,0,209,2764,5304,Spotify MY Weekly Chart,https://kworb.net/spotify/country/my_weekly_totals.html
Martin Garrix,Animals - Original Mix,2,0,42,2651,5273,Spotify MY Weekly Chart,https://kworb.net/spotify/country/my_weekly_totals.html
Coldplay,Miracles,1,0,164,5238,5238,Spotify MY Weekly Chart,https://kworb.net/spotify/country/my_weekly_totals.html
Iron & Wine,Naked As We Came,4,0,169,2050,5220,Spotify MY Weekly Chart,https://kworb.net/spotify/country/my_weekly_totals.html
Michael Bublé,Christmas (Baby Please Come Home),1,0,169,5199,5199,Spotify MY Weekly Chart,https://kworb.net/spotify/country/my_weekly_totals.html
Sam Smith,Good Thing,1,0,183,5073,5073,Spotify MY Weekly Chart,https://kworb.net/spotify/country/my_weekly_totals.html
Syd Youth,Smoke n' mirrors,1,0,106,5061,5061,Spotify MY Weekly Chart,https://kworb.net/spotify/country/my_weekly_totals.html
Jason Mraz,Winter Wonderland,1,0,180,5042,5042,Spotify MY Weekly Chart,https://kworb.net/spotify/country/my_weekly_totals.html
Maroon 5,Happy Christmas (War Is Over),1,0,182,5033,5033,Spotify MY Weekly Chart,https://kworb.net/spotify/country/my_weekly_totals.html
Sam Smith,Make It To Me,1,0,185,5002,5002,Spotify MY Weekly Chart,https://kworb.net/spotify/country/my_weekly_totals.html
Sam Smith,Restart,1,0,186,4993,4993,Spotify MY Weekly Chart,https://kworb.net/spotify/country/my_weekly_totals.html
Michael Bublé,Santa Baby,1,0,185,4963,4963,Spotify MY Weekly Chart,https://kworb.net/spotify/country/my_weekly_totals.html
Aman,Without You,1,0,162,4944,4944,Spotify MY Weekly Chart,https://kworb.net/spotify/country/my_weekly_totals.html
Diana Krall,Jingle Bells,1,0,189,4895,4895,Spotify MY Weekly Chart,https://kworb.net/spotify/country/my_weekly_totals.html
Kristal,Pasti Sempurna,1,0,169,4816,4816,Spotify MY Weekly Chart,https://kworb.net/spotify/country/my_weekly_totals.html
Mary J. Blige,Do You Hear What I Hear?,1,0,193,4795,4795,Spotify MY Weekly Chart,https://kworb.net/spotify/country/my_weekly_totals.html
fun.,Sleigh Ride,1,0,195,4779,4779,Spotify MY Weekly Chart,https://kworb.net/spotify/country/my_weekly_totals.html
One Direction,Change Your Ticket,1,0,174,4768,4768,Spotify MY Weekly Chart,https://kworb.net/spotify/country/my_weekly_totals.html
Maroon 5,Leaving California,1,0,187,4712,4712,Spotify MY Weekly Chart,https://kworb.net/spotify/country/my_weekly_totals.html
Jennifer Lopez,Live It Up,2,0,48,2353,4682,Spotify MY Weekly Chart,https://kworb.net/spotify/country/my_weekly_totals.html
Jacky Cheung,用餘生去愛,1,0,165,4660,4660,Spotify MY Weekly Chart,https://kworb.net/spotify/country/my_weekly_totals.html
Klangkarussell,Netzwerk (Falls Like Rain),1,0,179,4613,4613,Spotify MY Weekly Chart,https://kworb.net/spotify/country/my_weekly_totals.html
Steve Angello,Children Of The Wild,3,0,216,2220,4547,Spotify MY Weekly Chart,https://kworb.net/spotify/country/my_weekly_totals.html
One Direction,Act My Age,1,0,185,4536,4536,Spotify MY Weekly Chart,https://kworb.net/spotify/country/my_weekly_totals.html
Britney Spears,"Ooh La La (from ""The Smurfs 2"")",2,0,44,2355,4497,Spotify MY Weekly Chart,https://kworb.net/spotify/country/my_weekly_totals.html
Fynn Jamal,Terbang Tunduk,1,0,189,4456,4456,Spotify MY Weekly Chart,https://kworb.net/spotify/country/my_weekly_totals.html
Kid Ink,Be Real,4,0,196,1185,4448,Spotify MY Weekly Chart,https://kworb.net/spotify/country/my_weekly_totals.html
Life of Dillon,Overload,1,0,135,4446,4446,Spotify MY Weekly Chart,https://kworb.net/spotify/country/my_weekly_totals.html
One Direction,Clouds,1,0,189,4421,4421,Spotify MY Weekly Chart,https://kworb.net/spotify/country/my_weekly_totals.html
One Direction,Once in a Lifetime,1,0,193,4381,4381,Spotify MY Weekly Chart,https://kworb.net/spotify/country/my_weekly_totals.html
Kendrick Lamar,These Walls,1,0,118,4337,4337,Spotify MY Weekly Chart,https://kworb.net/spotify/country/my_weekly_totals.html
Rebel Wilson,We Belong,3,0,178,1577,4309,Spotify MY Weekly Chart,https://kworb.net/spotify/country/my_weekly_totals.html
One Direction,Illusion,1,0,197,4285,4285,Spotify MY Weekly Chart,https://kworb.net/spotify/country/my_weekly_totals.html
Mat Kearney,Heartbeat,1,0,190,4282,4282,Spotify MY Weekly Chart,https://kworb.net/spotify/country/my_weekly_totals.html
Norah Jones,Don't Know Why,4,0,187,1106,4232,Spotify MY Weekly Chart,https://kworb.net/spotify/country/my_weekly_totals.html
Nicki Minaj,Pills N Potions,1,0,120,4231,4231,Spotify MY Weekly Chart,https://kworb.net/spotify/country/my_weekly_totals.html
Firman Bansir,Di Pintumu,1,0,194,4214,4214,Spotify MY Weekly Chart,https://kworb.net/spotify/country/my_weekly_totals.html
Jasmine Thompson,Thinking out Loud,4,0,210,1135,4168,Spotify MY Weekly Chart,https://kworb.net/spotify/country/my_weekly_totals.html
Drake,Know Yourself,1,0,189,4056,4056,Spotify MY Weekly Chart,https://kworb.net/spotify/country/my_weekly_totals.html
Little Big Town,Girl Crush,1,0,172,3961,3961,Spotify MY Weekly Chart,https://kworb.net/spotify/country/my_weekly_totals.html
Bruno Mars,Gorilla,1,0,49,3833,3833,Spotify MY Weekly Chart,https://kworb.net/spotify/country/my_weekly_totals.html
Ludacris,Good Lovin,1,0,121,3808,3808,Spotify MY Weekly Chart,https://kworb.net/spotify/country/my_weekly_totals.html
The Barden Bellas,Back To Basics,2,0,162,2693,3696,Spotify MY Weekly Chart,https://kworb.net/spotify/country/my_weekly_totals.html
Britney Spears,...Baby One More Time,3,0,226,1271,3669,Spotify MY Weekly Chart,https://kworb.net/spotify/country/my_weekly_totals.html
Ed Sheeran,Bloodstream,1,0,123,3643,3643,Spotify MY Weekly Chart,https://kworb.net/spotify/country/my_weekly_totals.html
Spice Girls,Wannabe,3,0,224,1324,3489,Spotify MY Weekly Chart,https://kworb.net/spotify/country/my_weekly_totals.html
Jamie xx,I Know There's Gonna Be (Good Times),3,0,221,1308,3415,Spotify MY Weekly Chart,https://kworb.net/spotify/country/my_weekly_totals.html
Hilary Duff,My Kind,2,0,206,2138,3384,Spotify MY Weekly Chart,https://kworb.net/spotify/country/my_weekly_totals.html
Alicia Keys,Girl On Fire,2,0,47,1700,3327,Spotify MY Weekly Chart,https://kworb.net/spotify/country/my_weekly_totals.html
Carly Rae Jepsen,All That,3,0,139,1134,3296,Spotify MY Weekly Chart,https://kworb.net/spotify/country/my_weekly_totals.html
Edward Sharpe & The Magnetic Zeros,Home,2,0,163,2236,3274,Spotify MY Weekly Chart,https://kworb.net/spotify/country/my_weekly_totals.html
Craig Cardiff,Dirty Old Town,3,0,195,1098,3159,Spotify MY Weekly Chart,https://kworb.net/spotify/country/my_weekly_totals.html
Ramlah Ram,Cahaya Aidilfitri,1,0,175,2923,2923,Spotify MY Weekly Chart,https://kworb.net/spotify/country/my_weekly_totals.html
Sevyn Streeter,How Bad Do You Want It (Oh Yeah),2,0,153,1602,2780,Spotify MY Weekly Chart,https://kworb.net/spotify/country/my_weekly_totals.html
Sudirman,Selamat Hari Raya,1,0,182,2755,2755,Spotify MY Weekly Chart,https://kworb.net/spotify/country/my_weekly_totals.html
Pentatonix,Any Way You Want It (World Championship Medley),2,0,175,1641,2735,Spotify MY Weekly Chart,https://kworb.net/spotify/country/my_weekly_totals.html
La+ch,Tastey,1,0,175,2693,2693,Spotify MY Weekly Chart,https://kworb.net/spotify/country/my_weekly_totals.html
One Direction,Diana,1,0,45,2681,2681,Spotify MY Weekly Chart,https://kworb.net/spotify/country/my_weekly_totals.html
Kacey Musgraves,Biscuits,2,0,212,1481,2570,Spotify MY Weekly Chart,https://kworb.net/spotify/country/my_weekly_totals.html
Chris Brown,Love More,1,0,50,2569,2569,Spotify MY Weekly Chart,https://kworb.net/spotify/country/my_weekly_totals.html
One Direction,Midnight Memories,1,0,50,2522,2522,Spotify MY Weekly Chart,https://kworb.net/spotify/country/my_weekly_totals.html
OneRepublic,Something I Need,1,0,47,2433,2433,Spotify MY Weekly Chart,https://kworb.net/spotify/country/my_weekly_totals.html
Kid Ink,Ride Out,2,0,143,1262,2417,Spotify MY Weekly Chart,https://kworb.net/spotify/country/my_weekly_totals.html
G.E.M.,多遠都要在一起,2,0,181,1280,2356,Spotify MY Weekly Chart,https://kworb.net/spotify/country/my_weekly_totals.html
MKTO,Thank You,1,0,45,2296,2296,Spotify MY Weekly Chart,https://kworb.net/spotify/country/my_weekly_totals.html
Big Sean,Blessings,2,0,232,1123,2226,Spotify MY Weekly Chart,https://kworb.net/spotify/country/my_weekly_totals.html
Ed Sheeran,Nina,1,0,129,2225,2225,Spotify MY Weekly Chart,https://kworb.net/spotify/country/my_weekly_totals.html
filous,How Hard I Try,2,0,235,1087,2169,Spotify MY Weekly Chart,https://kworb.net/spotify/country/my_weekly_totals.html
Zedd,Addicted To A Memory,2,0,143,1088,2154,Spotify MY Weekly Chart,https://kworb.net/spotify/country/my_weekly_totals.html
Kelly Clarkson,People Like Us,1,0,49,2149,2149,Spotify MY Weekly Chart,https://kworb.net/spotify/country/my_weekly_totals.html
Aerosmith,I Don't Want to Miss a Thing,2,0,207,1085,2100,Spotify MY Weekly Chart,https://kworb.net/spotify/country/my_weekly_totals.html
Twisted Measure,Chandelier,2,0,243,1058,2098,Spotify MY Weekly Chart,https://kworb.net/spotify/country/my_weekly_totals.html
Jouraminey,Freedom,1,0,44,2057,2057,Spotify MY Weekly Chart,https://kworb.net/spotify/country/my_weekly_totals.html
Demi Lovato,Made In The USA,1,0,46,2049,2049,Spotify MY Weekly Chart,https://kworb.net/spotify/country/my_weekly_totals.html
Bruno Mars,The Lazy Song,2,0,254,1014,2019,Spotify MY Weekly Chart,https://kworb.net/spotify/country/my_weekly_totals.html
Calvin Harris,Feel So Close,1,0,49,1769,1769,Spotify MY Weekly Chart,https://kworb.net/spotify/country/my_weekly_totals.html
Pitbull,Feel This Moment - Kassiano Club Mix,1,0,44,1683,1683,Spotify MY Weekly Chart,https://kworb.net/spotify/country/my_weekly_totals.html
Miguel,face the sun,1,0,222,1566,1566,Spotify MY Weekly Chart,https://kworb.net/spotify/country/my_weekly_totals.html
Lady A,Downtown,1,0,50,1477,1477,Spotify MY Weekly Chart,https://kworb.net/spotify/country/my_weekly_totals.html
Rihanna,We Found Love,1,0,215,1440,1440,Spotify MY Weekly Chart,https://kworb.net/spotify/country/my_weekly_totals.html
Natalie La Rose,Around The World,1,0,216,1417,1417,Spotify MY Weekly Chart,https://kworb.net/spotify/country/my_weekly_totals.html
Beyoncé,Single Ladies (Put a Ring on It),1,0,225,1384,1384,Spotify MY Weekly Chart,https://kworb.net/spotify/country/my_weekly_totals.html
Ayda Jebat,Siapa Diriku,1,0,229,1321,1321,Spotify MY Weekly Chart,https://kworb.net/spotify/country/my_weekly_totals.html
The Fray,You Found Me,1,0,230,1320,1320,Spotify MY Weekly Chart,https://kworb.net/spotify/country/my_weekly_totals.html
Rabbani,Takbir Raya,1,0,226,1303,1303,Spotify MY Weekly Chart,https://kworb.net/spotify/country/my_weekly_totals.html
Hearts & Colors,Steal My Girl,1,0,235,1301,1301,Spotify MY Weekly Chart,https://kworb.net/spotify/country/my_weekly_totals.html
Luke Bryan,Strip It Down,1,0,191,1299,1299,Spotify MY Weekly Chart,https://kworb.net/spotify/country/my_weekly_totals.html
Julia Sheer,Little Talks,1,0,234,1269,1269,Spotify MY Weekly Chart,https://kworb.net/spotify/country/my_weekly_totals.html
A-Mei Chang,靈魂盡頭 - 電影《小時代4:靈魂盡頭》主題曲,1,0,229,1242,1242,Spotify MY Weekly Chart,https://kworb.net/spotify/country/my_weekly_totals.html
EXO,약속 EXO 2014,1,0,181,1242,1242,Spotify MY Weekly Chart,https://kworb.net/spotify/country/my_weekly_totals.html
The All-American Rejects,Gives You Hell,1,0,238,1241,1241,Spotify MY Weekly Chart,https://kworb.net/spotify/country/my_weekly_totals.html
Cashmere Cat,Adore,1,0,142,1241,1241,Spotify MY Weekly Chart,https://kworb.net/spotify/country/my_weekly_totals.html
The Paper Kites,Bloom - Bonus Track,1,0,228,1231,1231,Spotify MY Weekly Chart,https://kworb.net/spotify/country/my_weekly_totals.html
Tom Petty,Free Fallin',1,0,184,1206,1206,Spotify MY Weekly Chart,https://kworb.net/spotify/country/my_weekly_totals.html
EXO,TENDER LOVE,1,0,185,1205,1205,Spotify MY Weekly Chart,https://kworb.net/spotify/country/my_weekly_totals.html
Black Eyed Peas,Boom Boom Pow,1,0,240,1200,1200,Spotify MY Weekly Chart,https://kworb.net/spotify/country/my_weekly_totals.html
Paul Simon,Me and Julio Down by the Schoolyard,1,0,179,1182,1182,Spotify MY Weekly Chart,https://kworb.net/spotify/country/my_weekly_totals.html
Domino Tributes,A Thousand Years,1,0,158,1182,1182,Spotify MY Weekly Chart,https://kworb.net/spotify/country/my_weekly_totals.html
Snoop Dogg,"Young, Wild & Free",1,0,238,1171,1171,Spotify MY Weekly Chart,https://kworb.net/spotify/country/my_weekly_totals.html
Kings of Leon,Use Somebody,1,0,244,1169,1169,Spotify MY Weekly Chart,https://kworb.net/spotify/country/my_weekly_totals.html
Incubus,Drive,1,0,181,1169,1169,Spotify MY Weekly Chart,https://kworb.net/spotify/country/my_weekly_totals.html
Kelly Clarkson,Because of You,1,0,251,1161,1161,Spotify MY Weekly Chart,https://kworb.net/spotify/country/my_weekly_totals.html
CHVRCHES,Leave A Trace,1,0,197,1156,1156,Spotify MY Weekly Chart,https://kworb.net/spotify/country/my_weekly_totals.html
Twenty One Pilots,Heavydirtysoul,1,0,188,1156,1156,Spotify MY Weekly Chart,https://kworb.net/spotify/country/my_weekly_totals.html
NoMBe,California Girls,1,0,135,1134,1134,Spotify MY Weekly Chart,https://kworb.net/spotify/country/my_weekly_totals.html
John Mayer,"Free Fallin' - Live at the Nokia Theatre, Los Angeles, CA - December 2007",1,0,254,1133,1133,Spotify MY Weekly Chart,https://kworb.net/spotify/country/my_weekly_totals.html
Justin Timberlake,SexyBack,1,0,190,1128,1128,Spotify MY Weekly Chart,https://kworb.net/spotify/country/my_weekly_totals.html
Taio Cruz,Do What You Like,1,0,162,1124,1124,Spotify MY Weekly Chart,https://kworb.net/spotify/country/my_weekly_totals.html
Alesso,Scars,1,0,186,1117,1117,Spotify MY Weekly Chart,https://kworb.net/spotify/country/my_weekly_totals.html
The Barden Bellas,Riff Off: Mickey/Like A Virgin/Hit Me With Your Best Shot/S&M/Let’s Talk About Sex/I’ll Make Love To You/Feels Like The First Time/No Diggity,1,0,196,1099,1099,Spotify MY Weekly Chart,https://kworb.net/spotify/country/my_weekly_totals.html
Katy Perry,Hot N Cold,1,0,257,1097,1097,Spotify MY Weekly Chart,https://kworb.net/spotify/country/my_weekly_totals.html
Maroon 5,This Love,1,0,259,1094,1094,Spotify MY Weekly Chart,https://kworb.net/spotify/country/my_weekly_totals.html
Shawn Mendes,Never Be Alone,1,0,168,1086,1086,Spotify MY Weekly Chart,https://kworb.net/spotify/country/my_weekly_totals.html
Junkie XL,Brothers In Arms,1,0,264,1086,1086,Spotify MY Weekly Chart,https://kworb.net/spotify/country/my_weekly_totals.html
Van Morrison,Brown Eyed Girl,1,0,197,1064,1064,Spotify MY Weekly Chart,https://kworb.net/spotify/country/my_weekly_totals.html
Martin Garrix,The Only Way Is Up,1,0,200,1062,1062,Spotify MY Weekly Chart,https://kworb.net/spotify/country/my_weekly_totals.html
Foals,What Went Down,1,0,241,1053,1053,Spotify MY Weekly Chart,https://kworb.net/spotify/country/my_weekly_totals.html
The Internet,Special Affair,1,0,263,1050,1050,Spotify MY Weekly Chart,https://kworb.net/spotify/country/my_weekly_totals.html
Kendrick Lamar,Wesley's Theory,1,0,149,1049,1049,Spotify MY Weekly Chart,https://kworb.net/spotify/country/my_weekly_totals.html
Jarryd James,Do You Remember,1,0,176,1048,1048,Spotify MY Weekly Chart,https://kworb.net/spotify/country/my_weekly_totals.html
Pentatonix,Daft Punk,1,0,206,1044,1044,Spotify MY Weekly Chart,https://kworb.net/spotify/country/my_weekly_totals.html
Betablock3r,In My Head,1,0,150,1036,1036,Spotify MY Weekly Chart,https://kworb.net/spotify/country/my_weekly_totals.html
Tink,Million,1,0,268,1035,1035,Spotify MY Weekly Chart,https://kworb.net/spotify/country/my_weekly_totals.html
Twenty One Pilots,Tear in My Heart,1,0,153,1033,1033,Spotify MY Weekly Chart,https://kworb.net/spotify/country/my_weekly_totals.html
Meek Mill,R.I.C.O.,1,0,233,1031,1031,Spotify MY Weekly Chart,https://kworb.net/spotify/country/my_weekly_totals.html
THE-DREAM,That's My Shit,1,0,180,1029,1029,Spotify MY Weekly Chart,https://kworb.net/spotify/country/my_weekly_totals.html
Anna Kendrick,Cups - Movie Version,1,0,212,1014,1014,Spotify MY Weekly Chart,https://kworb.net/spotify/country/my_weekly_totals.html
Christina Perri,Jar of Hearts,1,0,251,1008,1008,Spotify MY Weekly Chart,https://kworb.net/spotify/country/my_weekly_totals.html
Ronghao Li,不將就 - 電影《何以笙簫默》片尾曲,1,0,253,1006,1006,Spotify MY Weekly Chart,https://kworb.net/spotify/country/my_weekly_totals.html
Kuana Torres Kahele,Lava,1,0,238,1005,1005,Spotify MY Weekly Chart,https://kworb.net/spotify/country/my_weekly_totals.html
Muse,Psycho,1,0,155,1001,1001,Spotify MY Weekly Chart,https://kworb.net/spotify/country/my_weekly_totals.html
